Workbook

Sheet Main Menu
B2: TORCH & TORCHPlus Second Edition First Edition Scoring Templates
B4: This series of spreadsheets provide the templates required to enter ACER's TORCH & TORCHPlus (Tests of Reading Comprehension) results into the Student Performance Analyser (SPA). Click on the appropriate button (at right) to select the correct Test Booklet proforma to complete. Follow the instructions opposite. | H4: Step 1: Click on the appropriate button (at left) to select the correct Test Booklet proforma to complete. Step 2: For each student, enter the Date (when test was sat), Year Level, Home Group, Name, and Student ID (CASES No. or Student No.). Step 3: For each question, enter their response (their score will be calculated) OR enter their Raw Score OR enter their PAT Score. Step 4: Save and upload into SPA.
B40: Click here to find out more about other tests available from ACER | H40: Click here to find out more about the Student Performance Analyser

Sheet GrassHoppers
A1: TORCH - Grasshoppers
G3: QUESTION No. and ANSWER KEY (Enter the student's response - "Y" if correct, "N" if incorrect)
E4: Question Number | G4: 1 | H4: 2 | I4: 3 | J4: 4 | K4: 5 | L4: 6 | M4: 7 | N4: 8 | O4: 9 | P4: 10 | Q4: 11 | R4: 12 | S4: 13 | T4: 14 | U4: 15 | V4: 16 | W4: 17 | X4: 18 | Y4: 19
E5: Item Difficulty
E6: Skill Assessed
A8: Date (dd/mm/yy) | B8: Yr_Lev | C8: HG | D8: Surname | E8: First_Name | F8: Student_ID | G8: Y | H8: Y | I8: Y | J8: Y | K8: Y | L8: Y | M8: Y | N8: Y | O8: Y | P8: Y | Q8: Y | R8: Y | S8: Y | T8: Y | U8: Y | V8: Y | W8: Y | X8: Y | Y8: Y | Z8: Raw Score | AA8: TORCH Score
A9: 45356 | B9: 3 | C9: 3A | D9: Lname1 | E9: Fname1 | F9: XXXXX1 | Z9: =IF(D9="",0,COUNTIF(G9:Y9,"Y")) -> 0 | AA9: =IF(D9="","",VLOOKUP(Z9,TORCH_Tables!$A$3:$B$29,2,FALSE)) -> 1.6
A10: 45356 | B10: 3 | C10: 3A | D10: Lname2 | E10: Fname2 | F10: XXXXX2 | Z10: =IF(D10="",0,COUNTIF(G10:Y10,"Y")) -> 0 | AA10: =IF(D10="","",VLOOKUP(Z10,TORCH_Tables!$A$3:$B$29,2,FALSE)) -> 1.6
A11: 45356 | B11: 3 | C11: 3A | D11: Lname3 | E11: Fname3 | F11: XXXXX3 | Z11: =IF(D11="",0,COUNTIF(G11:Y11,"Y")) -> 0 | AA11: =IF(D11="","",VLOOKUP(Z11,TORCH_Tables!$A$3:$B$29,2,FALSE)) -> 1.6
A12: 45356 | B12: 3 | C12: 3A | D12: Lname4 | E12: Fname4 | F12: XXXXX4 | Z12: =IF(D12="",0,COUNTIF(G12:Y12,"Y")) -> 0 | AA12: =IF(D12="","",VLOOKUP(Z12,TORCH_Tables!$A$3:$B$29,2,FALSE)) -> 1.6
A13: 45356 | B13: 3 | C13: 3B | D13: ULname13 | E13: UFname13 | F13: UNLISTED | Z13: =IF(D13="",0,COUNTIF(G13:Y13,"Y")) -> 0 | AA13: =IF(D13="","",VLOOKUP(Z13,TORCH_Tables!$A$3:$B$29,2,FALSE)) -> 1.6
A14: 45356 | B14: 3 | C14: 3A | D14: Lname5 | E14: Fname5 | F14: XXXXX5 | Z14: =IF(D14="",0,COUNTIF(G14:Y14,"Y")) -> 0 | AA14: =IF(D14="","",VLOOKUP(Z14,TORCH_Tables!$A$3:$B$29,2,FALSE)) -> 1.6
A15: 45356 | B15: 3 | C15: 3B | D15: Lname6 | E15: Fname6 | F15: XXXXX6 | Z15: =IF(D15="",0,COUNTIF(G15:Y15,"Y")) -> 0 | AA15: =IF(D15="","",VLOOKUP(Z15,TORCH_Tables!$A$3:$B$29,2,FALSE)) -> 1.6
A16: 45356 | B16: 3 | C16: 3B | D16: Lname7 | E16: Fname7 | F16: XXXXX7 | Z16: =IF(D16="",0,COUNTIF(G16:Y16,"Y")) -> 0 | AA16: =IF(D16="","",VLOOKUP(Z16,TORCH_Tables!$A$3:$B$29,2,FALSE)) -> 1.6
A17: 45356 | B17: 3 | C17: 3B | D17: Lname8 | E17: Fname8 | F17: XXXXX8 | Z17: =IF(D17="",0,COUNTIF(G17:Y17,"Y")) -> 0 | AA17: =IF(D17="","",VLOOKUP(Z17,TORCH_Tables!$A$3:$B$29,2,FALSE)) -> 1.6
A18: 45356 | B18: 3 | C18: 3B | D18: Lname9 | E18: Fname9 | F18: XXXXX9 | Z18: =IF(D18="",0,COUNTIF(G18:Y18,"Y")) -> 0 | AA18: =IF(D18="","",VLOOKUP(Z18,TORCH_Tables!$A$3:$B$29,2,FALSE)) -> 1.6
A19: 45356 | B19: 3 | C19: 3B | D19: Lname10 | E19: Fname10 | F19: XXXXX10 | Z19: =IF(D19="",0,COUNTIF(G19:Y19,"Y")) -> 0 | AA19: =IF(D19="","",VLOOKUP(Z19,TORCH_Tables!$A$3:$B$29,2,FALSE)) -> 1.6
Z20: =IF(D20="",0,COUNTIF(G20:Y20,"Y")) -> 0 | AA20: =IF(D20="","",VLOOKUP(Z20,TORCH_Tables!$A$3:$B$29,2,FALSE))
Z21: =IF(D21="",0,COUNTIF(G21:Y21,"Y")) -> 0 | AA21: =IF(D21="","",VLOOKUP(Z21,TORCH_Tables!$A$3:$B$29,2,FALSE))
Z22: =IF(D22="",0,COUNTIF(G22:Y22,"Y")) -> 0 | AA22: =IF(D22="","",VLOOKUP(Z22,TORCH_Tables!$A$3:$B$29,2,FALSE))
Z23: =IF(D23="",0,COUNTIF(G23:Y23,"Y")) -> 0 | AA23: =IF(D23="","",VLOOKUP(Z23,TORCH_Tables!$A$3:$B$29,2,FALSE))
Z24: =IF(D24="",0,COUNTIF(G24:Y24,"Y")) -> 0 | AA24: =IF(D24="","",VLOOKUP(Z24,TORCH_Tables!$A$3:$B$29,2,FALSE))
Z25: =IF(D25="",0,COUNTIF(G25:Y25,"Y")) -> 0 | AA25: =IF(D25="","",VLOOKUP(Z25,TORCH_Tables!$A$3:$B$29,2,FALSE))
Z26: =IF(D26="",0,COUNTIF(G26:Y26,"Y")) -> 0 | AA26: =IF(D26="","",VLOOKUP(Z26,TORCH_Tables!$A$3:$B$29,2,FALSE))
Z27: =IF(D27="",0,COUNTIF(G27:Y27,"Y")) -> 0 | AA27: =IF(D27="","",VLOOKUP(Z27,TORCH_Tables!$A$3:$B$29,2,FALSE))
Z28: =IF(D28="",0,COUNTIF(G28:Y28,"Y")) -> 0 | AA28: =IF(D28="","",VLOOKUP(Z28,TORCH_Tables!$A$3:$B$29,2,FALSE))
Z29: =IF(D29="",0,COUNTIF(G29:Y29,"Y")) -> 0 | AA29: =IF(D29="","",VLOOKUP(Z29,TORCH_Tables!$A$3:$B$29,2,FALSE))
Z30: =IF(D30="",0,COUNTIF(G30:Y30,"Y")) -> 0 | AA30: =IF(D30="","",VLOOKUP(Z30,TORCH_Tables!$A$3:$B$29,2,FALSE))
Z31: =IF(D31="",0,COUNTIF(G31:Y31,"Y")) -> 0 | AA31: =IF(D31="","",VLOOKUP(Z31,TORCH_Tables!$A$3:$B$29,2,FALSE))
... Z503: =IF(D503="",0,COUNTIF(G503:Y503,"Y")) -> 0 | AA503: =IF(D503="","",VLOOKUP(Z503,TORCH_Tables!$A$3:$B$29,2,FALSE))

Sheet Lizards
A1: TORCH - Lizards Love Eggs
G3: QUESTION No. and ANSWER KEY (Enter the student's response - "Y" if correct, "N" if incorrect)
E4: Question Number | G4: 1 | H4: 2 | I4: 3 | J4: 4 | K4: 5 | L4: 6 | M4: 7 | N4: 8 | O4: 9 | P4: 10 | Q4: 11 | R4: 12 | S4: 13 | T4: 14 | U4: 15 | V4: 16 | W4: 17 | X4: 18 | Y4: 19 | Z4: 20
E5: Item Difficulty
E6: Skill Assessed
A8: Date (dd/mm/yy) | B8: Yr_Lev | C8: HG | D8: Surname | E8: First_Name | F8: Student_ID | G8: Y | H8: Y | I8: Y | J8: Y | K8: Y | L8: Y | M8: Y | N8: Y | O8: Y | P8: Y | Q8: Y | R8: Y | S8: Y | T8: Y | U8: Y | V8: Y | W8: Y | X8: Y | Y8: Y | Z8: Y | AA8: Raw Score | AB8: TORCH Score
A9: 45356 | B9: 3 | C9: 3A | D9: Lname1 | E9: Fname1 | F9: XXXXX1 | AA9: =IF(D9="",0,COUNTIF(G9:Z9,"Y")) -> 0 | AB9: =IF(D9="","",VLOOKUP(AA9,TORCH_Tables!$C$3:$D$29,2,FALSE)) -> 1.6
A10: 45356 | B10: 3 | C10: 3A | D10: Lname2 | E10: Fname2 | F10: XXXXX2 | AA10: =IF(D10="",0,COUNTIF(G10:Z10,"Y")) -> 0 | AB10: =IF(D10="","",VLOOKUP(AA10,TORCH_Tables!$C$3:$D$29,2,FALSE)) -> 1.6
A11: 45356 | B11: 3 | C11: 3A | D11: Lname3 | E11: Fname3 | F11: XXXXX3 | AA11: =IF(D11="",0,COUNTIF(G11:Z11,"Y")) -> 0 | AB11: =IF(D11="","",VLOOKUP(AA11,TORCH_Tables!$C$3:$D$29,2,FALSE)) -> 1.6
A12: 45356 | B12: 3 | C12: 3A | D12: Lname4 | E12: Fname4 | F12: XXXXX4 | AA12: =IF(D12="",0,COUNTIF(G12:Z12,"Y")) -> 0 | AB12: =IF(D12="","",VLOOKUP(AA12,TORCH_Tables!$C$3:$D$29,2,FALSE)) -> 1.6
A13: 45356 | B13: 3 | C13: 3B | D13: ULname13 | E13: UFname13 | F13: UNLISTED | AA13: =IF(D13="",0,COUNTIF(G13:Z13,"Y")) -> 0 | AB13: =IF(D13="","",VLOOKUP(AA13,TORCH_Tables!$C$3:$D$29,2,FALSE)) -> 1.6
A14: 45356 | B14: 3 | C14: 3A | D14: Lname5 | E14: Fname5 | F14: XXXXX5 | AA14: =IF(D14="",0,COUNTIF(G14:Z14,"Y")) -> 0 | AB14: =IF(D14="","",VLOOKUP(AA14,TORCH_Tables!$C$3:$D$29,2,FALSE)) -> 1.6
A15: 45356 | B15: 3 | C15: 3B | D15: Lname6 | E15: Fname6 | F15: XXXXX6 | AA15: =IF(D15="",0,COUNTIF(G15:Z15,"Y")) -> 0 | AB15: =IF(D15="","",VLOOKUP(AA15,TORCH_Tables!$C$3:$D$29,2,FALSE)) -> 1.6
A16: 45356 | B16: 3 | C16: 3B | D16: Lname7 | E16: Fname7 | F16: XXXXX7 | AA16: =IF(D16="",0,COUNTIF(G16:Z16,"Y")) -> 0 | AB16: =IF(D16="","",VLOOKUP(AA16,TORCH_Tables!$C$3:$D$29,2,FALSE)) -> 1.6
A17: 45356 | B17: 3 | C17: 3B | D17: Lname8 | E17: Fname8 | F17: XXXXX8 | AA17: =IF(D17="",0,COUNTIF(G17:Z17,"Y")) -> 0 | AB17: =IF(D17="","",VLOOKUP(AA17,TORCH_Tables!$C$3:$D$29,2,FALSE)) -> 1.6
A18: 45356 | B18: 3 | C18: 3B | D18: Lname9 | E18: Fname9 | F18: XXXXX9 | AA18: =IF(D18="",0,COUNTIF(G18:Z18,"Y")) -> 0 | AB18: =IF(D18="","",VLOOKUP(AA18,TORCH_Tables!$C$3:$D$29,2,FALSE)) -> 1.6
A19: 45356 | B19: 3 | C19: 3B | D19: Lname10 | E19: Fname10 | F19: XXXXX10 | AA19: =IF(D19="",0,COUNTIF(G19:Z19,"Y")) -> 0 | AB19: =IF(D19="","",VLOOKUP(AA19,TORCH_Tables!$C$3:$D$29,2,FALSE)) -> 1.6
AA20: =IF(D20="",0,COUNTIF(G20:Z20,"Y")) -> 0 | AB20: =IF(D20="","",VLOOKUP(AA20,TORCH_Tables!$C$3:$D$29,2,FALSE))
AA21: =IF(D21="",0,COUNTIF(G21:Z21,"Y")) -> 0 | AB21: =IF(D21="","",VLOOKUP(AA21,TORCH_Tables!$C$3:$D$29,2,FALSE))
AA22: =IF(D22="",0,COUNTIF(G22:Z22,"Y")) -> 0 | AB22: =IF(D22="","",VLOOKUP(AA22,TORCH_Tables!$C$3:$D$29,2,FALSE))
AA23: =IF(D23="",0,COUNTIF(G23:Z23,"Y")) -> 0 | AB23: =IF(D23="","",VLOOKUP(AA23,TORCH_Tables!$C$3:$D$29,2,FALSE))
AA24: =IF(D24="",0,COUNTIF(G24:Z24,"Y")) -> 0 | AB24: =IF(D24="","",VLOOKUP(AA24,TORCH_Tables!$C$3:$D$29,2,FALSE))
AA25: =IF(D25="",0,COUNTIF(G25:Z25,"Y")) -> 0 | AB25: =IF(D25="","",VLOOKUP(AA25,TORCH_Tables!$C$3:$D$29,2,FALSE))
AA26: =IF(D26="",0,COUNTIF(G26:Z26,"Y")) -> 0 | AB26: =IF(D26="","",VLOOKUP(AA26,TORCH_Tables!$C$3:$D$29,2,FALSE))
AA27: =IF(D27="",0,COUNTIF(G27:Z27,"Y")) -> 0 | AB27: =IF(D27="","",VLOOKUP(AA27,TORCH_Tables!$C$3:$D$29,2,FALSE))
AA28: =IF(D28="",0,COUNTIF(G28:Z28,"Y")) -> 0 | AB28: =IF(D28="","",VLOOKUP(AA28,TORCH_Tables!$C$3:$D$29,2,FALSE))
AA29: =IF(D29="",0,COUNTIF(G29:Z29,"Y")) -> 0 | AB29: =IF(D29="","",VLOOKUP(AA29,TORCH_Tables!$C$3:$D$29,2,FALSE))
AA30: =IF(D30="",0,COUNTIF(G30:Z30,"Y")) -> 0 | AB30: =IF(D30="","",VLOOKUP(AA30,TORCH_Tables!$C$3:$D$29,2,FALSE))
AA31: =IF(D31="",0,COUNTIF(G31:Z31,"Y")) -> 0 | AB31: =IF(D31="","",VLOOKUP(AA31,TORCH_Tables!$C$3:$D$29,2,FALSE))
... AA503: =IF(D503="",0,COUNTIF(G503:Z503,"Y")) -> 0 | AB503: =IF(D503="","",VLOOKUP(AA503,TORCH_Tables!$C$3:$D$29,2,FALSE))

Sheet Dingo
A1: TORCH - Donna Dingo
G3: QUESTION No. and ANSWER KEY (Enter the student's response - "Y" if correct, "N" if incorrect)
E4: Question Number | G4: 1 | H4: 2 | I4: 3 | J4: 4 | K4: 5 | L4: 6 | M4: 7 | N4: 8 | O4: 9 | P4: 10 | Q4: 11 | R4: 12 | S4: 13 | T4: 14 | U4: 15 | V4: 16 | W4: 17 | X4: 18 | Y4: 19 | Z4: 20
E5: Item Difficulty
E6: Skill Assessed
A8: Date (dd/mm/yy) | B8: Yr_Lev | C8: HG | D8: Surname | E8: First_Name | F8: Student_ID | G8: Y | H8: Y | I8: Y | J8: Y | K8: Y | L8: Y | M8: Y | N8: Y | O8: Y | P8: Y | Q8: Y | R8: Y | S8: Y | T8: Y | U8: Y | V8: Y | W8: Y | X8: Y | Y8: Y | Z8: Y | AA8: Raw Score | AB8: TORCH Score
A9: 45356 | B9: 3 | C9: 3A | D9: Lname1 | E9: Fname1 | F9: XXXXX1 | AA9: =IF(D9="",0,COUNTIF(G9:Z9,"Y")) -> 0 | AB9: =IF(D9="","",VLOOKUP(AA9,TORCH_Tables!$I$3:$J$29,2,FALSE)) -> 7.2
A10: 45356 | B10: 3 | C10: 3A | D10: Lname2 | E10: Fname2 | F10: XXXXX2 | AA10: =IF(D10="",0,COUNTIF(G10:Z10,"Y")) -> 0 | AB10: =IF(D10="","",VLOOKUP(AA10,TORCH_Tables!$I$3:$J$29,2,FALSE)) -> 7.2
A11: 45356 | B11: 3 | C11: 3A | D11: Lname3 | E11: Fname3 | F11: XXXXX3 | AA11: =IF(D11="",0,COUNTIF(G11:Z11,"Y")) -> 0 | AB11: =IF(D11="","",VLOOKUP(AA11,TORCH_Tables!$I$3:$J$29,2,FALSE)) -> 7.2
A12: 45356 | B12: 3 | C12: 3A | D12: Lname4 | E12: Fname4 | F12: XXXXX4 | AA12: =IF(D12="",0,COUNTIF(G12:Z12,"Y")) -> 0 | AB12: =IF(D12="","",VLOOKUP(AA12,TORCH_Tables!$I$3:$J$29,2,FALSE)) -> 7.2
A13: 45356 | B13: 3 | C13: 3B | D13: ULname13 | E13: UFname13 | F13: UNLISTED | AA13: =IF(D13="",0,COUNTIF(G13:Z13,"Y")) -> 0 | AB13: =IF(D13="","",VLOOKUP(AA13,TORCH_Tables!$I$3:$J$29,2,FALSE)) -> 7.2
A14: 45356 | B14: 3 | C14: 3A | D14: Lname5 | E14: Fname5 | F14: XXXXX5 | AA14: =IF(D14="",0,COUNTIF(G14:Z14,"Y")) -> 0 | AB14: =IF(D14="","",VLOOKUP(AA14,TORCH_Tables!$I$3:$J$29,2,FALSE)) -> 7.2
A15: 45356 | B15: 3 | C15: 3B | D15: Lname6 | E15: Fname6 | F15: XXXXX6 | AA15: =IF(D15="",0,COUNTIF(G15:Z15,"Y")) -> 0 | AB15: =IF(D15="","",VLOOKUP(AA15,TORCH_Tables!$I$3:$J$29,2,FALSE)) -> 7.2
A16: 45356 | B16: 3 | C16: 3B | D16: Lname7 | E16: Fname7 | F16: XXXXX7 | AA16: =IF(D16="",0,COUNTIF(G16:Z16,"Y")) -> 0 | AB16: =IF(D16="","",VLOOKUP(AA16,TORCH_Tables!$I$3:$J$29,2,FALSE)) -> 7.2
A17: 45356 | B17: 3 | C17: 3B | D17: Lname8 | E17: Fname8 | F17: XXXXX8 | AA17: =IF(D17="",0,COUNTIF(G17:Z17,"Y")) -> 0 | AB17: =IF(D17="","",VLOOKUP(AA17,TORCH_Tables!$I$3:$J$29,2,FALSE)) -> 7.2
A18: 45356 | B18: 3 | C18: 3B | D18: Lname9 | E18: Fname9 | F18: XXXXX9 | AA18: =IF(D18="",0,COUNTIF(G18:Z18,"Y")) -> 0 | AB18: =IF(D18="","",VLOOKUP(AA18,TORCH_Tables!$I$3:$J$29,2,FALSE)) -> 7.2
A19: 45356 | B19: 3 | C19: 3B | D19: Lname10 | E19: Fname10 | F19: XXXXX10 | AA19: =IF(D19="",0,COUNTIF(G19:Z19,"Y")) -> 0 | AB19: =IF(D19="","",VLOOKUP(AA19,TORCH_Tables!$I$3:$J$29,2,FALSE)) -> 7.2
AA20: =IF(D20="",0,COUNTIF(G20:Z20,"Y")) -> 0 | AB20: =IF(D20="","",VLOOKUP(AA20,TORCH_Tables!$I$3:$J$29,2,FALSE))
AA21: =IF(D21="",0,COUNTIF(G21:Z21,"Y")) -> 0 | AB21: =IF(D21="","",VLOOKUP(AA21,TORCH_Tables!$I$3:$J$29,2,FALSE))
AA22: =IF(D22="",0,COUNTIF(G22:Z22,"Y")) -> 0 | AB22: =IF(D22="","",VLOOKUP(AA22,TORCH_Tables!$I$3:$J$29,2,FALSE))
AA23: =IF(D23="",0,COUNTIF(G23:Z23,"Y")) -> 0 | AB23: =IF(D23="","",VLOOKUP(AA23,TORCH_Tables!$I$3:$J$29,2,FALSE))
AA24: =IF(D24="",0,COUNTIF(G24:Z24,"Y")) -> 0 | AB24: =IF(D24="","",VLOOKUP(AA24,TORCH_Tables!$I$3:$J$29,2,FALSE))
AA25: =IF(D25="",0,COUNTIF(G25:Z25,"Y")) -> 0 | AB25: =IF(D25="","",VLOOKUP(AA25,TORCH_Tables!$I$3:$J$29,2,FALSE))
AA26: =IF(D26="",0,COUNTIF(G26:Z26,"Y")) -> 0 | AB26: =IF(D26="","",VLOOKUP(AA26,TORCH_Tables!$I$3:$J$29,2,FALSE))
AA27: =IF(D27="",0,COUNTIF(G27:Z27,"Y")) -> 0 | AB27: =IF(D27="","",VLOOKUP(AA27,TORCH_Tables!$I$3:$J$29,2,FALSE))
AA28: =IF(D28="",0,COUNTIF(G28:Z28,"Y")) -> 0 | AB28: =IF(D28="","",VLOOKUP(AA28,TORCH_Tables!$I$3:$J$29,2,FALSE))
AA29: =IF(D29="",0,COUNTIF(G29:Z29,"Y")) -> 0 | AB29: =IF(D29="","",VLOOKUP(AA29,TORCH_Tables!$I$3:$J$29,2,FALSE))
AA30: =IF(D30="",0,COUNTIF(G30:Z30,"Y")) -> 0 | AB30: =IF(D30="","",VLOOKUP(AA30,TORCH_Tables!$I$3:$J$29,2,FALSE))
AA31: =IF(D31="",0,COUNTIF(G31:Z31,"Y")) -> 0 | AB31: =IF(D31="","",VLOOKUP(AA31,TORCH_Tables!$I$3:$J$29,2,FALSE))
... AA503: =IF(D503="",0,COUNTIF(G503:Z503,"Y")) -> 0 | AB503: =IF(D503="","",VLOOKUP(AA503,TORCH_Tables!$I$3:$J$29,2,FALSE))

Sheet Zoo
A1: TORCH - At the Zoo
G3: QUESTION No. and ANSWER KEY (Enter the student's response - "Y" if correct, "N" if incorrect)
E4: Question Number | G4: 1 | H4: 2 | I4: 3 | J4: 4 | K4: 5 | L4: 6 | M4: 7 | N4: 8 | O4: 9 | P4: 10 | Q4: 11 | R4: 12 | S4: 13 | T4: 14 | U4: 15 | V4: 16 | W4: 17 | X4: 18 | Y4: 19 | Z4: 20
E5: Item Difficulty
E6: Skill Assessed
A8: Date (dd/mm/yy) | B8: Yr_Lev | C8: HG | D8: Surname | E8: First_Name | F8: Student_ID | G8: Y | H8: Y | I8: Y | J8: Y | K8: Y | L8: Y | M8: Y | N8: Y | O8: Y | P8: Y | Q8: Y | R8: Y | S8: Y | T8: Y | U8: Y | V8: Y | W8: Y | X8: Y | Y8: Y | Z8: Y | AA8: Raw Score | AB8: TORCH Score
A9: 45356 | B9: 3 | C9: 3A | D9: Lname1 | E9: Fname1 | F9: XXXXX1 | AA9: =IF(D9="",0,COUNTIF(G9:Z9,"Y")) -> 0 | AB9: =IF(D9="","",VLOOKUP(AA9,TORCH_Tables!$E$3:$F$29,2,FALSE)) -> 5.6
A10: 45356 | B10: 3 | C10: 3A | D10: Lname2 | E10: Fname2 | F10: XXXXX2 | AA10: =IF(D10="",0,COUNTIF(G10:Z10,"Y")) -> 0 | AB10: =IF(D10="","",VLOOKUP(AA10,TORCH_Tables!$E$3:$F$29,2,FALSE)) -> 5.6
A11: 45356 | B11: 3 | C11: 3A | D11: Lname3 | E11: Fname3 | F11: XXXXX3 | AA11: =IF(D11="",0,COUNTIF(G11:Z11,"Y")) -> 0 | AB11: =IF(D11="","",VLOOKUP(AA11,TORCH_Tables!$E$3:$F$29,2,FALSE)) -> 5.6
A12: 45356 | B12: 3 | C12: 3A | D12: Lname4 | E12: Fname4 | F12: XXXXX4 | AA12: =IF(D12="",0,COUNTIF(G12:Z12,"Y")) -> 0 | AB12: =IF(D12="","",VLOOKUP(AA12,TORCH_Tables!$E$3:$F$29,2,FALSE)) -> 5.6
A13: 45356 | B13: 3 | C13: 3B | D13: ULname13 | E13: UFname13 | F13: UNLISTED | AA13: =IF(D13="",0,COUNTIF(G13:Z13,"Y")) -> 0 | AB13: =IF(D13="","",VLOOKUP(AA13,TORCH_Tables!$E$3:$F$29,2,FALSE)) -> 5.6
A14: 45356 | B14: 3 | C14: 3A | D14: Lname5 | E14: Fname5 | F14: XXXXX5 | AA14: =IF(D14="",0,COUNTIF(G14:Z14,"Y")) -> 0 | AB14: =IF(D14="","",VLOOKUP(AA14,TORCH_Tables!$E$3:$F$29,2,FALSE)) -> 5.6
A15: 45356 | B15: 3 | C15: 3B | D15: Lname6 | E15: Fname6 | F15: XXXXX6 | AA15: =IF(D15="",0,COUNTIF(G15:Z15,"Y")) -> 0 | AB15: =IF(D15="","",VLOOKUP(AA15,TORCH_Tables!$E$3:$F$29,2,FALSE)) -> 5.6
A16: 45356 | B16: 3 | C16: 3B | D16: Lname7 | E16: Fname7 | F16: XXXXX7 | AA16: =IF(D16="",0,COUNTIF(G16:Z16,"Y")) -> 0 | AB16: =IF(D16="","",VLOOKUP(AA16,TORCH_Tables!$E$3:$F$29,2,FALSE)) -> 5.6
A17: 45356 | B17: 3 | C17: 3B | D17: Lname8 | E17: Fname8 | F17: XXXXX8 | AA17: =IF(D17="",0,COUNTIF(G17:Z17,"Y")) -> 0 | AB17: =IF(D17="","",VLOOKUP(AA17,TORCH_Tables!$E$3:$F$29,2,FALSE)) -> 5.6
A18: 45356 | B18: 3 | C18: 3B | D18: Lname9 | E18: Fname9 | F18: XXXXX9 | AA18: =IF(D18="",0,COUNTIF(G18:Z18,"Y")) -> 0 | AB18: =IF(D18="","",VLOOKUP(AA18,TORCH_Tables!$E$3:$F$29,2,FALSE)) -> 5.6
A19: 45356 | B19: 3 | C19: 3B | D19: Lname10 | E19: Fname10 | F19: XXXXX10 | AA19: =IF(D19="",0,COUNTIF(G19:Z19,"Y")) -> 0 | AB19: =IF(D19="","",VLOOKUP(AA19,TORCH_Tables!$E$3:$F$29,2,FALSE)) -> 5.6
AA20: =IF(D20="",0,COUNTIF(G20:Z20,"Y")) -> 0 | AB20: =IF(D20="","",VLOOKUP(AA20,TORCH_Tables!$E$3:$F$29,2,FALSE))
AA21: =IF(D21="",0,COUNTIF(G21:Z21,"Y")) -> 0 | AB21: =IF(D21="","",VLOOKUP(AA21,TORCH_Tables!$E$3:$F$29,2,FALSE))
AA22: =IF(D22="",0,COUNTIF(G22:Z22,"Y")) -> 0 | AB22: =IF(D22="","",VLOOKUP(AA22,TORCH_Tables!$E$3:$F$29,2,FALSE))
AA23: =IF(D23="",0,COUNTIF(G23:Z23,"Y")) -> 0 | AB23: =IF(D23="","",VLOOKUP(AA23,TORCH_Tables!$E$3:$F$29,2,FALSE))
AA24: =IF(D24="",0,COUNTIF(G24:Z24,"Y")) -> 0 | AB24: =IF(D24="","",VLOOKUP(AA24,TORCH_Tables!$E$3:$F$29,2,FALSE))
AA25: =IF(D25="",0,COUNTIF(G25:Z25,"Y")) -> 0 | AB25: =IF(D25="","",VLOOKUP(AA25,TORCH_Tables!$E$3:$F$29,2,FALSE))
AA26: =IF(D26="",0,COUNTIF(G26:Z26,"Y")) -> 0 | AB26: =IF(D26="","",VLOOKUP(AA26,TORCH_Tables!$E$3:$F$29,2,FALSE))
AA27: =IF(D27="",0,COUNTIF(G27:Z27,"Y")) -> 0 | AB27: =IF(D27="","",VLOOKUP(AA27,TORCH_Tables!$E$3:$F$29,2,FALSE))
AA28: =IF(D28="",0,COUNTIF(G28:Z28,"Y")) -> 0 | AB28: =IF(D28="","",VLOOKUP(AA28,TORCH_Tables!$E$3:$F$29,2,FALSE))
AA29: =IF(D29="",0,COUNTIF(G29:Z29,"Y")) -> 0 | AB29: =IF(D29="","",VLOOKUP(AA29,TORCH_Tables!$E$3:$F$29,2,FALSE))
AA30: =IF(D30="",0,COUNTIF(G30:Z30,"Y")) -> 0 | AB30: =IF(D30="","",VLOOKUP(AA30,TORCH_Tables!$E$3:$F$29,2,FALSE))
AA31: =IF(D31="",0,COUNTIF(G31:Z31,"Y")) -> 0 | AB31: =IF(D31="","",VLOOKUP(AA31,TORCH_Tables!$E$3:$F$29,2,FALSE))
... AA503: =IF(D503="",0,COUNTIF(G503:Z503,"Y")) -> 0 | AB503: =IF(D503="","",VLOOKUP(AA503,TORCH_Tables!$E$3:$F$29,2,FALSE))

Sheet Puff
A1: TORCH - Feeding Puff
G3: QUESTION No. and ANSWER KEY (Enter the student's response - "Y" if correct, "N" if incorrect)
E4: Question Number | G4: 1 | H4: 2 | I4: 3 | J4: 4 | K4: 5 | L4: 6 | M4: 7 | N4: 8 | O4: 9 | P4: 10 | Q4: 11 | R4: 12 | S4: 13 | T4: 14 | U4: 15 | V4: 16 | W4: 17 | X4: 18 | Y4: 19 | Z4: 20 | AA4: 21 | AB4: 22
E5: Item Difficulty
E6: Skill Assessed
A8: Date (dd/mm/yy) | B8: Yr_Lev | C8: HG | D8: Surname | E8: First_Name | F8: Student_ID | G8: Y | H8: Y | I8: Y | J8: Y | K8: Y | L8: Y | M8: Y | N8: Y | O8: Y | P8: Y | Q8: Y | R8: Y | S8: Y | T8: Y | U8: Y | V8: Y | W8: Y | X8: Y | Y8: Y | Z8: Y | AA8: Y | AB8: Y | AC8: Raw Score | AD8: TORCH Score
A9: 45356 | B9: 3 | C9: 3A | D9: Lname1 | E9: Fname1 | F9: XXXXX1 | AC9: =IF(D9="",0,COUNTIF(G9:AB9,"Y")) -> 0 | AD9: =IF(D9="","",VLOOKUP(AC9,TORCH_Tables!$G$3:$H$29,2,FALSE)) -> 9.3
A10: 45356 | B10: 3 | C10: 3A | D10: Lname2 | E10: Fname2 | F10: XXXXX2 | AC10: =IF(D10="",0,COUNTIF(G10:AB10,"Y")) -> 0 | AD10: =IF(D10="","",VLOOKUP(AC10,TORCH_Tables!$G$3:$H$29,2,FALSE)) -> 9.3
A11: 45356 | B11: 3 | C11: 3A | D11: Lname3 | E11: Fname3 | F11: XXXXX3 | AC11: =IF(D11="",0,COUNTIF(G11:AB11,"Y")) -> 0 | AD11: =IF(D11="","",VLOOKUP(AC11,TORCH_Tables!$G$3:$H$29,2,FALSE)) -> 9.3
A12: 45356 | B12: 3 | C12: 3A | D12: Lname4 | E12: Fname4 | F12: XXXXX4 | AC12: =IF(D12="",0,COUNTIF(G12:AB12,"Y")) -> 0 | AD12: =IF(D12="","",VLOOKUP(AC12,TORCH_Tables!$G$3:$H$29,2,FALSE)) -> 9.3
A13: 45356 | B13: 3 | C13: 3B | D13: ULname13 | E13: UFname13 | F13: UNLISTED | AC13: =IF(D13="",0,COUNTIF(G13:AB13,"Y")) -> 0 | AD13: =IF(D13="","",VLOOKUP(AC13,TORCH_Tables!$G$3:$H$29,2,FALSE)) -> 9.3
A14: 45356 | B14: 3 | C14: 3A | D14: Lname5 | E14: Fname5 | F14: XXXXX5 | AC14: =IF(D14="",0,COUNTIF(G14:AB14,"Y")) -> 0 | AD14: =IF(D14="","",VLOOKUP(AC14,TORCH_Tables!$G$3:$H$29,2,FALSE)) -> 9.3
A15: 45356 | B15: 3 | C15: 3B | D15: Lname6 | E15: Fname6 | F15: XXXXX6 | AC15: =IF(D15="",0,COUNTIF(G15:AB15,"Y")) -> 0 | AD15: =IF(D15="","",VLOOKUP(AC15,TORCH_Tables!$G$3:$H$29,2,FALSE)) -> 9.3
A16: 45356 | B16: 3 | C16: 3B | D16: Lname7 | E16: Fname7 | F16: XXXXX7 | AC16: =IF(D16="",0,COUNTIF(G16:AB16,"Y")) -> 0 | AD16: =IF(D16="","",VLOOKUP(AC16,TORCH_Tables!$G$3:$H$29,2,FALSE)) -> 9.3
A17: 45356 | B17: 3 | C17: 3B | D17: Lname8 | E17: Fname8 | F17: XXXXX8 | AC17: =IF(D17="",0,COUNTIF(G17:AB17,"Y")) -> 0 | AD17: =IF(D17="","",VLOOKUP(AC17,TORCH_Tables!$G$3:$H$29,2,FALSE)) -> 9.3
A18: 45356 | B18: 3 | C18: 3B | D18: Lname9 | E18: Fname9 | F18: XXXXX9 | AC18: =IF(D18="",0,COUNTIF(G18:AB18,"Y")) -> 0 | AD18: =IF(D18="","",VLOOKUP(AC18,TORCH_Tables!$G$3:$H$29,2,FALSE)) -> 9.3
A19: 45356 | B19: 3 | C19: 3B | D19: Lname10 | E19: Fname10 | F19: XXXXX10 | AC19: =IF(D19="",0,COUNTIF(G19:AB19,"Y")) -> 0 | AD19: =IF(D19="","",VLOOKUP(AC19,TORCH_Tables!$G$3:$H$29,2,FALSE)) -> 9.3
AC20: =IF(D20="",0,COUNTIF(G20:AB20,"Y")) -> 0 | AD20: =IF(D20="","",VLOOKUP(AC20,TORCH_Tables!$G$3:$H$29,2,FALSE))
AC21: =IF(D21="",0,COUNTIF(G21:AB21,"Y")) -> 0 | AD21: =IF(D21="","",VLOOKUP(AC21,TORCH_Tables!$G$3:$H$29,2,FALSE))
AC22: =IF(D22="",0,COUNTIF(G22:AB22,"Y")) -> 0 | AD22: =IF(D22="","",VLOOKUP(AC22,TORCH_Tables!$G$3:$H$29,2,FALSE))
AC23: =IF(D23="",0,COUNTIF(G23:AB23,"Y")) -> 0 | AD23: =IF(D23="","",VLOOKUP(AC23,TORCH_Tables!$G$3:$H$29,2,FALSE))
AC24: =IF(D24="",0,COUNTIF(G24:AB24,"Y")) -> 0 | AD24: =IF(D24="","",VLOOKUP(AC24,TORCH_Tables!$G$3:$H$29,2,FALSE))
AC25: =IF(D25="",0,COUNTIF(G25:AB25,"Y")) -> 0 | AD25: =IF(D25="","",VLOOKUP(AC25,TORCH_Tables!$G$3:$H$29,2,FALSE))
AC26: =IF(D26="",0,COUNTIF(G26:AB26,"Y")) -> 0 | AD26: =IF(D26="","",VLOOKUP(AC26,TORCH_Tables!$G$3:$H$29,2,FALSE))
AC27: =IF(D27="",0,COUNTIF(G27:AB27,"Y")) -> 0 | AD27: =IF(D27="","",VLOOKUP(AC27,TORCH_Tables!$G$3:$H$29,2,FALSE))
AC28: =IF(D28="",0,COUNTIF(G28:AB28,"Y")) -> 0 | AD28: =IF(D28="","",VLOOKUP(AC28,TORCH_Tables!$G$3:$H$29,2,FALSE))
AC29: =IF(D29="",0,COUNTIF(G29:AB29,"Y")) -> 0 | AD29: =IF(D29="","",VLOOKUP(AC29,TORCH_Tables!$G$3:$H$29,2,FALSE))
AC30: =IF(D30="",0,COUNTIF(G30:AB30,"Y")) -> 0 | AD30: =IF(D30="","",VLOOKUP(AC30,TORCH_Tables!$G$3:$H$29,2,FALSE))
AC31: =IF(D31="",0,COUNTIF(G31:AB31,"Y")) -> 0 | AD31: =IF(D31="","",VLOOKUP(AC31,TORCH_Tables!$G$3:$H$29,2,FALSE))
... AC503: =IF(D503="",0,COUNTIF(G503:AB503,"Y")) -> 0 | AD503: =IF(D503="","",VLOOKUP(AC503,TORCH_Tables!$G$3:$H$29,2,FALSE))

Sheet Cats
A1: TORCH - The Cats
G3: QUESTION No. and ANSWER KEY (Enter the student's response - "Y" if correct, "N" if incorrect)
E4: Question Number | G4: 1 | H4: 2 | I4: 3 | J4: 4 | K4: 5 | L4: 6 | M4: 7 | N4: 8 | O4: 9 | P4: 10 | Q4: 11 | R4: 12 | S4: 13 | T4: 14 | U4: 15 | V4: 16 | W4: 17 | X4: 18 | Y4: 19 | Z4: 20
E5: Item Difficulty
E6: Skill Assessed
A8: Date (dd/mm/yy) | B8: Yr_Lev | C8: HG | D8: Surname | E8: First_Name | F8: Student_ID | G8: Y | H8: Y | I8: Y | J8: Y | K8: Y | L8: Y | M8: Y | N8: Y | O8: Y | P8: Y | Q8: Y | R8: Y | S8: Y | T8: Y | U8: Y | V8: Y | W8: Y | X8: Y | Y8: Y | Z8: Y | AA8: Raw Score | AB8: TORCH Score
AA9: =IF(D9="",0,COUNTIF(G9:Z9,"Y")) -> 0 | AB9: =IF(D9="","",VLOOKUP(AA9,TORCH_Tables!$K$3:$L$29,2,FALSE))
AA10: =IF(D10="",0,COUNTIF(G10:Z10,"Y")) -> 0 | AB10: =IF(D10="","",VLOOKUP(AA10,TORCH_Tables!$K$3:$L$29,2,FALSE))
AA11: =IF(D11="",0,COUNTIF(G11:Z11,"Y")) -> 0 | AB11: =IF(D11="","",VLOOKUP(AA11,TORCH_Tables!$K$3:$L$29,2,FALSE))
AA12: =IF(D12="",0,COUNTIF(G12:Z12,"Y")) -> 0 | AB12: =IF(D12="","",VLOOKUP(AA12,TORCH_Tables!$K$3:$L$29,2,FALSE))
AA13: =IF(D13="",0,COUNTIF(G13:Z13,"Y")) -> 0 | AB13: =IF(D13="","",VLOOKUP(AA13,TORCH_Tables!$K$3:$L$29,2,FALSE))
AA14: =IF(D14="",0,COUNTIF(G14:Z14,"Y")) -> 0 | AB14: =IF(D14="","",VLOOKUP(AA14,TORCH_Tables!$K$3:$L$29,2,FALSE))
AA15: =IF(D15="",0,COUNTIF(G15:Z15,"Y")) -> 0 | AB15: =IF(D15="","",VLOOKUP(AA15,TORCH_Tables!$K$3:$L$29,2,FALSE))
AA16: =IF(D16="",0,COUNTIF(G16:Z16,"Y")) -> 0 | AB16: =IF(D16="","",VLOOKUP(AA16,TORCH_Tables!$K$3:$L$29,2,FALSE))
AA17: =IF(D17="",0,COUNTIF(G17:Z17,"Y")) -> 0 | AB17: =IF(D17="","",VLOOKUP(AA17,TORCH_Tables!$K$3:$L$29,2,FALSE))
AA18: =IF(D18="",0,COUNTIF(G18:Z18,"Y")) -> 0 | AB18: =IF(D18="","",VLOOKUP(AA18,TORCH_Tables!$K$3:$L$29,2,FALSE))
AA19: =IF(D19="",0,COUNTIF(G19:Z19,"Y")) -> 0 | AB19: =IF(D19="","",VLOOKUP(AA19,TORCH_Tables!$K$3:$L$29,2,FALSE))
AA20: =IF(D20="",0,COUNTIF(G20:Z20,"Y")) -> 0 | AB20: =IF(D20="","",VLOOKUP(AA20,TORCH_Tables!$K$3:$L$29,2,FALSE))
... AA503: =IF(D503="",0,COUNTIF(G503:Z503,"Y")) -> 0 | AB503: =IF(D503="","",VLOOKUP(AA503,TORCH_Tables!$K$3:$L$29,2,FALSE))

Sheet Swamp
A1: TORCH - The Swamp-Creature
G3: QUESTION No. and ANSWER KEY (Enter the student's response - "Y" if correct, "N" if incorrect)
E4: Question Number | G4: 1 | H4: 2 | I4: 3 | J4: 4 | K4: 5 | L4: 6 | M4: 7 | N4: 8 | O4: 9 | P4: 10 | Q4: 11 | R4: 12 | S4: 13 | T4: 14 | U4: 15 | V4: 16 | W4: 17 | X4: 18 | Y4: 19 | Z4: 20 | AA4: 21 | AB4: 22 | AC4: 23 | AD4: 24
E5: Item Difficulty
E6: Skill Assessed
A8: Date (dd/mm/yy) | B8: Yr_Lev | C8: HG | D8: Surname | E8: First_Name | F8: Student_ID | G8: Y | H8: Y | I8: Y | J8: Y | K8: Y | L8: Y | M8: Y | N8: Y | O8: Y | P8: Y | Q8: Y | R8: Y | S8: Y | T8: Y | U8: Y | V8: Y | W8: Y | X8: Y | Y8: Y | Z8: Y | AA8: Y | AB8: Y | AC8: Y | AD8: Y | AE8: Raw Score | AF8: TORCH Score
A9: 45356 | B9: 3 | C9: 3A | D9: Lname1 | E9: Fname1 | F9: XXXXX1 | AE9: =IF(D9="",0,COUNTIF(G9:AD9,"Y")) -> 0 | AF9: =IF(D9="","",VLOOKUP(AE9,TORCH_Tables!$M$3:$N$29,2,FALSE)) -> 13.1
A10: 45356 | B10: 3 | C10: 3A | D10: Lname2 | E10: Fname2 | F10: XXXXX2 | AE10: =IF(D10="",0,COUNTIF(G10:AD10,"Y")) -> 0 | AF10: =IF(D10="","",VLOOKUP(AE10,TORCH_Tables!$M$3:$N$29,2,FALSE)) -> 13.1
A11: 45356 | B11: 3 | C11: 3A | D11: Lname3 | E11: Fname3 | F11: XXXXX3 | AE11: =IF(D11="",0,COUNTIF(G11:AD11,"Y")) -> 0 | AF11: =IF(D11="","",VLOOKUP(AE11,TORCH_Tables!$M$3:$N$29,2,FALSE)) -> 13.1
A12: 45356 | B12: 3 | C12: 3A | D12: Lname4 | E12: Fname4 | F12: XXXXX4 | AE12: =IF(D12="",0,COUNTIF(G12:AD12,"Y")) -> 0 | AF12: =IF(D12="","",VLOOKUP(AE12,TORCH_Tables!$M$3:$N$29,2,FALSE)) -> 13.1
A13: 45356 | B13: 3 | C13: 3B | D13: ULname13 | E13: UFname13 | F13: UNLISTED | AE13: =IF(D13="",0,COUNTIF(G13:AD13,"Y")) -> 0 | AF13: =IF(D13="","",VLOOKUP(AE13,TORCH_Tables!$M$3:$N$29,2,FALSE)) -> 13.1
A14: 45356 | B14: 3 | C14: 3A | D14: Lname5 | E14: Fname5 | F14: XXXXX5 | AE14: =IF(D14="",0,COUNTIF(G14:AD14,"Y")) -> 0 | AF14: =IF(D14="","",VLOOKUP(AE14,TORCH_Tables!$M$3:$N$29,2,FALSE)) -> 13.1
A15: 45356 | B15: 3 | C15: 3B | D15: Lname6 | E15: Fname6 | F15: XXXXX6 | AE15: =IF(D15="",0,COUNTIF(G15:AD15,"Y")) -> 0 | AF15: =IF(D15="","",VLOOKUP(AE15,TORCH_Tables!$M$3:$N$29,2,FALSE)) -> 13.1
A16: 45356 | B16: 3 | C16: 3B | D16: Lname7 | E16: Fname7 | F16: XXXXX7 | AE16: =IF(D16="",0,COUNTIF(G16:AD16,"Y")) -> 0 | AF16: =IF(D16="","",VLOOKUP(AE16,TORCH_Tables!$M$3:$N$29,2,FALSE)) -> 13.1
A17: 45356 | B17: 3 | C17: 3B | D17: Lname8 | E17: Fname8 | F17: XXXXX8 | AE17: =IF(D17="",0,COUNTIF(G17:AD17,"Y")) -> 0 | AF17: =IF(D17="","",VLOOKUP(AE17,TORCH_Tables!$M$3:$N$29,2,FALSE)) -> 13.1
A18: 45356 | B18: 3 | C18: 3B | D18: Lname9 | E18: Fname9 | F18: XXXXX9 | AE18: =IF(D18="",0,COUNTIF(G18:AD18,"Y")) -> 0 | AF18: =IF(D18="","",VLOOKUP(AE18,TORCH_Tables!$M$3:$N$29,2,FALSE)) -> 13.1
A19: 45356 | B19: 3 | C19: 3B | D19: Lname10 | E19: Fname10 | F19: XXXXX10 | AE19: =IF(D19="",0,COUNTIF(G19:AD19,"Y")) -> 0 | AF19: =IF(D19="","",VLOOKUP(AE19,TORCH_Tables!$M$3:$N$29,2,FALSE)) -> 13.1
AE20: =IF(D20="",0,COUNTIF(G20:AD20,"Y")) -> 0 | AF20: =IF(D20="","",VLOOKUP(AE20,TORCH_Tables!$M$3:$N$29,2,FALSE))
AE21: =IF(D21="",0,COUNTIF(G21:AD21,"Y")) -> 0 | AF21: =IF(D21="","",VLOOKUP(AE21,TORCH_Tables!$M$3:$N$29,2,FALSE))
AE22: =IF(D22="",0,COUNTIF(G22:AD22,"Y")) -> 0 | AF22: =IF(D22="","",VLOOKUP(AE22,TORCH_Tables!$M$3:$N$29,2,FALSE))
AE23: =IF(D23="",0,COUNTIF(G23:AD23,"Y")) -> 0 | AF23: =IF(D23="","",VLOOKUP(AE23,TORCH_Tables!$M$3:$N$29,2,FALSE))
AE24: =IF(D24="",0,COUNTIF(G24:AD24,"Y")) -> 0 | AF24: =IF(D24="","",VLOOKUP(AE24,TORCH_Tables!$M$3:$N$29,2,FALSE))
AE25: =IF(D25="",0,COUNTIF(G25:AD25,"Y")) -> 0 | AF25: =IF(D25="","",VLOOKUP(AE25,TORCH_Tables!$M$3:$N$29,2,FALSE))
AE26: =IF(D26="",0,COUNTIF(G26:AD26,"Y")) -> 0 | AF26: =IF(D26="","",VLOOKUP(AE26,TORCH_Tables!$M$3:$N$29,2,FALSE))
AE27: =IF(D27="",0,COUNTIF(G27:AD27,"Y")) -> 0 | AF27: =IF(D27="","",VLOOKUP(AE27,TORCH_Tables!$M$3:$N$29,2,FALSE))
AE28: =IF(D28="",0,COUNTIF(G28:AD28,"Y")) -> 0 | AF28: =IF(D28="","",VLOOKUP(AE28,TORCH_Tables!$M$3:$N$29,2,FALSE))
AE29: =IF(D29="",0,COUNTIF(G29:AD29,"Y")) -> 0 | AF29: =IF(D29="","",VLOOKUP(AE29,TORCH_Tables!$M$3:$N$29,2,FALSE))
AE30: =IF(D30="",0,COUNTIF(G30:AD30,"Y")) -> 0 | AF30: =IF(D30="","",VLOOKUP(AE30,TORCH_Tables!$M$3:$N$29,2,FALSE))
AE31: =IF(D31="",0,COUNTIF(G31:AD31,"Y")) -> 0 | AF31: =IF(D31="","",VLOOKUP(AE31,TORCH_Tables!$M$3:$N$29,2,FALSE))
... AE503: =IF(D503="",0,COUNTIF(G503:AD503,"Y")) -> 0 | AF503: =IF(D503="","",VLOOKUP(AE503,TORCH_Tables!$M$3:$N$29,2,FALSE))

Sheet Matches
A1: TORCH - Matches
G3: QUESTION No. and ANSWER KEY (Enter the student's response - "Y" if correct, "N" if incorrect)
E4: Question Number | G4: 1 | H4: 2 | I4: 3 | J4: 4 | K4: 5 | L4: 6 | M4: 7 | N4: 8 | O4: 9 | P4: 10 | Q4: 11 | R4: 12 | S4: 13 | T4: 14 | U4: 15 | V4: 16 | W4: 17 | X4: 18 | Y4: 19
E5: Item Difficulty
E6: Skill Assessed
A8: Date (dd/mm/yy) | B8: Yr_Lev | C8: HG | D8: Surname | E8: First_Name | F8: Student_ID | G8: Y | H8: Y | I8: Y | J8: Y | K8: Y | L8: Y | M8: Y | N8: Y | O8: Y | P8: Y | Q8: Y | R8: Y | S8: Y | T8: Y | U8: Y | V8: Y | W8: Y | X8: Y | Y8: Y | Z8: Raw Score | AA8: TORCH Score
A9: 45356 | B9: 3 | C9: 3A | D9: Lname1 | E9: Fname1 | F9: XXXXX1 | Z9: =IF(D9="",0,COUNTIF(G9:Y9,"Y")) -> 0 | AA9: =IF(D9="","",VLOOKUP(Z9,TORCH_Tables!$O$3:$P$29,2,FALSE)) -> 19.3
A10: 45356 | B10: 3 | C10: 3A | D10: Lname2 | E10: Fname2 | F10: XXXXX2 | Z10: =IF(D10="",0,COUNTIF(G10:Y10,"Y")) -> 0 | AA10: =IF(D10="","",VLOOKUP(Z10,TORCH_Tables!$O$3:$P$29,2,FALSE)) -> 19.3
A11: 45356 | B11: 3 | C11: 3A | D11: Lname3 | E11: Fname3 | F11: XXXXX3 | Z11: =IF(D11="",0,COUNTIF(G11:Y11,"Y")) -> 0 | AA11: =IF(D11="","",VLOOKUP(Z11,TORCH_Tables!$O$3:$P$29,2,FALSE)) -> 19.3
A12: 45356 | B12: 3 | C12: 3A | D12: Lname4 | E12: Fname4 | F12: XXXXX4 | Z12: =IF(D12="",0,COUNTIF(G12:Y12,"Y")) -> 0 | AA12: =IF(D12="","",VLOOKUP(Z12,TORCH_Tables!$O$3:$P$29,2,FALSE)) -> 19.3
A13: 45356 | B13: 3 | C13: 3B | D13: ULname13 | E13: UFname13 | F13: UNLISTED | Z13: =IF(D13="",0,COUNTIF(G13:Y13,"Y")) -> 0 | AA13: =IF(D13="","",VLOOKUP(Z13,TORCH_Tables!$O$3:$P$29,2,FALSE)) -> 19.3
A14: 45356 | B14: 3 | C14: 3A | D14: Lname5 | E14: Fname5 | F14: XXXXX5 | Z14: =IF(D14="",0,COUNTIF(G14:Y14,"Y")) -> 0 | AA14: =IF(D14="","",VLOOKUP(Z14,TORCH_Tables!$O$3:$P$29,2,FALSE)) -> 19.3
A15: 45356 | B15: 3 | C15: 3B | D15: Lname6 | E15: Fname6 | F15: XXXXX6 | Z15: =IF(D15="",0,COUNTIF(G15:Y15,"Y")) -> 0 | AA15: =IF(D15="","",VLOOKUP(Z15,TORCH_Tables!$O$3:$P$29,2,FALSE)) -> 19.3
A16: 45356 | B16: 3 | C16: 3B | D16: Lname7 | E16: Fname7 | F16: XXXXX7 | Z16: =IF(D16="",0,COUNTIF(G16:Y16,"Y")) -> 0 | AA16: =IF(D16="","",VLOOKUP(Z16,TORCH_Tables!$O$3:$P$29,2,FALSE)) -> 19.3
A17: 45356 | B17: 3 | C17: 3B | D17: Lname8 | E17: Fname8 | F17: XXXXX8 | Z17: =IF(D17="",0,COUNTIF(G17:Y17,"Y")) -> 0 | AA17: =IF(D17="","",VLOOKUP(Z17,TORCH_Tables!$O$3:$P$29,2,FALSE)) -> 19.3
A18: 45356 | B18: 3 | C18: 3B | D18: Lname9 | E18: Fname9 | F18: XXXXX9 | Z18: =IF(D18="",0,COUNTIF(G18:Y18,"Y")) -> 0 | AA18: =IF(D18="","",VLOOKUP(Z18,TORCH_Tables!$O$3:$P$29,2,FALSE)) -> 19.3
A19: 45356 | B19: 3 | C19: 3B | D19: Lname10 | E19: Fname10 | F19: XXXXX10 | Z19: =IF(D19="",0,COUNTIF(G19:Y19,"Y")) -> 0 | AA19: =IF(D19="","",VLOOKUP(Z19,TORCH_Tables!$O$3:$P$29,2,FALSE)) -> 19.3
Z20: =IF(D20="",0,COUNTIF(G20:Y20,"Y")) -> 0 | AA20: =IF(D20="","",VLOOKUP(Z20,TORCH_Tables!$O$3:$P$29,2,FALSE))
Z21: =IF(D21="",0,COUNTIF(G21:Y21,"Y")) -> 0 | AA21: =IF(D21="","",VLOOKUP(Z21,TORCH_Tables!$O$3:$P$29,2,FALSE))
Z22: =IF(D22="",0,COUNTIF(G22:Y22,"Y")) -> 0 | AA22: =IF(D22="","",VLOOKUP(Z22,TORCH_Tables!$O$3:$P$29,2,FALSE))
Z23: =IF(D23="",0,COUNTIF(G23:Y23,"Y")) -> 0 | AA23: =IF(D23="","",VLOOKUP(Z23,TORCH_Tables!$O$3:$P$29,2,FALSE))
Z24: =IF(D24="",0,COUNTIF(G24:Y24,"Y")) -> 0 | AA24: =IF(D24="","",VLOOKUP(Z24,TORCH_Tables!$O$3:$P$29,2,FALSE))
Z25: =IF(D25="",0,COUNTIF(G25:Y25,"Y")) -> 0 | AA25: =IF(D25="","",VLOOKUP(Z25,TORCH_Tables!$O$3:$P$29,2,FALSE))
Z26: =IF(D26="",0,COUNTIF(G26:Y26,"Y")) -> 0 | AA26: =IF(D26="","",VLOOKUP(Z26,TORCH_Tables!$O$3:$P$29,2,FALSE))
Z27: =IF(D27="",0,COUNTIF(G27:Y27,"Y")) -> 0 | AA27: =IF(D27="","",VLOOKUP(Z27,TORCH_Tables!$O$3:$P$29,2,FALSE))
Z28: =IF(D28="",0,COUNTIF(G28:Y28,"Y")) -> 0 | AA28: =IF(D28="","",VLOOKUP(Z28,TORCH_Tables!$O$3:$P$29,2,FALSE))
Z29: =IF(D29="",0,COUNTIF(G29:Y29,"Y")) -> 0 | AA29: =IF(D29="","",VLOOKUP(Z29,TORCH_Tables!$O$3:$P$29,2,FALSE))
Z30: =IF(D30="",0,COUNTIF(G30:Y30,"Y")) -> 0 | AA30: =IF(D30="","",VLOOKUP(Z30,TORCH_Tables!$O$3:$P$29,2,FALSE))
Z31: =IF(D31="",0,COUNTIF(G31:Y31,"Y")) -> 0 | AA31: =IF(D31="","",VLOOKUP(Z31,TORCH_Tables!$O$3:$P$29,2,FALSE))
... Z503: =IF(D503="",0,COUNTIF(G503:Y503,"Y")) -> 0 | AA503: =IF(D503="","",VLOOKUP(Z503,TORCH_Tables!$O$3:$P$29,2,FALSE))

Sheet Crying
A1: TORCH - She's Crying
G3: QUESTION No. and ANSWER KEY (Enter the student's response - "Y" if correct, "N" if incorrect)
E4: Question Number | G4: 1 | H4: 2 | I4: 3 | J4: 4 | K4: 5 | L4: 6 | M4: 7 | N4: 8 | O4: 9 | P4: 10 | Q4: 11 | R4: 12 | S4: 13 | T4: 14 | U4: 15 | V4: 16 | W4: 17 | X4: 18 | Y4: 19 | Z4: 20 | AA4: 21 | AB4: 22
E5: Item Difficulty
E6: Skill Assessed
A8: Date (dd/mm/yy) | B8: Yr_Lev | C8: HG | D8: Surname | E8: First_Name | F8: Student_ID | G8: Y | H8: Y | I8: Y | J8: Y | K8: Y | L8: Y | M8: Y | N8: Y | O8: Y | P8: Y | Q8: Y | R8: Y | S8: Y | T8: Y | U8: Y | V8: Y | W8: Y | X8: Y | Y8: Y | Z8: Y | AA8: Y | AB8: Y | AC8: Raw Score | AD8: TORCH Score
A9: 45356 | B9: 3 | C9: 3A | D9: Lname1 | E9: Fname1 | F9: XXXXX1 | AC9: =IF(D9="",0,COUNTIF(G9:AB9,"Y")) -> 0 | AD9: =IF(D9="","",VLOOKUP(AC9,TORCH_Tables!$Q$3:$R$29,2,FALSE)) -> 16.4
A10: 45356 | B10: 3 | C10: 3A | D10: Lname2 | E10: Fname2 | F10: XXXXX2 | AC10: =IF(D10="",0,COUNTIF(G10:AB10,"Y")) -> 0 | AD10: =IF(D10="","",VLOOKUP(AC10,TORCH_Tables!$Q$3:$R$29,2,FALSE)) -> 16.4
A11: 45356 | B11: 3 | C11: 3A | D11: Lname3 | E11: Fname3 | F11: XXXXX3 | AC11: =IF(D11="",0,COUNTIF(G11:AB11,"Y")) -> 0 | AD11: =IF(D11="","",VLOOKUP(AC11,TORCH_Tables!$Q$3:$R$29,2,FALSE)) -> 16.4
A12: 45356 | B12: 3 | C12: 3A | D12: Lname4 | E12: Fname4 | F12: XXXXX4 | AC12: =IF(D12="",0,COUNTIF(G12:AB12,"Y")) -> 0 | AD12: =IF(D12="","",VLOOKUP(AC12,TORCH_Tables!$Q$3:$R$29,2,FALSE)) -> 16.4
A13: 45356 | B13: 3 | C13: 3B | D13: ULname13 | E13: UFname13 | F13: UNLISTED | AC13: =IF(D13="",0,COUNTIF(G13:AB13,"Y")) -> 0 | AD13: =IF(D13="","",VLOOKUP(AC13,TORCH_Tables!$Q$3:$R$29,2,FALSE)) -> 16.4
A14: 45356 | B14: 3 | C14: 3A | D14: Lname5 | E14: Fname5 | F14: XXXXX5 | AC14: =IF(D14="",0,COUNTIF(G14:AB14,"Y")) -> 0 | AD14: =IF(D14="","",VLOOKUP(AC14,TORCH_Tables!$Q$3:$R$29,2,FALSE)) -> 16.4
A15: 45356 | B15: 3 | C15: 3B | D15: Lname6 | E15: Fname6 | F15: XXXXX6 | AC15: =IF(D15="",0,COUNTIF(G15:AB15,"Y")) -> 0 | AD15: =IF(D15="","",VLOOKUP(AC15,TORCH_Tables!$Q$3:$R$29,2,FALSE)) -> 16.4
A16: 45356 | B16: 3 | C16: 3B | D16: Lname7 | E16: Fname7 | F16: XXXXX7 | AC16: =IF(D16="",0,COUNTIF(G16:AB16,"Y")) -> 0 | AD16: =IF(D16="","",VLOOKUP(AC16,TORCH_Tables!$Q$3:$R$29,2,FALSE)) -> 16.4
A17: 45356 | B17: 3 | C17: 3B | D17: Lname8 | E17: Fname8 | F17: XXXXX8 | AC17: =IF(D17="",0,COUNTIF(G17:AB17,"Y")) -> 0 | AD17: =IF(D17="","",VLOOKUP(AC17,TORCH_Tables!$Q$3:$R$29,2,FALSE)) -> 16.4
A18: 45356 | B18: 3 | C18: 3B | D18: Lname9 | E18: Fname9 | F18: XXXXX9 | AC18: =IF(D18="",0,COUNTIF(G18:AB18,"Y")) -> 0 | AD18: =IF(D18="","",VLOOKUP(AC18,TORCH_Tables!$Q$3:$R$29,2,FALSE)) -> 16.4
A19: 45356 | B19: 3 | C19: 3B | D19: Lname10 | E19: Fname10 | F19: XXXXX10 | AC19: =IF(D19="",0,COUNTIF(G19:AB19,"Y")) -> 0 | AD19: =IF(D19="","",VLOOKUP(AC19,TORCH_Tables!$Q$3:$R$29,2,FALSE)) -> 16.4
AC20: =IF(D20="",0,COUNTIF(G20:AB20,"Y")) -> 0 | AD20: =IF(D20="","",VLOOKUP(AC20,TORCH_Tables!$Q$3:$R$29,2,FALSE))
AC21: =IF(D21="",0,COUNTIF(G21:AB21,"Y")) -> 0 | AD21: =IF(D21="","",VLOOKUP(AC21,TORCH_Tables!$Q$3:$R$29,2,FALSE))
AC22: =IF(D22="",0,COUNTIF(G22:AB22,"Y")) -> 0 | AD22: =IF(D22="","",VLOOKUP(AC22,TORCH_Tables!$Q$3:$R$29,2,FALSE))
AC23: =IF(D23="",0,COUNTIF(G23:AB23,"Y")) -> 0 | AD23: =IF(D23="","",VLOOKUP(AC23,TORCH_Tables!$Q$3:$R$29,2,FALSE))
AC24: =IF(D24="",0,COUNTIF(G24:AB24,"Y")) -> 0 | AD24: =IF(D24="","",VLOOKUP(AC24,TORCH_Tables!$Q$3:$R$29,2,FALSE))
AC25: =IF(D25="",0,COUNTIF(G25:AB25,"Y")) -> 0 | AD25: =IF(D25="","",VLOOKUP(AC25,TORCH_Tables!$Q$3:$R$29,2,FALSE))
AC26: =IF(D26="",0,COUNTIF(G26:AB26,"Y")) -> 0 | AD26: =IF(D26="","",VLOOKUP(AC26,TORCH_Tables!$Q$3:$R$29,2,FALSE))
AC27: =IF(D27="",0,COUNTIF(G27:AB27,"Y")) -> 0 | AD27: =IF(D27="","",VLOOKUP(AC27,TORCH_Tables!$Q$3:$R$29,2,FALSE))
AC28: =IF(D28="",0,COUNTIF(G28:AB28,"Y")) -> 0 | AD28: =IF(D28="","",VLOOKUP(AC28,TORCH_Tables!$Q$3:$R$29,2,FALSE))
AC29: =IF(D29="",0,COUNTIF(G29:AB29,"Y")) -> 0 | AD29: =IF(D29="","",VLOOKUP(AC29,TORCH_Tables!$Q$3:$R$29,2,FALSE))
AC30: =IF(D30="",0,COUNTIF(G30:AB30,"Y")) -> 0 | AD30: =IF(D30="","",VLOOKUP(AC30,TORCH_Tables!$Q$3:$R$29,2,FALSE))
AC31: =IF(D31="",0,COUNTIF(G31:AB31,"Y")) -> 0 | AD31: =IF(D31="","",VLOOKUP(AC31,TORCH_Tables!$Q$3:$R$29,2,FALSE))
... AC503: =IF(D503="",0,COUNTIF(G503:AB503,"Y")) -> 0 | AD503: =IF(D503="","",VLOOKUP(AC503,TORCH_Tables!$Q$3:$R$29,2,FALSE))

Sheet Accident
A1: TORCH - The Accident
G3: QUESTION No. and ANSWER KEY (Enter the student's response - "Y" if correct, "N" if incorrect)
E4: Question Number | G4: 1 | H4: 2 | I4: 3 | J4: 4 | K4: 5 | L4: 6 | M4: 7 | N4: 8 | O4: 9 | P4: 10 | Q4: 11 | R4: 12 | S4: 13 | T4: 14 | U4: 15 | V4: 16 | W4: 17 | X4: 18 | Y4: 19 | Z4: 20 | AA4: 21 | AB4: 22 | AC4: 23
E5: Item Difficulty
E6: Skill Assessed
A8: Date (dd/mm/yy) | B8: Yr_Lev | C8: HG | D8: Surname | E8: First_Name | F8: Student_ID | G8: Y | H8: Y | I8: Y | J8: Y | K8: Y | L8: Y | M8: Y | N8: Y | O8: Y | P8: Y | Q8: Y | R8: Y | S8: Y | T8: Y | U8: Y | V8: Y | W8: Y | X8: Y | Y8: Y | Z8: Y | AA8: Y | AB8: Y | AC8: Y | AD8: Raw Score | AE8: TORCH Score
A9: 45356 | B9: 3 | C9: 3A | D9: Lname1 | E9: Fname1 | F9: XXXXX1 | AD9: =IF(D9="",0,COUNTIF(G9:AC9,"Y")) -> 0 | AE9: =IF(D9="","",VLOOKUP(AD9,TORCH_Tables!$S$3:$T$29,2,FALSE)) -> 21.3
A10: 45356 | B10: 3 | C10: 3A | D10: Lname2 | E10: Fname2 | F10: XXXXX2 | AD10: =IF(D10="",0,COUNTIF(G10:AC10,"Y")) -> 0 | AE10: =IF(D10="","",VLOOKUP(AD10,TORCH_Tables!$S$3:$T$29,2,FALSE)) -> 21.3
A11: 45356 | B11: 3 | C11: 3A | D11: Lname3 | E11: Fname3 | F11: XXXXX3 | AD11: =IF(D11="",0,COUNTIF(G11:AC11,"Y")) -> 0 | AE11: =IF(D11="","",VLOOKUP(AD11,TORCH_Tables!$S$3:$T$29,2,FALSE)) -> 21.3
A12: 45356 | B12: 3 | C12: 3A | D12: Lname4 | E12: Fname4 | F12: XXXXX4 | AD12: =IF(D12="",0,COUNTIF(G12:AC12,"Y")) -> 0 | AE12: =IF(D12="","",VLOOKUP(AD12,TORCH_Tables!$S$3:$T$29,2,FALSE)) -> 21.3
A13: 45356 | B13: 3 | C13: 3B | D13: ULname13 | E13: UFname13 | F13: UNLISTED | AD13: =IF(D13="",0,COUNTIF(G13:AC13,"Y")) -> 0 | AE13: =IF(D13="","",VLOOKUP(AD13,TORCH_Tables!$S$3:$T$29,2,FALSE)) -> 21.3
A14: 45356 | B14: 3 | C14: 3A | D14: Lname5 | E14: Fname5 | F14: XXXXX5 | AD14: =IF(D14="",0,COUNTIF(G14:AC14,"Y")) -> 0 | AE14: =IF(D14="","",VLOOKUP(AD14,TORCH_Tables!$S$3:$T$29,2,FALSE)) -> 21.3
A15: 45356 | B15: 3 | C15: 3B | D15: Lname6 | E15: Fname6 | F15: XXXXX6 | AD15: =IF(D15="",0,COUNTIF(G15:AC15,"Y")) -> 0 | AE15: =IF(D15="","",VLOOKUP(AD15,TORCH_Tables!$S$3:$T$29,2,FALSE)) -> 21.3
A16: 45356 | B16: 3 | C16: 3B | D16: Lname7 | E16: Fname7 | F16: XXXXX7 | AD16: =IF(D16="",0,COUNTIF(G16:AC16,"Y")) -> 0 | AE16: =IF(D16="","",VLOOKUP(AD16,TORCH_Tables!$S$3:$T$29,2,FALSE)) -> 21.3
A17: 45356 | B17: 3 | C17: 3B | D17: Lname8 | E17: Fname8 | F17: XXXXX8 | AD17: =IF(D17="",0,COUNTIF(G17:AC17,"Y")) -> 0 | AE17: =IF(D17="","",VLOOKUP(AD17,TORCH_Tables!$S$3:$T$29,2,FALSE)) -> 21.3
A18: 45356 | B18: 3 | C18: 3B | D18: Lname9 | E18: Fname9 | F18: XXXXX9 | AD18: =IF(D18="",0,COUNTIF(G18:AC18,"Y")) -> 0 | AE18: =IF(D18="","",VLOOKUP(AD18,TORCH_Tables!$S$3:$T$29,2,FALSE)) -> 21.3
A19: 45356 | B19: 3 | C19: 3B | D19: Lname10 | E19: Fname10 | F19: XXXXX10 | AD19: =IF(D19="",0,COUNTIF(G19:AC19,"Y")) -> 0 | AE19: =IF(D19="","",VLOOKUP(AD19,TORCH_Tables!$S$3:$T$29,2,FALSE)) -> 21.3
AD20: =IF(D20="",0,COUNTIF(G20:AC20,"Y")) -> 0 | AE20: =IF(D20="","",VLOOKUP(AD20,TORCH_Tables!$S$3:$T$29,2,FALSE))
AD21: =IF(D21="",0,COUNTIF(G21:AC21,"Y")) -> 0 | AE21: =IF(D21="","",VLOOKUP(AD21,TORCH_Tables!$S$3:$T$29,2,FALSE))
AD22: =IF(D22="",0,COUNTIF(G22:AC22,"Y")) -> 0 | AE22: =IF(D22="","",VLOOKUP(AD22,TORCH_Tables!$S$3:$T$29,2,FALSE))
AD23: =IF(D23="",0,COUNTIF(G23:AC23,"Y")) -> 0 | AE23: =IF(D23="","",VLOOKUP(AD23,TORCH_Tables!$S$3:$T$29,2,FALSE))
AD24: =IF(D24="",0,COUNTIF(G24:AC24,"Y")) -> 0 | AE24: =IF(D24="","",VLOOKUP(AD24,TORCH_Tables!$S$3:$T$29,2,FALSE))
AD25: =IF(D25="",0,COUNTIF(G25:AC25,"Y")) -> 0 | AE25: =IF(D25="","",VLOOKUP(AD25,TORCH_Tables!$S$3:$T$29,2,FALSE))
AD26: =IF(D26="",0,COUNTIF(G26:AC26,"Y")) -> 0 | AE26: =IF(D26="","",VLOOKUP(AD26,TORCH_Tables!$S$3:$T$29,2,FALSE))
AD27: =IF(D27="",0,COUNTIF(G27:AC27,"Y")) -> 0 | AE27: =IF(D27="","",VLOOKUP(AD27,TORCH_Tables!$S$3:$T$29,2,FALSE))
AD28: =IF(D28="",0,COUNTIF(G28:AC28,"Y")) -> 0 | AE28: =IF(D28="","",VLOOKUP(AD28,TORCH_Tables!$S$3:$T$29,2,FALSE))
AD29: =IF(D29="",0,COUNTIF(G29:AC29,"Y")) -> 0 | AE29: =IF(D29="","",VLOOKUP(AD29,TORCH_Tables!$S$3:$T$29,2,FALSE))
AD30: =IF(D30="",0,COUNTIF(G30:AC30,"Y")) -> 0 | AE30: =IF(D30="","",VLOOKUP(AD30,TORCH_Tables!$S$3:$T$29,2,FALSE))
AD31: =IF(D31="",0,COUNTIF(G31:AC31,"Y")) -> 0 | AE31: =IF(D31="","",VLOOKUP(AD31,TORCH_Tables!$S$3:$T$29,2,FALSE))
... AD503: =IF(D503="",0,COUNTIF(G503:AC503,"Y")) -> 0 | AE503: =IF(D503="","",VLOOKUP(AD503,TORCH_Tables!$S$3:$T$29,2,FALSE))

Sheet RedAce
A1: TORCH - The Red Ace of Spades
G3: QUESTION No. and ANSWER KEY (Enter the student's response - "Y" if correct, "N" if incorrect)
E4: Question Number | G4: 1 | H4: 2 | I4: 3 | J4: 4 | K4: 5 | L4: 6 | M4: 7 | N4: 8 | O4: 9 | P4: 10 | Q4: 11 | R4: 12 | S4: 13 | T4: 14 | U4: 15 | V4: 16 | W4: 17 | X4: 18 | Y4: 19 | Z4: 20 | AA4: 21 | AB4: 22
E5: Item Difficulty
E6: Skill Assessed
A8: Date (dd/mm/yy) | B8: Yr_Lev | C8: HG | D8: Surname | E8: First_Name | F8: Student_ID | G8: Y | H8: Y | I8: Y | J8: Y | K8: Y | L8: Y | M8: Y | N8: Y | O8: Y | P8: Y | Q8: Y | R8: Y | S8: Y | T8: Y | U8: Y | V8: Y | W8: Y | X8: Y | Y8: Y | Z8: Y | AA8: Y | AB8: Y | AC8: Raw Score | AD8: TORCH Score
A9: 45356 | B9: 3 | C9: 3A | D9: Lname1 | E9: Fname1 | F9: XXXXX1 | AC9: =IF(D9="",0,COUNTIF(G9:AB9,"Y")) -> 0 | AD9: =IF(D9="","",VLOOKUP(AC9,TORCH_Tables!$U$3:$V$29,2,FALSE)) -> 23.7
A10: 45356 | B10: 3 | C10: 3A | D10: Lname2 | E10: Fname2 | F10: XXXXX2 | AC10: =IF(D10="",0,COUNTIF(G10:AB10,"Y")) -> 0 | AD10: =IF(D10="","",VLOOKUP(AC10,TORCH_Tables!$U$3:$V$29,2,FALSE)) -> 23.7
A11: 45356 | B11: 3 | C11: 3A | D11: Lname3 | E11: Fname3 | F11: XXXXX3 | AC11: =IF(D11="",0,COUNTIF(G11:AB11,"Y")) -> 0 | AD11: =IF(D11="","",VLOOKUP(AC11,TORCH_Tables!$U$3:$V$29,2,FALSE)) -> 23.7
A12: 45356 | B12: 3 | C12: 3A | D12: Lname4 | E12: Fname4 | F12: XXXXX4 | AC12: =IF(D12="",0,COUNTIF(G12:AB12,"Y")) -> 0 | AD12: =IF(D12="","",VLOOKUP(AC12,TORCH_Tables!$U$3:$V$29,2,FALSE)) -> 23.7
A13: 45356 | B13: 3 | C13: 3B | D13: ULname13 | E13: UFname13 | F13: UNLISTED | AC13: =IF(D13="",0,COUNTIF(G13:AB13,"Y")) -> 0 | AD13: =IF(D13="","",VLOOKUP(AC13,TORCH_Tables!$U$3:$V$29,2,FALSE)) -> 23.7
A14: 45356 | B14: 3 | C14: 3A | D14: Lname5 | E14: Fname5 | F14: XXXXX5 | AC14: =IF(D14="",0,COUNTIF(G14:AB14,"Y")) -> 0 | AD14: =IF(D14="","",VLOOKUP(AC14,TORCH_Tables!$U$3:$V$29,2,FALSE)) -> 23.7
A15: 45356 | B15: 3 | C15: 3B | D15: Lname6 | E15: Fname6 | F15: XXXXX6 | AC15: =IF(D15="",0,COUNTIF(G15:AB15,"Y")) -> 0 | AD15: =IF(D15="","",VLOOKUP(AC15,TORCH_Tables!$U$3:$V$29,2,FALSE)) -> 23.7
A16: 45356 | B16: 3 | C16: 3B | D16: Lname7 | E16: Fname7 | F16: XXXXX7 | AC16: =IF(D16="",0,COUNTIF(G16:AB16,"Y")) -> 0 | AD16: =IF(D16="","",VLOOKUP(AC16,TORCH_Tables!$U$3:$V$29,2,FALSE)) -> 23.7
A17: 45356 | B17: 3 | C17: 3B | D17: Lname8 | E17: Fname8 | F17: XXXXX8 | AC17: =IF(D17="",0,COUNTIF(G17:AB17,"Y")) -> 0 | AD17: =IF(D17="","",VLOOKUP(AC17,TORCH_Tables!$U$3:$V$29,2,FALSE)) -> 23.7
A18: 45356 | B18: 3 | C18: 3B | D18: Lname9 | E18: Fname9 | F18: XXXXX9 | AC18: =IF(D18="",0,COUNTIF(G18:AB18,"Y")) -> 0 | AD18: =IF(D18="","",VLOOKUP(AC18,TORCH_Tables!$U$3:$V$29,2,FALSE)) -> 23.7
A19: 45356 | B19: 3 | C19: 3B | D19: Lname10 | E19: Fname10 | F19: XXXXX10 | AC19: =IF(D19="",0,COUNTIF(G19:AB19,"Y")) -> 0 | AD19: =IF(D19="","",VLOOKUP(AC19,TORCH_Tables!$U$3:$V$29,2,FALSE)) -> 23.7
AC20: =IF(D20="",0,COUNTIF(G20:AB20,"Y")) -> 0 | AD20: =IF(D20="","",VLOOKUP(AC20,TORCH_Tables!$U$3:$V$29,2,FALSE))
AC21: =IF(D21="",0,COUNTIF(G21:AB21,"Y")) -> 0 | AD21: =IF(D21="","",VLOOKUP(AC21,TORCH_Tables!$U$3:$V$29,2,FALSE))
AC22: =IF(D22="",0,COUNTIF(G22:AB22,"Y")) -> 0 | AD22: =IF(D22="","",VLOOKUP(AC22,TORCH_Tables!$U$3:$V$29,2,FALSE))
AC23: =IF(D23="",0,COUNTIF(G23:AB23,"Y")) -> 0 | AD23: =IF(D23="","",VLOOKUP(AC23,TORCH_Tables!$U$3:$V$29,2,FALSE))
AC24: =IF(D24="",0,COUNTIF(G24:AB24,"Y")) -> 0 | AD24: =IF(D24="","",VLOOKUP(AC24,TORCH_Tables!$U$3:$V$29,2,FALSE))
AC25: =IF(D25="",0,COUNTIF(G25:AB25,"Y")) -> 0 | AD25: =IF(D25="","",VLOOKUP(AC25,TORCH_Tables!$U$3:$V$29,2,FALSE))
AC26: =IF(D26="",0,COUNTIF(G26:AB26,"Y")) -> 0 | AD26: =IF(D26="","",VLOOKUP(AC26,TORCH_Tables!$U$3:$V$29,2,FALSE))
AC27: =IF(D27="",0,COUNTIF(G27:AB27,"Y")) -> 0 | AD27: =IF(D27="","",VLOOKUP(AC27,TORCH_Tables!$U$3:$V$29,2,FALSE))
AC28: =IF(D28="",0,COUNTIF(G28:AB28,"Y")) -> 0 | AD28: =IF(D28="","",VLOOKUP(AC28,TORCH_Tables!$U$3:$V$29,2,FALSE))
AC29: =IF(D29="",0,COUNTIF(G29:AB29,"Y")) -> 0 | AD29: =IF(D29="","",VLOOKUP(AC29,TORCH_Tables!$U$3:$V$29,2,FALSE))
AC30: =IF(D30="",0,COUNTIF(G30:AB30,"Y")) -> 0 | AD30: =IF(D30="","",VLOOKUP(AC30,TORCH_Tables!$U$3:$V$29,2,FALSE))
AC31: =IF(D31="",0,COUNTIF(G31:AB31,"Y")) -> 0 | AD31: =IF(D31="","",VLOOKUP(AC31,TORCH_Tables!$U$3:$V$29,2,FALSE))
... AC503: =IF(D503="",0,COUNTIF(G503:AB503,"Y")) -> 0 | AD503: =IF(D503="","",VLOOKUP(AC503,TORCH_Tables!$U$3:$V$29,2,FALSE))

Sheet Rages
A1: TORCH - The Rages of Mrs Torrens
G3: QUESTION No. and ANSWER KEY (Enter the student's response - "Y" if correct, "N" if incorrect)
E4: Question Number | G4: 1 | H4: 2 | I4: 3 | J4: 4 | K4: 5 | L4: 6 | M4: 7 | N4: 8 | O4: 9 | P4: 10 | Q4: 11 | R4: 12 | S4: 13 | T4: 14 | U4: 15 | V4: 16 | W4: 17 | X4: 18 | Y4: 19 | Z4: 20 | AA4: 21 | AB4: 22 | AC4: 23 | AD4: 24 | AE4: 25
E5: Item Difficulty
E6: Skill Assessed
A8: Date (dd/mm/yy) | B8: Yr_Lev | C8: HG | D8: Surname | E8: First_Name | F8: Student_ID | G8: Y | H8: Y | I8: Y | J8: Y | K8: Y | L8: Y | M8: Y | N8: Y | O8: Y | P8: Y | Q8: Y | R8: Y | S8: Y | T8: Y | U8: Y | V8: Y | W8: Y | X8: Y | Y8: Y | Z8: Y | AA8: Y | AB8: Y | AC8: Y | AD8: Y | AE8: Y | AF8: Raw Score | AG8: TORCH Score
A9: 45356 | B9: 3 | C9: 3A | D9: Lname1 | E9: Fname1 | F9: XXXXX1 | AF9: =IF(D9="",0,COUNTIF(G9:AE9,"Y")) -> 0 | AG9: =IF(D9="","",VLOOKUP(AF9,TORCH_Tables!$W$3:$X$29,2,FALSE)) -> 24
A10: 45356 | B10: 3 | C10: 3A | D10: Lname2 | E10: Fname2 | F10: XXXXX2 | AF10: =IF(D10="",0,COUNTIF(G10:AE10,"Y")) -> 0 | AG10: =IF(D10="","",VLOOKUP(AF10,TORCH_Tables!$W$3:$X$29,2,FALSE)) -> 24
A11: 45356 | B11: 3 | C11: 3A | D11: Lname3 | E11: Fname3 | F11: XXXXX3 | AF11: =IF(D11="",0,COUNTIF(G11:AE11,"Y")) -> 0 | AG11: =IF(D11="","",VLOOKUP(AF11,TORCH_Tables!$W$3:$X$29,2,FALSE)) -> 24
A12: 45356 | B12: 3 | C12: 3A | D12: Lname4 | E12: Fname4 | F12: XXXXX4 | AF12: =IF(D12="",0,COUNTIF(G12:AE12,"Y")) -> 0 | AG12: =IF(D12="","",VLOOKUP(AF12,TORCH_Tables!$W$3:$X$29,2,FALSE)) -> 24
A13: 45356 | B13: 3 | C13: 3B | D13: ULname13 | E13: UFname13 | F13: UNLISTED | AF13: =IF(D13="",0,COUNTIF(G13:AE13,"Y")) -> 0 | AG13: =IF(D13="","",VLOOKUP(AF13,TORCH_Tables!$W$3:$X$29,2,FALSE)) -> 24
A14: 45356 | B14: 3 | C14: 3A | D14: Lname5 | E14: Fname5 | F14: XXXXX5 | AF14: =IF(D14="",0,COUNTIF(G14:AE14,"Y")) -> 0 | AG14: =IF(D14="","",VLOOKUP(AF14,TORCH_Tables!$W$3:$X$29,2,FALSE)) -> 24
A15: 45356 | B15: 3 | C15: 3B | D15: Lname6 | E15: Fname6 | F15: XXXXX6 | AF15: =IF(D15="",0,COUNTIF(G15:AE15,"Y")) -> 0 | AG15: =IF(D15="","",VLOOKUP(AF15,TORCH_Tables!$W$3:$X$29,2,FALSE)) -> 24
A16: 45356 | B16: 3 | C16: 3B | D16: Lname7 | E16: Fname7 | F16: XXXXX7 | AF16: =IF(D16="",0,COUNTIF(G16:AE16,"Y")) -> 0 | AG16: =IF(D16="","",VLOOKUP(AF16,TORCH_Tables!$W$3:$X$29,2,FALSE)) -> 24
A17: 45356 | B17: 3 | C17: 3B | D17: Lname8 | E17: Fname8 | F17: XXXXX8 | AF17: =IF(D17="",0,COUNTIF(G17:AE17,"Y")) -> 0 | AG17: =IF(D17="","",VLOOKUP(AF17,TORCH_Tables!$W$3:$X$29,2,FALSE)) -> 24
A18: 45356 | B18: 3 | C18: 3B | D18: Lname9 | E18: Fname9 | F18: XXXXX9 | AF18: =IF(D18="",0,COUNTIF(G18:AE18,"Y")) -> 0 | AG18: =IF(D18="","",VLOOKUP(AF18,TORCH_Tables!$W$3:$X$29,2,FALSE)) -> 24
A19: 45356 | B19: 3 | C19: 3B | D19: Lname10 | E19: Fname10 | F19: XXXXX10 | AF19: =IF(D19="",0,COUNTIF(G19:AE19,"Y")) -> 0 | AG19: =IF(D19="","",VLOOKUP(AF19,TORCH_Tables!$W$3:$X$29,2,FALSE)) -> 24
AF20: =IF(D20="",0,COUNTIF(G20:AE20,"Y")) -> 0 | AG20: =IF(D20="","",VLOOKUP(AF20,TORCH_Tables!$W$3:$X$29,2,FALSE))
AF21: =IF(D21="",0,COUNTIF(G21:AE21,"Y")) -> 0 | AG21: =IF(D21="","",VLOOKUP(AF21,TORCH_Tables!$W$3:$X$29,2,FALSE))
AF22: =IF(D22="",0,COUNTIF(G22:AE22,"Y")) -> 0 | AG22: =IF(D22="","",VLOOKUP(AF22,TORCH_Tables!$W$3:$X$29,2,FALSE))
AF23: =IF(D23="",0,COUNTIF(G23:AE23,"Y")) -> 0 | AG23: =IF(D23="","",VLOOKUP(AF23,TORCH_Tables!$W$3:$X$29,2,FALSE))
AF24: =IF(D24="",0,COUNTIF(G24:AE24,"Y")) -> 0 | AG24: =IF(D24="","",VLOOKUP(AF24,TORCH_Tables!$W$3:$X$29,2,FALSE))
AF25: =IF(D25="",0,COUNTIF(G25:AE25,"Y")) -> 0 | AG25: =IF(D25="","",VLOOKUP(AF25,TORCH_Tables!$W$3:$X$29,2,FALSE))
AF26: =IF(D26="",0,COUNTIF(G26:AE26,"Y")) -> 0 | AG26: =IF(D26="","",VLOOKUP(AF26,TORCH_Tables!$W$3:$X$29,2,FALSE))
AF27: =IF(D27="",0,COUNTIF(G27:AE27,"Y")) -> 0 | AG27: =IF(D27="","",VLOOKUP(AF27,TORCH_Tables!$W$3:$X$29,2,FALSE))
AF28: =IF(D28="",0,COUNTIF(G28:AE28,"Y")) -> 0 | AG28: =IF(D28="","",VLOOKUP(AF28,TORCH_Tables!$W$3:$X$29,2,FALSE))
AF29: =IF(D29="",0,COUNTIF(G29:AE29,"Y")) -> 0 | AG29: =IF(D29="","",VLOOKUP(AF29,TORCH_Tables!$W$3:$X$29,2,FALSE))
AF30: =IF(D30="",0,COUNTIF(G30:AE30,"Y")) -> 0 | AG30: =IF(D30="","",VLOOKUP(AF30,TORCH_Tables!$W$3:$X$29,2,FALSE))
AF31: =IF(D31="",0,COUNTIF(G31:AE31,"Y")) -> 0 | AG31: =IF(D31="","",VLOOKUP(AF31,TORCH_Tables!$W$3:$X$29,2,FALSE))
... AF503: =IF(D503="",0,COUNTIF(G503:AE503,"Y")) -> 0 | AG503: =IF(D503="","",VLOOKUP(AF503,TORCH_Tables!$W$3:$X$29,2,FALSE))

Sheet Kiss
A1: TORCH - Kiss and Make Up
G3: QUESTION No. and ANSWER KEY (Enter the student's response - "Y" if correct, "N" if incorrect)
E4: Question Number | G4: 1 | H4: 2 | I4: 3 | J4: 4 | K4: 5 | L4: 6 | M4: 7 | N4: 8 | O4: 9 | P4: 10 | Q4: 11 | R4: 12 | S4: 13 | T4: 14 | U4: 15 | V4: 16 | W4: 17 | X4: 18 | Y4: 19 | Z4: 20 | AA4: 21 | AB4: 22 | AC4: 23 | AD4: 24
E5: Item Difficulty
E6: Skill Assessed
A8: Date (dd/mm/yy) | B8: Yr_Lev | C8: HG | D8: Surname | E8: First_Name | F8: Student_ID | G8: Y | H8: Y | I8: Y | J8: Y | K8: Y | L8: Y | M8: Y | N8: Y | O8: Y | P8: Y | Q8: Y | R8: Y | S8: Y | T8: Y | U8: Y | V8: Y | W8: Y | X8: Y | Y8: Y | Z8: Y | AA8: Y | AB8: Y | AC8: Y | AD8: Y | AE8: Raw Score | AF8: TORCH Score
A9: 45356 | B9: 3 | C9: 3A | D9: Lname1 | E9: Fname1 | F9: XXXXX1 | AE9: =IF(D9="",0,COUNTIF(G9:AD9,"Y")) -> 0 | AF9: =IF(D9="","",VLOOKUP(AE9,TORCH_Tables!$Y$3:$Z$29,2,FALSE)) -> 29
A10: 45356 | B10: 3 | C10: 3A | D10: Lname2 | E10: Fname2 | F10: XXXXX2 | AE10: =IF(D10="",0,COUNTIF(G10:AD10,"Y")) -> 0 | AF10: =IF(D10="","",VLOOKUP(AE10,TORCH_Tables!$Y$3:$Z$29,2,FALSE)) -> 29
A11: 45356 | B11: 3 | C11: 3A | D11: Lname3 | E11: Fname3 | F11: XXXXX3 | AE11: =IF(D11="",0,COUNTIF(G11:AD11,"Y")) -> 0 | AF11: =IF(D11="","",VLOOKUP(AE11,TORCH_Tables!$Y$3:$Z$29,2,FALSE)) -> 29
A12: 45356 | B12: 3 | C12: 3A | D12: Lname4 | E12: Fname4 | F12: XXXXX4 | AE12: =IF(D12="",0,COUNTIF(G12:AD12,"Y")) -> 0 | AF12: =IF(D12="","",VLOOKUP(AE12,TORCH_Tables!$Y$3:$Z$29,2,FALSE)) -> 29
A13: 45356 | B13: 3 | C13: 3B | D13: ULname13 | E13: UFname13 | F13: UNLISTED | AE13: =IF(D13="",0,COUNTIF(G13:AD13,"Y")) -> 0 | AF13: =IF(D13="","",VLOOKUP(AE13,TORCH_Tables!$Y$3:$Z$29,2,FALSE)) -> 29
A14: 45356 | B14: 3 | C14: 3A | D14: Lname5 | E14: Fname5 | F14: XXXXX5 | AE14: =IF(D14="",0,COUNTIF(G14:AD14,"Y")) -> 0 | AF14: =IF(D14="","",VLOOKUP(AE14,TORCH_Tables!$Y$3:$Z$29,2,FALSE)) -> 29
A15: 45356 | B15: 3 | C15: 3B | D15: Lname6 | E15: Fname6 | F15: XXXXX6 | AE15: =IF(D15="",0,COUNTIF(G15:AD15,"Y")) -> 0 | AF15: =IF(D15="","",VLOOKUP(AE15,TORCH_Tables!$Y$3:$Z$29,2,FALSE)) -> 29
A16: 45356 | B16: 3 | C16: 3B | D16: Lname7 | E16: Fname7 | F16: XXXXX7 | AE16: =IF(D16="",0,COUNTIF(G16:AD16,"Y")) -> 0 | AF16: =IF(D16="","",VLOOKUP(AE16,TORCH_Tables!$Y$3:$Z$29,2,FALSE)) -> 29
A17: 45356 | B17: 3 | C17: 3B | D17: Lname8 | E17: Fname8 | F17: XXXXX8 | AE17: =IF(D17="",0,COUNTIF(G17:AD17,"Y")) -> 0 | AF17: =IF(D17="","",VLOOKUP(AE17,TORCH_Tables!$Y$3:$Z$29,2,FALSE)) -> 29
A18: 45356 | B18: 3 | C18: 3B | D18: Lname9 | E18: Fname9 | F18: XXXXX9 | AE18: =IF(D18="",0,COUNTIF(G18:AD18,"Y")) -> 0 | AF18: =IF(D18="","",VLOOKUP(AE18,TORCH_Tables!$Y$3:$Z$29,2,FALSE)) -> 29
A19: 45356 | B19: 3 | C19: 3B | D19: Lname10 | E19: Fname10 | F19: XXXXX10 | AE19: =IF(D19="",0,COUNTIF(G19:AD19,"Y")) -> 0 | AF19: =IF(D19="","",VLOOKUP(AE19,TORCH_Tables!$Y$3:$Z$29,2,FALSE)) -> 29
AE20: =IF(D20="",0,COUNTIF(G20:AD20,"Y")) -> 0 | AF20: =IF(D20="","",VLOOKUP(AE20,TORCH_Tables!$Y$3:$Z$29,2,FALSE))
AE21: =IF(D21="",0,COUNTIF(G21:AD21,"Y")) -> 0 | AF21: =IF(D21="","",VLOOKUP(AE21,TORCH_Tables!$Y$3:$Z$29,2,FALSE))
AE22: =IF(D22="",0,COUNTIF(G22:AD22,"Y")) -> 0 | AF22: =IF(D22="","",VLOOKUP(AE22,TORCH_Tables!$Y$3:$Z$29,2,FALSE))
AE23: =IF(D23="",0,COUNTIF(G23:AD23,"Y")) -> 0 | AF23: =IF(D23="","",VLOOKUP(AE23,TORCH_Tables!$Y$3:$Z$29,2,FALSE))
AE24: =IF(D24="",0,COUNTIF(G24:AD24,"Y")) -> 0 | AF24: =IF(D24="","",VLOOKUP(AE24,TORCH_Tables!$Y$3:$Z$29,2,FALSE))
AE25: =IF(D25="",0,COUNTIF(G25:AD25,"Y")) -> 0 | AF25: =IF(D25="","",VLOOKUP(AE25,TORCH_Tables!$Y$3:$Z$29,2,FALSE))
AE26: =IF(D26="",0,COUNTIF(G26:AD26,"Y")) -> 0 | AF26: =IF(D26="","",VLOOKUP(AE26,TORCH_Tables!$Y$3:$Z$29,2,FALSE))
AE27: =IF(D27="",0,COUNTIF(G27:AD27,"Y")) -> 0 | AF27: =IF(D27="","",VLOOKUP(AE27,TORCH_Tables!$Y$3:$Z$29,2,FALSE))
AE28: =IF(D28="",0,COUNTIF(G28:AD28,"Y")) -> 0 | AF28: =IF(D28="","",VLOOKUP(AE28,TORCH_Tables!$Y$3:$Z$29,2,FALSE))
AE29: =IF(D29="",0,COUNTIF(G29:AD29,"Y")) -> 0 | AF29: =IF(D29="","",VLOOKUP(AE29,TORCH_Tables!$Y$3:$Z$29,2,FALSE))
AE30: =IF(D30="",0,COUNTIF(G30:AD30,"Y")) -> 0 | AF30: =IF(D30="","",VLOOKUP(AE30,TORCH_Tables!$Y$3:$Z$29,2,FALSE))
AE31: =IF(D31="",0,COUNTIF(G31:AD31,"Y")) -> 0 | AF31: =IF(D31="","",VLOOKUP(AE31,TORCH_Tables!$Y$3:$Z$29,2,FALSE))
... AE503: =IF(D503="",0,COUNTIF(G503:AD503,"Y")) -> 0 | AF503: =IF(D503="","",VLOOKUP(AE503,TORCH_Tables!$Y$3:$Z$29,2,FALSE))

Sheet Purple
A1: TORCH - The Purple Children
G3: QUESTION No. and ANSWER KEY (Enter the student's response - "Y" if correct, "N" if incorrect)
E4: Question Number | G4: 1 | H4: 2 | I4: 3 | J4: 4 | K4: 5 | L4: 6 | M4: 7 | N4: 8 | O4: 9 | P4: 10 | Q4: 11 | R4: 12 | S4: 13 | T4: 14 | U4: 15 | V4: 16 | W4: 17 | X4: 18
E5: Item Difficulty
E6: Skill Assessed
A8: Date (dd/mm/yy) | B8: Yr_Lev | C8: HG | D8: Surname | E8: First_Name | F8: Student_ID | G8: Y | H8: Y | I8: Y | J8: Y | K8: Y | L8: Y | M8: Y | N8: Y | O8: Y | P8: Y | Q8: Y | R8: Y | S8: Y | T8: Y | U8: Y | V8: Y | W8: Y | X8: Y | Y8: Raw Score | Z8: TORCH Score
Y9: =IF(D9="",0,COUNTIF(G9:X9,"Y")) -> 0 | Z9: =IF(D9="","",VLOOKUP(Y9,TORCH_Tables!$AA$3:$AB$29,2,FALSE))
Y10: =IF(D10="",0,COUNTIF(G10:X10,"Y")) -> 0 | Z10: =IF(D10="","",VLOOKUP(Y10,TORCH_Tables!$AA$3:$AB$29,2,FALSE))
Y11: =IF(D11="",0,COUNTIF(G11:X11,"Y")) -> 0 | Z11: =IF(D11="","",VLOOKUP(Y11,TORCH_Tables!$AA$3:$AB$29,2,FALSE))
Y12: =IF(D12="",0,COUNTIF(G12:X12,"Y")) -> 0 | Z12: =IF(D12="","",VLOOKUP(Y12,TORCH_Tables!$AA$3:$AB$29,2,FALSE))
Y13: =IF(D13="",0,COUNTIF(G13:X13,"Y")) -> 0 | Z13: =IF(D13="","",VLOOKUP(Y13,TORCH_Tables!$AA$3:$AB$29,2,FALSE))
Y14: =IF(D14="",0,COUNTIF(G14:X14,"Y")) -> 0 | Z14: =IF(D14="","",VLOOKUP(Y14,TORCH_Tables!$AA$3:$AB$29,2,FALSE))
Y15: =IF(D15="",0,COUNTIF(G15:X15,"Y")) -> 0 | Z15: =IF(D15="","",VLOOKUP(Y15,TORCH_Tables!$AA$3:$AB$29,2,FALSE))
Y16: =IF(D16="",0,COUNTIF(G16:X16,"Y")) -> 0 | Z16: =IF(D16="","",VLOOKUP(Y16,TORCH_Tables!$AA$3:$AB$29,2,FALSE))
Y17: =IF(D17="",0,COUNTIF(G17:X17,"Y")) -> 0 | Z17: =IF(D17="","",VLOOKUP(Y17,TORCH_Tables!$AA$3:$AB$29,2,FALSE))
Y18: =IF(D18="",0,COUNTIF(G18:X18,"Y")) -> 0 | Z18: =IF(D18="","",VLOOKUP(Y18,TORCH_Tables!$AA$3:$AB$29,2,FALSE))
Y19: =IF(D19="",0,COUNTIF(G19:X19,"Y")) -> 0 | Z19: =IF(D19="","",VLOOKUP(Y19,TORCH_Tables!$AA$3:$AB$29,2,FALSE))
Y20: =IF(D20="",0,COUNTIF(G20:X20,"Y")) -> 0 | Z20: =IF(D20="","",VLOOKUP(Y20,TORCH_Tables!$AA$3:$AB$29,2,FALSE))
... Y503: =IF(D503="",0,COUNTIF(G503:X503,"Y")) -> 0 | Z503: =IF(D503="","",VLOOKUP(Y503,TORCH_Tables!$AA$3:$AB$29,2,FALSE))

Sheet Dissection
A1: TORCH - Dissection in the Classroom
G3: QUESTION No. and ANSWER KEY (Enter the student's response - "Y" if correct, "N" if incorrect)
E4: Question Number | G4: 1 | H4: 2 | I4: 3 | J4: 4 | K4: 5 | L4: 6 | M4: 7 | N4: 8 | O4: 9 | P4: 10 | Q4: 11 | R4: 12 | S4: 13 | T4: 14 | U4: 15 | V4: 16 | W4: 17 | X4: 18 | Y4: 19 | Z4: 20 | AA4: 21 | AB4: 22 | AC4: 23 | AD4: 24 | AE4: 25 | AF4: 26
E5: Item Difficulty
E6: Skill Assessed
A8: Date (dd/mm/yy) | B8: Yr_Lev | C8: HG | D8: Surname | E8: First_Name | F8: Student_ID | G8: Y | H8: Y | I8: Y | J8: Y | K8: Y | L8: Y | M8: Y | N8: Y | O8: Y | P8: Y | Q8: Y | R8: Y | S8: Y | T8: Y | U8: Y | V8: Y | W8: Y | X8: Y | Y8: Y | Z8: Y | AA8: Y | AB8: Y | AC8: Y | AD8: Y | AE8: Y | AF8: Y | AG8: Raw Score | AH8: TORCH Score
A9: 45356 | B9: 3 | C9: 3A | D9: Lname1 | E9: Fname1 | F9: XXXXX1 | AG9: =IF(D9="",0,COUNTIF(G9:AF9,"Y")) -> 0 | AH9: =IF(D9="","",VLOOKUP(AG9,TORCH_Tables!$AC$3:$AD$29,2,FALSE)) -> 36
A10: 45356 | B10: 3 | C10: 3A | D10: Lname2 | E10: Fname2 | F10: XXXXX2 | AG10: =IF(D10="",0,COUNTIF(G10:AF10,"Y")) -> 0 | AH10: =IF(D10="","",VLOOKUP(AG10,TORCH_Tables!$AC$3:$AD$29,2,FALSE)) -> 36
A11: 45356 | B11: 3 | C11: 3A | D11: Lname3 | E11: Fname3 | F11: XXXXX3 | AG11: =IF(D11="",0,COUNTIF(G11:AF11,"Y")) -> 0 | AH11: =IF(D11="","",VLOOKUP(AG11,TORCH_Tables!$AC$3:$AD$29,2,FALSE)) -> 36
A12: 45356 | B12: 3 | C12: 3A | D12: Lname4 | E12: Fname4 | F12: XXXXX4 | AG12: =IF(D12="",0,COUNTIF(G12:AF12,"Y")) -> 0 | AH12: =IF(D12="","",VLOOKUP(AG12,TORCH_Tables!$AC$3:$AD$29,2,FALSE)) -> 36
A13: 45356 | B13: 3 | C13: 3B | D13: ULname13 | E13: UFname13 | F13: UNLISTED | AG13: =IF(D13="",0,COUNTIF(G13:AF13,"Y")) -> 0 | AH13: =IF(D13="","",VLOOKUP(AG13,TORCH_Tables!$AC$3:$AD$29,2,FALSE)) -> 36
A14: 45356 | B14: 3 | C14: 3A | D14: Lname5 | E14: Fname5 | F14: XXXXX5 | AG14: =IF(D14="",0,COUNTIF(G14:AF14,"Y")) -> 0 | AH14: =IF(D14="","",VLOOKUP(AG14,TORCH_Tables!$AC$3:$AD$29,2,FALSE)) -> 36
A15: 45356 | B15: 3 | C15: 3B | D15: Lname6 | E15: Fname6 | F15: XXXXX6 | AG15: =IF(D15="",0,COUNTIF(G15:AF15,"Y")) -> 0 | AH15: =IF(D15="","",VLOOKUP(AG15,TORCH_Tables!$AC$3:$AD$29,2,FALSE)) -> 36
A16: 45356 | B16: 3 | C16: 3B | D16: Lname7 | E16: Fname7 | F16: XXXXX7 | AG16: =IF(D16="",0,COUNTIF(G16:AF16,"Y")) -> 0 | AH16: =IF(D16="","",VLOOKUP(AG16,TORCH_Tables!$AC$3:$AD$29,2,FALSE)) -> 36
A17: 45356 | B17: 3 | C17: 3B | D17: Lname8 | E17: Fname8 | F17: XXXXX8 | AG17: =IF(D17="",0,COUNTIF(G17:AF17,"Y")) -> 0 | AH17: =IF(D17="","",VLOOKUP(AG17,TORCH_Tables!$AC$3:$AD$29,2,FALSE)) -> 36
A18: 45356 | B18: 3 | C18: 3B | D18: Lname9 | E18: Fname9 | F18: XXXXX9 | AG18: =IF(D18="",0,COUNTIF(G18:AF18,"Y")) -> 0 | AH18: =IF(D18="","",VLOOKUP(AG18,TORCH_Tables!$AC$3:$AD$29,2,FALSE)) -> 36
A19: 45356 | B19: 3 | C19: 3B | D19: Lname10 | E19: Fname10 | F19: XXXXX10 | AG19: =IF(D19="",0,COUNTIF(G19:AF19,"Y")) -> 0 | AH19: =IF(D19="","",VLOOKUP(AG19,TORCH_Tables!$AC$3:$AD$29,2,FALSE)) -> 36
AG20: =IF(D20="",0,COUNTIF(G20:AF20,"Y")) -> 0 | AH20: =IF(D20="","",VLOOKUP(AG20,TORCH_Tables!$AC$3:$AD$29,2,FALSE))
AG21: =IF(D21="",0,COUNTIF(G21:AF21,"Y")) -> 0 | AH21: =IF(D21="","",VLOOKUP(AG21,TORCH_Tables!$AC$3:$AD$29,2,FALSE))
AG22: =IF(D22="",0,COUNTIF(G22:AF22,"Y")) -> 0 | AH22: =IF(D22="","",VLOOKUP(AG22,TORCH_Tables!$AC$3:$AD$29,2,FALSE))
AG23: =IF(D23="",0,COUNTIF(G23:AF23,"Y")) -> 0 | AH23: =IF(D23="","",VLOOKUP(AG23,TORCH_Tables!$AC$3:$AD$29,2,FALSE))
AG24: =IF(D24="",0,COUNTIF(G24:AF24,"Y")) -> 0 | AH24: =IF(D24="","",VLOOKUP(AG24,TORCH_Tables!$AC$3:$AD$29,2,FALSE))
AG25: =IF(D25="",0,COUNTIF(G25:AF25,"Y")) -> 0 | AH25: =IF(D25="","",VLOOKUP(AG25,TORCH_Tables!$AC$3:$AD$29,2,FALSE))
AG26: =IF(D26="",0,COUNTIF(G26:AF26,"Y")) -> 0 | AH26: =IF(D26="","",VLOOKUP(AG26,TORCH_Tables!$AC$3:$AD$29,2,FALSE))
AG27: =IF(D27="",0,COUNTIF(G27:AF27,"Y")) -> 0 | AH27: =IF(D27="","",VLOOKUP(AG27,TORCH_Tables!$AC$3:$AD$29,2,FALSE))
AG28: =IF(D28="",0,COUNTIF(G28:AF28,"Y")) -> 0 | AH28: =IF(D28="","",VLOOKUP(AG28,TORCH_Tables!$AC$3:$AD$29,2,FALSE))
AG29: =IF(D29="",0,COUNTIF(G29:AF29,"Y")) -> 0 | AH29: =IF(D29="","",VLOOKUP(AG29,TORCH_Tables!$AC$3:$AD$29,2,FALSE))
AG30: =IF(D30="",0,COUNTIF(G30:AF30,"Y")) -> 0 | AH30: =IF(D30="","",VLOOKUP(AG30,TORCH_Tables!$AC$3:$AD$29,2,FALSE))
AG31: =IF(D31="",0,COUNTIF(G31:AF31,"Y")) -> 0 | AH31: =IF(D31="","",VLOOKUP(AG31,TORCH_Tables!$AC$3:$AD$29,2,FALSE))
... AG503: =IF(D503="",0,COUNTIF(G503:AF503,"Y")) -> 0 | AH503: =IF(D503="","",VLOOKUP(AG503,TORCH_Tables!$AC$3:$AD$29,2,FALSE))

Sheet Professor
A1: TORCH - The Unusual Professor
G3: QUESTION No. and ANSWER KEY (Enter the student's response - "Y" if correct, "N" if incorrect)
E4: Question Number | G4: 1 | H4: 2 | I4: 3 | J4: 4 | K4: 5 | L4: 6 | M4: 7 | N4: 8 | O4: 9 | P4: 10 | Q4: 11 | R4: 12 | S4: 13 | T4: 14 | U4: 15 | V4: 16 | W4: 17 | X4: 18 | Y4: 19 | Z4: 20 | AA4: 21 | AB4: 22 | AC4: 23 | AD4: 24 | AE4: 25 | AF4: 26
E5: Item Difficulty
E6: Skill Assessed
A8: Date (dd/mm/yy) | B8: Yr_Lev | C8: HG | D8: Surname | E8: First_Name | F8: Student_ID | G8: Y | H8: Y | I8: Y | J8: Y | K8: Y | L8: Y | M8: Y | N8: Y | O8: Y | P8: Y | Q8: Y | R8: Y | S8: Y | T8: Y | U8: Y | V8: Y | W8: Y | X8: Y | Y8: Y | Z8: Y | AA8: Y | AB8: Y | AC8: Y | AD8: Y | AE8: Y | AF8: Y | AG8: Raw Score | AH8: TORCH Score
A9: 45356 | B9: 3 | C9: 3A | D9: Lname1 | E9: Fname1 | F9: XXXXX1 | AG9: =IF(D9="",0,COUNTIF(G9:AF9,"Y")) -> 0 | AH9: =IF(D9="","",VLOOKUP(AG9,TORCH_Tables!$AE$3:$AF$29,2,FALSE)) -> 38
A10: 45356 | B10: 3 | C10: 3A | D10: Lname2 | E10: Fname2 | F10: XXXXX2 | AG10: =IF(D10="",0,COUNTIF(G10:AF10,"Y")) -> 0 | AH10: =IF(D10="","",VLOOKUP(AG10,TORCH_Tables!$AE$3:$AF$29,2,FALSE)) -> 38
A11: 45356 | B11: 3 | C11: 3A | D11: Lname3 | E11: Fname3 | F11: XXXXX3 | AG11: =IF(D11="",0,COUNTIF(G11:AF11,"Y")) -> 0 | AH11: =IF(D11="","",VLOOKUP(AG11,TORCH_Tables!$AE$3:$AF$29,2,FALSE)) -> 38
A12: 45356 | B12: 3 | C12: 3A | D12: Lname4 | E12: Fname4 | F12: XXXXX4 | AG12: =IF(D12="",0,COUNTIF(G12:AF12,"Y")) -> 0 | AH12: =IF(D12="","",VLOOKUP(AG12,TORCH_Tables!$AE$3:$AF$29,2,FALSE)) -> 38
A13: 45356 | B13: 3 | C13: 3B | D13: ULname13 | E13: UFname13 | F13: UNLISTED | AG13: =IF(D13="",0,COUNTIF(G13:AF13,"Y")) -> 0 | AH13: =IF(D13="","",VLOOKUP(AG13,TORCH_Tables!$AE$3:$AF$29,2,FALSE)) -> 38
A14: 45356 | B14: 3 | C14: 3A | D14: Lname5 | E14: Fname5 | F14: XXXXX5 | AG14: =IF(D14="",0,COUNTIF(G14:AF14,"Y")) -> 0 | AH14: =IF(D14="","",VLOOKUP(AG14,TORCH_Tables!$AE$3:$AF$29,2,FALSE)) -> 38
A15: 45356 | B15: 3 | C15: 3B | D15: Lname6 | E15: Fname6 | F15: XXXXX6 | AG15: =IF(D15="",0,COUNTIF(G15:AF15,"Y")) -> 0 | AH15: =IF(D15="","",VLOOKUP(AG15,TORCH_Tables!$AE$3:$AF$29,2,FALSE)) -> 38
A16: 45356 | B16: 3 | C16: 3B | D16: Lname7 | E16: Fname7 | F16: XXXXX7 | AG16: =IF(D16="",0,COUNTIF(G16:AF16,"Y")) -> 0 | AH16: =IF(D16="","",VLOOKUP(AG16,TORCH_Tables!$AE$3:$AF$29,2,FALSE)) -> 38
A17: 45356 | B17: 3 | C17: 3B | D17: Lname8 | E17: Fname8 | F17: XXXXX8 | AG17: =IF(D17="",0,COUNTIF(G17:AF17,"Y")) -> 0 | AH17: =IF(D17="","",VLOOKUP(AG17,TORCH_Tables!$AE$3:$AF$29,2,FALSE)) -> 38
A18: 45356 | B18: 3 | C18: 3B | D18: Lname9 | E18: Fname9 | F18: XXXXX9 | AG18: =IF(D18="",0,COUNTIF(G18:AF18,"Y")) -> 0 | AH18: =IF(D18="","",VLOOKUP(AG18,TORCH_Tables!$AE$3:$AF$29,2,FALSE)) -> 38
A19: 45356 | B19: 3 | C19: 3B | D19: Lname10 | E19: Fname10 | F19: XXXXX10 | AG19: =IF(D19="",0,COUNTIF(G19:AF19,"Y")) -> 0 | AH19: =IF(D19="","",VLOOKUP(AG19,TORCH_Tables!$AE$3:$AF$29,2,FALSE)) -> 38
AG20: =IF(D20="",0,COUNTIF(G20:AF20,"Y")) -> 0 | AH20: =IF(D20="","",VLOOKUP(AG20,TORCH_Tables!$AE$3:$AF$29,2,FALSE))
AG21: =IF(D21="",0,COUNTIF(G21:AF21,"Y")) -> 0 | AH21: =IF(D21="","",VLOOKUP(AG21,TORCH_Tables!$AE$3:$AF$29,2,FALSE))
AG22: =IF(D22="",0,COUNTIF(G22:AF22,"Y")) -> 0 | AH22: =IF(D22="","",VLOOKUP(AG22,TORCH_Tables!$AE$3:$AF$29,2,FALSE))
AG23: =IF(D23="",0,COUNTIF(G23:AF23,"Y")) -> 0 | AH23: =IF(D23="","",VLOOKUP(AG23,TORCH_Tables!$AE$3:$AF$29,2,FALSE))
AG24: =IF(D24="",0,COUNTIF(G24:AF24,"Y")) -> 0 | AH24: =IF(D24="","",VLOOKUP(AG24,TORCH_Tables!$AE$3:$AF$29,2,FALSE))
AG25: =IF(D25="",0,COUNTIF(G25:AF25,"Y")) -> 0 | AH25: =IF(D25="","",VLOOKUP(AG25,TORCH_Tables!$AE$3:$AF$29,2,FALSE))
AG26: =IF(D26="",0,COUNTIF(G26:AF26,"Y")) -> 0 | AH26: =IF(D26="","",VLOOKUP(AG26,TORCH_Tables!$AE$3:$AF$29,2,FALSE))
AG27: =IF(D27="",0,COUNTIF(G27:AF27,"Y")) -> 0 | AH27: =IF(D27="","",VLOOKUP(AG27,TORCH_Tables!$AE$3:$AF$29,2,FALSE))
AG28: =IF(D28="",0,COUNTIF(G28:AF28,"Y")) -> 0 | AH28: =IF(D28="","",VLOOKUP(AG28,TORCH_Tables!$AE$3:$AF$29,2,FALSE))
AG29: =IF(D29="",0,COUNTIF(G29:AF29,"Y")) -> 0 | AH29: =IF(D29="","",VLOOKUP(AG29,TORCH_Tables!$AE$3:$AF$29,2,FALSE))
AG30: =IF(D30="",0,COUNTIF(G30:AF30,"Y")) -> 0 | AH30: =IF(D30="","",VLOOKUP(AG30,TORCH_Tables!$AE$3:$AF$29,2,FALSE))
AG31: =IF(D31="",0,COUNTIF(G31:AF31,"Y")) -> 0 | AH31: =IF(D31="","",VLOOKUP(AG31,TORCH_Tables!$AE$3:$AF$29,2,FALSE))
... AG503: =IF(D503="",0,COUNTIF(G503:AF503,"Y")) -> 0 | AH503: =IF(D503="","",VLOOKUP(AG503,TORCH_Tables!$AE$3:$AF$29,2,FALSE))

Sheet TORCH_Tables
A1: Grass Hoppers | C1: Lizards Love Eggs | E1: At the Zoo | G1: Feeding Puff | I1: Donna Dingo | K1: The Cats | M1: The Swamp-Creature | O1: Matches | Q1: She's Crying | S1: The Accident | U1: The Red Ace of Spades | W1: The Rages of Mrs Torrens | Y1: Kis and Make Up | AA1: The Purple Children | AC1: Dissection in the Classroom | AE1: An Unusual Professor
A2: Raw | B2: TORCH | C2: Raw | D2: TORCH | E2: Raw | F2: TORCH | G2: Raw | H2: TORCH | I2: Raw | J2: TORCH | K2: Raw | L2: TORCH | M2: Raw | N2: TORCH | O2: Raw | P2: TORCH | Q2: Raw | R2: TORCH | S2: Raw | T2: TORCH | U2: Raw | V2: TORCH | W2: Raw | X2: TORCH | Y2: Raw | Z2: TORCH | AA2: Raw | AB2: TORCH | AC2: Raw | AD2: TORCH | AE2: Raw | AF2: TORCH
AC3: 26 | AD3: 101 | AE3: 26 | AF3: 100
W4: 25 | X4: 90 | AC4: 25 | AD4: 94.1 | AE4: 25 | AF4: 93.6
M5: 24 | N5: 77 | W5: 24 | X5: 82.4 | Y5: 24 | Z5: 96 | AC5: 24 | AD5: 88.8 | AE5: 24 | AF5: 88.6
M6: 23 | N6: 67.4 | S6: 23 | T6: 78.2 | W6: 23 | X6: 77 | Y6: 23 | Z6: 88.4 | AC6: 23 | AD6: 85.3 | AE6: 23 | AF6: 85.4
G7: 22 | H7: 67.4 | M7: 22 | N7: 60.7 | Q7: 22 | R7: 80.9 | S7: 22 | T7: 71.5 | U7: 22 | V7: 84.4 | W7: 22 | X7: 73.5 | Y7: 22 | Z7: 83 | AC7: 22 | AD7: 82.6 | AE7: 22 | AF7: 83
G8: 21 | H8: 60.5 | M8: 21 | N8: 56.7 | Q8: 21 | R8: 73.7 | S8: 21 | T8: 66.5 | U8: 21 | V8: 77.5 | W8: 21 | X8: 70.9 | Y8: 21 | Z8: 79.4 | AC8: 21 | AD8: 80.4 | AE8: 21 | AF8: 81
C9: 20 | D9: 63.9 | E9: 20 | F9: 69.1 | G9: 20 | H9: 55.4 | I9: 20 | J9: 68.9 | K9: 20 | L9: 70.8 | M9: 20 | N9: 53.9 | Q9: 20 | R9: 68.4 | S9: 20 | T9: 63.4 | U9: 20 | V9: 72.4 | W9: 20 | X9: 68.7 | Y9: 20 | Z9: 76.6 | AC9: 20 | AD9: 78.4 | AE9: 20 | AF9: 79.3
A10: 19 | B10: 58.6 | C10: 19 | D10: 56.5 | E10: 19 | F10: 61.7 | G10: 19 | H10: 52.2 | I10: 19 | J10: 61.8 | K10: 19 | L10: 63.8 | M10: 19 | N10: 51.7 | O10: 19 | P10: 77.5 | Q10: 19 | R10: 64.9 | S10: 19 | T10: 61 | U10: 19 | V10: 69 | W10: 19 | X10: 66.9 | Y10: 19 | Z10: 74.2 | AC10: 19 | AD10: 76.7 | AE10: 19 | AF10: 77.7
A11: 18 | B11: 51.4 | C11: 18 | D11: 51.1 | E11: 18 | F11: 56 | G11: 18 | H11: 49.7 | I11: 18 | J11: 56.6 | K11: 18 | L11: 58.7 | M11: 18 | N11: 49.9 | O11: 18 | P11: 70.4 | Q11: 18 | R11: 62.2 | S11: 18 | T11: 59.1 | U11: 18 | V11: 66.5 | W11: 18 | X11: 65.2 | Y11: 18 | Z11: 72.2 | AA11: 18 | AB11: 92.3 | AC11: 18 | AD11: 75.1 | AE11: 18 | AF11: 76.2
A12: 17 | B12: 46 | C12: 17 | D12: 47.5 | E12: 17 | F12: 52.1 | G12: 17 | H12: 47.6 | I12: 17 | J12: 53.3 | K12: 17 | L12: 55.4 | M12: 17 | N12: 48.3 | O12: 17 | P12: 65.2 | Q12: 17 | R12: 59.9 | S12: 17 | T12: 57.4 | U12: 17 | V12: 64.3 | W12: 17 | X12: 63.6 | Y12: 17 | Z12: 70.3 | AA12: 17 | AB12: 85.3 | AC12: 17 | AD12: 73.5 | AE12: 17 | AF12: 74.7
A13: 16 | B13: 42.4 | C13: 16 | D13: 44.7 | E13: 16 | F13: 49 | G13: 16 | H13: 45.8 | I13: 16 | J13: 50.6 | K13: 16 | L13: 52.8 | M13: 16 | N13: 46.8 | O13: 16 | P13: 61.9 | Q13: 16 | R13: 57.9 | S13: 16 | T13: 55.8 | U13: 16 | V13: 62.3 | W13: 16 | X13: 62.1 | Y13: 16 | Z13: 68.5 | AA13: 16 | AB13: 80 | AC13: 16 | AD13: 72.1 | AE13: 16 | AF13: 73.4
A14: 15 | B14: 39.6 | C14: 15 | D14: 42.3 | E14: 15 | F14: 46.3 | G14: 15 | H14: 44.2 | I14: 15 | J14: 48.4 | K14: 15 | L14: 50.6 | M14: 15 | N14: 45.4 | O14: 15 | P14: 59.2 | Q14: 15 | R14: 56 | S14: 15 | T14: 54.4 | U14: 15 | V14: 60.5 | W14: 15 | X14: 60.7 | Y14: 15 | Z14: 66.8 | AA14: 15 | AB14: 76.5 | AC14: 15 | AD14: 70.7 | AE14: 15 | AF14: 72.1
A15: 14 | B15: 37.2 | C15: 14 | D15: 40.2 | E15: 14 | F15: 43.8 | G15: 14 | H15: 42.6 | I15: 14 | J15: 46.4 | K15: 14 | L15: 48.7 | M15: 14 | N15: 44.2 | O15: 14 | P15: 57 | Q15: 14 | R15: 54.2 | S15: 14 | T15: 53 | U15: 14 | V15: 58.8 | W15: 14 | X15: 59.3 | Y15: 14 | Z15: 65.2 | AA15: 14 | AB15: 73.9 | AC15: 14 | AD15: 69.3 | AE15: 14 | AF15: 70.8
A16: 13 | B16: 35.1 | C16: 13 | D16: 38.2 | E16: 13 | F16: 41.5 | G16: 13 | H16: 41.2 | I16: 13 | J16: 44.5 | K16: 13 | L16: 46.8 | M16: 13 | N16: 42.9 | O16: 13 | P16: 55 | Q16: 13 | R16: 52.5 | S16: 13 | T16: 51.6 | U16: 13 | V16: 57.2 | W16: 13 | X16: 57.9 | Y16: 13 | Z16: 63.7 | AA16: 13 | AB16: 71.6 | AC16: 13 | AD16: 67.9 | AE16: 13 | AF16: 69.5
A17: 12 | B17: 33.1 | C17: 12 | D17: 36.4 | E17: 12 | F17: 39.4 | G17: 12 | H17: 39.8 | I17: 12 | J17: 42.7 | K17: 12 | L17: 45.1 | M17: 12 | N17: 41.7 | O17: 12 | P17: 53.1 | Q17: 12 | R17: 50.9 | S17: 12 | T17: 50.3 | U17: 12 | V17: 55.6 | W17: 12 | X17: 56.5 | Y17: 12 | Z17: 62.1 | AA17: 12 | AB17: 69.5 | AC17: 12 | AD17: 66.5 | AE17: 12 | AF17: 68.2
A18: 11 | B18: 31.2 | C18: 11 | D18: 34.6 | E18: 11 | F18: 37.4 | G18: 11 | H18: 38.3 | I18: 11 | J18: 41 | K18: 11 | L18: 43.5 | M18: 11 | N18: 40.5 | O18: 11 | P18: 51.3 | Q18: 11 | R18: 49.2 | S18: 11 | T18: 49.1 | U18: 11 | V18: 54.1 | W18: 11 | X18: 55.1 | Y18: 11 | Z18: 60.6 | AA18: 11 | AB18: 67.6 | AC18: 11 | AD18: 65.2 | AE18: 11 | AF18: 66.9
A19: 10 | B19: 29.5 | C19: 10 | D19: 32.8 | E19: 10 | F19: 35.5 | G19: 10 | H19: 36.9 | I19: 10 | J19: 39.2 | K19: 10 | L19: 41.8 | M19: 10 | N19: 39.2 | O19: 10 | P19: 49.6 | Q19: 10 | R19: 47.6 | S19: 10 | T19: 47.8 | U19: 10 | V19: 52.5 | W19: 10 | X19: 53.6 | Y19: 10 | Z19: 59 | AA19: 10 | AB19: 65.6 | AC19: 10 | AD19: 63.8 | AE19: 10 | AF19: 65.5
A20: 9 | B20: 27.7 | C20: 9 | D20: 31 | E20: 9 | F20: 33.7 | G20: 9 | H20: 35.5 | I20: 9 | J20: 37.5 | K20: 9 | L20: 40.2 | M20: 9 | N20: 38 | O20: 9 | P20: 47.9 | Q20: 9 | R20: 45.9 | S20: 9 | T20: 46.5 | U20: 9 | V20: 50.9 | W20: 9 | X20: 52.2 | Y20: 9 | Z20: 57.5 | AA20: 9 | AB20: 63.7 | AC20: 9 | AD20: 62.3 | AE20: 9 | AF20: 64.2
A21: 8 | B21: 25.9 | C21: 8 | D21: 29.2 | E21: 8 | F21: 31.8 | G21: 8 | H21: 34 | I21: 8 | J21: 35.7 | K21: 8 | L21: 38.5 | M21: 8 | N21: 36.7 | O21: 8 | P21: 46.1 | Q21: 8 | R21: 44.1 | S21: 8 | T21: 45.1 | U21: 8 | V21: 49.3 | W21: 8 | X21: 50.6 | Y21: 8 | Z21: 55.8 | AA21: 8 | AB21: 61.8 | AC21: 8 | AD21: 60.8 | AE21: 8 | AF21: 62.7
A22: 7 | B22: 24.1 | C22: 7 | D22: 27.4 | E22: 7 | F22: 30 | G22: 7 | H22: 32.4 | I22: 7 | J22: 33.9 | K22: 7 | L22: 36.8 | M22: 7 | N22: 35.3 | O22: 7 | P22: 44.4 | Q22: 7 | R22: 42.3 | S22: 7 | T22: 43.7 | U22: 7 | V22: 47.7 | W22: 7 | X22: 48.9 | Y22: 7 | Z22: 54.1 | AA22: 7 | AB22: 59.7 | AC22: 7 | AD22: 59.2 | AE22: 7 | AF22: 61.2
... A29: 0 | B29: 1.6 | C29: 0 | D29: 1.6 | E29: 0 | F29: 5.6 | G29: 0 | H29: 9.3 | I29: 0 | J29: 7.2 | K29: 0 | L29: 12.8 | M29: 0 | N29: 13.1 | O29: 0 | P29: 19.3 | Q29: 0 | R29: 16.4 | S29: 0 | T29: 21.3 | U29: 0 | V29: 23.7 | W29: 0 | X29: 24 | Y29: 0 | Z29: 29 | AA29: 0 | AB29: 30.1 | AC29: 0 | AD29: 36 | AE29: 0 | AF29: 38
