Workbook

Sheet Main Menu
B2: PAT-Maths / I can do maths Third Edition Scoring Templates
B4: This series of spreadsheets provide the templates required to enter ACER's PAT-Maths & I can do maths results into the Student Performance Analyser (SPA). Click on the appropriate button (at right) to select the correct Test Booklet proforma to complete. Follow the instructions opposite. | H4: Step 1: Click on the appropriate button (at left) to select the correct Test Booklet proforma to complete. Step 2: For each student, enter the Date (when test was sat), Year Level, Home Group, Name, and Student ID (CASES No. or Student No.). Step 3: For each question, enter their response (their score will be calculated) OR enter their Raw Score OR enter their PAT Score. Step 4: Save and upload into SPA.
B29: Click here to find out more about other tests available from ACER | H29: Click here to find out more about the Student Performance Analyser

Sheet ICDM TBA
A1: I can do maths - Level A
G3: QUESTION No. and ANSWER KEY (Enter the student's response - "Y" if correct; "N" if incorrect )
E4: Question Number | G4: 1 | H4: 2 | I4: 3 | J4: 4 | K4: 5 | L4: 6 | M4: 7 | N4: 8 | O4: 9 | P4: 10 | Q4: 11 | R4: 12 | S4: 13 | T4: 14 | U4: 15 | V4: 16 | W4: 17 | X4: 18 | Y4: 19 | Z4: 20 | AA4: 21 | AB4: 22 | AC4: 23 | AD4: 24 | AE4: 25 | AF4: 26 | AG4: 27 | AH4: 28 | AI4: 29 | AJ4: 30
E5: Item Difficulty | G5: -19 | H5: -22 | I5: -12 | J5: -10 | K5: -8 | L5: -6 | M5: -11 | N5: -20 | O5: -3 | P5: 2 | Q5: 2 | R5: 3 | S5: 5 | T5: -1 | U5: 6 | V5: 14 | W5: 5 | X5: 8 | Y5: 8 | Z5: 17 | AA5: 20 | AB5: 33 | AC5: 16 | AD5: 21 | AE5: 22 | AF5: 26 | AG5: 31 | AH5: 35 | AI5: 40 | AJ5: 44
E6: Skill Assessed | G6: M | H6: N | I6: N | J6: M | K6: M | L6: N | M6: M | N6: N | O6: S | P6: S | Q6: N | R6: S | S6: N | T6: S | U6: S | V6: S | W6: S | X6: N | Y6: N | Z6: M | AA6: M | AB6: M | AC6: M | AD6: M | AE6: N | AF6: N | AG6: S | AH6: M | AI6: N | AJ6: N
A7: required | B7: required | C7: optional | D7: required | E7: required | F7: required
A8: Date (dd/mm/yy) | B8: Yr_Lev | C8: Grp | D8: Surname | E8: First_Name | F8: Student_ID | G8: Y | H8: Y | I8: Y | J8: Y | K8: Y | L8: Y | M8: Y | N8: Y | O8: Y | P8: Y | Q8: Y | R8: Y | S8: Y | T8: Y | U8: Y | V8: Y | W8: Y | X8: Y | Y8: Y | Z8: Y | AA8: Y | AB8: Y | AC8: Y | AD8: Y | AE8: Y | AF8: Y | AG8: Y | AH8: Y | AI8: Y | AJ8: Y | AK8: Raw Score | AL8: PAT Score
A9: 45356 | B9: 3 | C9: 3A | D9: Lname1 | E9: Fname1 | F9: XXXXX1 | AK9: =IF(D9="",0,(IF(G9=$G$8,1,0)+IF(H9=$H$8,1,0)+IF(I9=$I$8,1,0)+IF(J9=$J$8,1,0)+IF(K9=$K$8,1,0)+IF(L9=$L$8,1,0)+IF(M9=$M$8,1,0)+IF(N9=$N$8,1,0)+IF(O9=$O$8,1,0)+IF(P9=$P$8,1,0)+IF(Q9=$Q$8,1,0)+IF(R9=$R$8,1,0)+IF(S9=$S$8,1,0)+IF(T9=$T$8,1,0)+IF(U9=$U$8,1,0)+IF(V9=$V$8,1,0)+IF(W9=$W$8,1,0)+IF(X9=$X$8,1,0)+IF(Y9=$Y$8,1,0)+IF(Z9=$Z$8,1,0)+IF(AA9=$AA$8,1,0)+IF(AB9=$AB$8,1,0)+IF(AC9=$AC$8,1,0)+IF(AD9=$AD$8,1,0)+IF(AE9=$AE$8,1,0)+IF(AF9=$AF$8,1,0)+IF(AG9=$AG$8,1,0)+IF(AH9=$AH$8,1,0)+IF(AI9=$AI$8,1,0)+IF(AJ9=$AJ$8,1,0))) -> 0 | AL9: =IF(D9="","",VLOOKUP(AK9,'PAT Maths'!$B$3:$C$44,2,FALSE)) -> -48
A10: 45356 | B10: 3 | C10: 3A | D10: Lname2 | E10: Fname2 | F10: XXXXX2 | AK10: =IF(D10="",0,(IF(G10=$G$8,1,0)+IF(H10=$H$8,1,0)+IF(I10=$I$8,1,0)+IF(J10=$J$8,1,0)+IF(K10=$K$8,1,0)+IF(L10=$L$8,1,0)+IF(M10=$M$8,1,0)+IF(N10=$N$8,1,0)+IF(O10=$O$8,1,0)+IF(P10=$P$8,1,0)+IF(Q10=$Q$8,1,0)+IF(R10=$R$8,1,0)+IF(S10=$S$8,1,0)+IF(T10=$T$8,1,0)+IF(U10=$U$8,1,0)+IF(V10=$V$8,1,0)+IF(W10=$W$8,1,0)+IF(X10=$X$8,1,0)+IF(Y10=$Y$8,1,0)+IF(Z10=$Z$8,1,0)+IF(AA10=$AA$8,1,0)+IF(AB10=$AB$8,1,0)+IF(AC10=$AC$8,1,0)+IF(AD10=$AD$8,1,0)+IF(AE10=$AE$8,1,0)+IF(AF10=$AF$8,1,0)+IF(AG10=$AG$8,1,0)+IF(AH10=$AH$8,1,0)+IF(AI10=$AI$8,1,0)+IF(AJ10=$AJ$8,1,0))) -> 0 | AL10: =IF(D10="","",VLOOKUP(AK10,'PAT Maths'!$B$3:$C$44,2,FALSE)) -> -48
A11: 45356 | B11: 3 | C11: 3A | D11: Lname3 | E11: Fname3 | F11: XXXXX3 | AK11: =IF(D11="",0,(IF(G11=$G$8,1,0)+IF(H11=$H$8,1,0)+IF(I11=$I$8,1,0)+IF(J11=$J$8,1,0)+IF(K11=$K$8,1,0)+IF(L11=$L$8,1,0)+IF(M11=$M$8,1,0)+IF(N11=$N$8,1,0)+IF(O11=$O$8,1,0)+IF(P11=$P$8,1,0)+IF(Q11=$Q$8,1,0)+IF(R11=$R$8,1,0)+IF(S11=$S$8,1,0)+IF(T11=$T$8,1,0)+IF(U11=$U$8,1,0)+IF(V11=$V$8,1,0)+IF(W11=$W$8,1,0)+IF(X11=$X$8,1,0)+IF(Y11=$Y$8,1,0)+IF(Z11=$Z$8,1,0)+IF(AA11=$AA$8,1,0)+IF(AB11=$AB$8,1,0)+IF(AC11=$AC$8,1,0)+IF(AD11=$AD$8,1,0)+IF(AE11=$AE$8,1,0)+IF(AF11=$AF$8,1,0)+IF(AG11=$AG$8,1,0)+IF(AH11=$AH$8,1,0)+IF(AI11=$AI$8,1,0)+IF(AJ11=$AJ$8,1,0))) -> 0 | AL11: =IF(D11="","",VLOOKUP(AK11,'PAT Maths'!$B$3:$C$44,2,FALSE)) -> -48
A12: 45356 | B12: 3 | C12: 3A | D12: Lname4 | E12: Fname4 | F12: XXXXX4 | AK12: =IF(D12="",0,(IF(G12=$G$8,1,0)+IF(H12=$H$8,1,0)+IF(I12=$I$8,1,0)+IF(J12=$J$8,1,0)+IF(K12=$K$8,1,0)+IF(L12=$L$8,1,0)+IF(M12=$M$8,1,0)+IF(N12=$N$8,1,0)+IF(O12=$O$8,1,0)+IF(P12=$P$8,1,0)+IF(Q12=$Q$8,1,0)+IF(R12=$R$8,1,0)+IF(S12=$S$8,1,0)+IF(T12=$T$8,1,0)+IF(U12=$U$8,1,0)+IF(V12=$V$8,1,0)+IF(W12=$W$8,1,0)+IF(X12=$X$8,1,0)+IF(Y12=$Y$8,1,0)+IF(Z12=$Z$8,1,0)+IF(AA12=$AA$8,1,0)+IF(AB12=$AB$8,1,0)+IF(AC12=$AC$8,1,0)+IF(AD12=$AD$8,1,0)+IF(AE12=$AE$8,1,0)+IF(AF12=$AF$8,1,0)+IF(AG12=$AG$8,1,0)+IF(AH12=$AH$8,1,0)+IF(AI12=$AI$8,1,0)+IF(AJ12=$AJ$8,1,0))) -> 0 | AL12: =IF(D12="","",VLOOKUP(AK12,'PAT Maths'!$B$3:$C$44,2,FALSE)) -> -48
A13: 45356 | B13: 3 | C13: 3B | D13: ULname13 | E13: UFname13 | F13: UNLISTED | AK13: =IF(D13="",0,(IF(G13=$G$8,1,0)+IF(H13=$H$8,1,0)+IF(I13=$I$8,1,0)+IF(J13=$J$8,1,0)+IF(K13=$K$8,1,0)+IF(L13=$L$8,1,0)+IF(M13=$M$8,1,0)+IF(N13=$N$8,1,0)+IF(O13=$O$8,1,0)+IF(P13=$P$8,1,0)+IF(Q13=$Q$8,1,0)+IF(R13=$R$8,1,0)+IF(S13=$S$8,1,0)+IF(T13=$T$8,1,0)+IF(U13=$U$8,1,0)+IF(V13=$V$8,1,0)+IF(W13=$W$8,1,0)+IF(X13=$X$8,1,0)+IF(Y13=$Y$8,1,0)+IF(Z13=$Z$8,1,0)+IF(AA13=$AA$8,1,0)+IF(AB13=$AB$8,1,0)+IF(AC13=$AC$8,1,0)+IF(AD13=$AD$8,1,0)+IF(AE13=$AE$8,1,0)+IF(AF13=$AF$8,1,0)+IF(AG13=$AG$8,1,0)+IF(AH13=$AH$8,1,0)+IF(AI13=$AI$8,1,0)+IF(AJ13=$AJ$8,1,0))) -> 0 | AL13: =IF(D13="","",VLOOKUP(AK13,'PAT Maths'!$B$3:$C$44,2,FALSE)) -> -48
A14: 45356 | B14: 3 | C14: 3A | D14: Lname5 | E14: Fname5 | F14: XXXXX5 | AK14: =IF(D14="",0,(IF(G14=$G$8,1,0)+IF(H14=$H$8,1,0)+IF(I14=$I$8,1,0)+IF(J14=$J$8,1,0)+IF(K14=$K$8,1,0)+IF(L14=$L$8,1,0)+IF(M14=$M$8,1,0)+IF(N14=$N$8,1,0)+IF(O14=$O$8,1,0)+IF(P14=$P$8,1,0)+IF(Q14=$Q$8,1,0)+IF(R14=$R$8,1,0)+IF(S14=$S$8,1,0)+IF(T14=$T$8,1,0)+IF(U14=$U$8,1,0)+IF(V14=$V$8,1,0)+IF(W14=$W$8,1,0)+IF(X14=$X$8,1,0)+IF(Y14=$Y$8,1,0)+IF(Z14=$Z$8,1,0)+IF(AA14=$AA$8,1,0)+IF(AB14=$AB$8,1,0)+IF(AC14=$AC$8,1,0)+IF(AD14=$AD$8,1,0)+IF(AE14=$AE$8,1,0)+IF(AF14=$AF$8,1,0)+IF(AG14=$AG$8,1,0)+IF(AH14=$AH$8,1,0)+IF(AI14=$AI$8,1,0)+IF(AJ14=$AJ$8,1,0))) -> 0 | AL14: =IF(D14="","",VLOOKUP(AK14,'PAT Maths'!$B$3:$C$44,2,FALSE)) -> -48
A15: 45356 | B15: 3 | C15: 3B | D15: Lname6 | E15: Fname6 | F15: XXXXX6 | AK15: =IF(D15="",0,(IF(G15=$G$8,1,0)+IF(H15=$H$8,1,0)+IF(I15=$I$8,1,0)+IF(J15=$J$8,1,0)+IF(K15=$K$8,1,0)+IF(L15=$L$8,1,0)+IF(M15=$M$8,1,0)+IF(N15=$N$8,1,0)+IF(O15=$O$8,1,0)+IF(P15=$P$8,1,0)+IF(Q15=$Q$8,1,0)+IF(R15=$R$8,1,0)+IF(S15=$S$8,1,0)+IF(T15=$T$8,1,0)+IF(U15=$U$8,1,0)+IF(V15=$V$8,1,0)+IF(W15=$W$8,1,0)+IF(X15=$X$8,1,0)+IF(Y15=$Y$8,1,0)+IF(Z15=$Z$8,1,0)+IF(AA15=$AA$8,1,0)+IF(AB15=$AB$8,1,0)+IF(AC15=$AC$8,1,0)+IF(AD15=$AD$8,1,0)+IF(AE15=$AE$8,1,0)+IF(AF15=$AF$8,1,0)+IF(AG15=$AG$8,1,0)+IF(AH15=$AH$8,1,0)+IF(AI15=$AI$8,1,0)+IF(AJ15=$AJ$8,1,0))) -> 0 | AL15: =IF(D15="","",VLOOKUP(AK15,'PAT Maths'!$B$3:$C$44,2,FALSE)) -> -48
A16: 45356 | B16: 3 | C16: 3B | D16: Lname7 | E16: Fname7 | F16: XXXXX7 | AK16: =IF(D16="",0,(IF(G16=$G$8,1,0)+IF(H16=$H$8,1,0)+IF(I16=$I$8,1,0)+IF(J16=$J$8,1,0)+IF(K16=$K$8,1,0)+IF(L16=$L$8,1,0)+IF(M16=$M$8,1,0)+IF(N16=$N$8,1,0)+IF(O16=$O$8,1,0)+IF(P16=$P$8,1,0)+IF(Q16=$Q$8,1,0)+IF(R16=$R$8,1,0)+IF(S16=$S$8,1,0)+IF(T16=$T$8,1,0)+IF(U16=$U$8,1,0)+IF(V16=$V$8,1,0)+IF(W16=$W$8,1,0)+IF(X16=$X$8,1,0)+IF(Y16=$Y$8,1,0)+IF(Z16=$Z$8,1,0)+IF(AA16=$AA$8,1,0)+IF(AB16=$AB$8,1,0)+IF(AC16=$AC$8,1,0)+IF(AD16=$AD$8,1,0)+IF(AE16=$AE$8,1,0)+IF(AF16=$AF$8,1,0)+IF(AG16=$AG$8,1,0)+IF(AH16=$AH$8,1,0)+IF(AI16=$AI$8,1,0)+IF(AJ16=$AJ$8,1,0))) -> 0 | AL16: =IF(D16="","",VLOOKUP(AK16,'PAT Maths'!$B$3:$C$44,2,FALSE)) -> -48
A17: 45356 | B17: 3 | C17: 3B | D17: Lname8 | E17: Fname8 | F17: XXXXX8 | AK17: =IF(D17="",0,(IF(G17=$G$8,1,0)+IF(H17=$H$8,1,0)+IF(I17=$I$8,1,0)+IF(J17=$J$8,1,0)+IF(K17=$K$8,1,0)+IF(L17=$L$8,1,0)+IF(M17=$M$8,1,0)+IF(N17=$N$8,1,0)+IF(O17=$O$8,1,0)+IF(P17=$P$8,1,0)+IF(Q17=$Q$8,1,0)+IF(R17=$R$8,1,0)+IF(S17=$S$8,1,0)+IF(T17=$T$8,1,0)+IF(U17=$U$8,1,0)+IF(V17=$V$8,1,0)+IF(W17=$W$8,1,0)+IF(X17=$X$8,1,0)+IF(Y17=$Y$8,1,0)+IF(Z17=$Z$8,1,0)+IF(AA17=$AA$8,1,0)+IF(AB17=$AB$8,1,0)+IF(AC17=$AC$8,1,0)+IF(AD17=$AD$8,1,0)+IF(AE17=$AE$8,1,0)+IF(AF17=$AF$8,1,0)+IF(AG17=$AG$8,1,0)+IF(AH17=$AH$8,1,0)+IF(AI17=$AI$8,1,0)+IF(AJ17=$AJ$8,1,0))) -> 0 | AL17: =IF(D17="","",VLOOKUP(AK17,'PAT Maths'!$B$3:$C$44,2,FALSE)) -> -48
A18: 45356 | B18: 3 | C18: 3B | D18: Lname9 | E18: Fname9 | F18: XXXXX9 | AK18: =IF(D18="",0,(IF(G18=$G$8,1,0)+IF(H18=$H$8,1,0)+IF(I18=$I$8,1,0)+IF(J18=$J$8,1,0)+IF(K18=$K$8,1,0)+IF(L18=$L$8,1,0)+IF(M18=$M$8,1,0)+IF(N18=$N$8,1,0)+IF(O18=$O$8,1,0)+IF(P18=$P$8,1,0)+IF(Q18=$Q$8,1,0)+IF(R18=$R$8,1,0)+IF(S18=$S$8,1,0)+IF(T18=$T$8,1,0)+IF(U18=$U$8,1,0)+IF(V18=$V$8,1,0)+IF(W18=$W$8,1,0)+IF(X18=$X$8,1,0)+IF(Y18=$Y$8,1,0)+IF(Z18=$Z$8,1,0)+IF(AA18=$AA$8,1,0)+IF(AB18=$AB$8,1,0)+IF(AC18=$AC$8,1,0)+IF(AD18=$AD$8,1,0)+IF(AE18=$AE$8,1,0)+IF(AF18=$AF$8,1,0)+IF(AG18=$AG$8,1,0)+IF(AH18=$AH$8,1,0)+IF(AI18=$AI$8,1,0)+IF(AJ18=$AJ$8,1,0))) -> 0 | AL18: =IF(D18="","",VLOOKUP(AK18,'PAT Maths'!$B$3:$C$44,2,FALSE)) -> -48
A19: 45356 | B19: 3 | C19: 3B | D19: Lname10 | E19: Fname10 | F19: XXXXX10 | AK19: =IF(D19="",0,(IF(G19=$G$8,1,0)+IF(H19=$H$8,1,0)+IF(I19=$I$8,1,0)+IF(J19=$J$8,1,0)+IF(K19=$K$8,1,0)+IF(L19=$L$8,1,0)+IF(M19=$M$8,1,0)+IF(N19=$N$8,1,0)+IF(O19=$O$8,1,0)+IF(P19=$P$8,1,0)+IF(Q19=$Q$8,1,0)+IF(R19=$R$8,1,0)+IF(S19=$S$8,1,0)+IF(T19=$T$8,1,0)+IF(U19=$U$8,1,0)+IF(V19=$V$8,1,0)+IF(W19=$W$8,1,0)+IF(X19=$X$8,1,0)+IF(Y19=$Y$8,1,0)+IF(Z19=$Z$8,1,0)+IF(AA19=$AA$8,1,0)+IF(AB19=$AB$8,1,0)+IF(AC19=$AC$8,1,0)+IF(AD19=$AD$8,1,0)+IF(AE19=$AE$8,1,0)+IF(AF19=$AF$8,1,0)+IF(AG19=$AG$8,1,0)+IF(AH19=$AH$8,1,0)+IF(AI19=$AI$8,1,0)+IF(AJ19=$AJ$8,1,0))) -> 0 | AL19: =IF(D19="","",VLOOKUP(AK19,'PAT Maths'!$B$3:$C$44,2,FALSE)) -> -48
AK20: =IF(D20="",0,(IF(G20=$G$8,1,0)+IF(H20=$H$8,1,0)+IF(I20=$I$8,1,0)+IF(J20=$J$8,1,0)+IF(K20=$K$8,1,0)+IF(L20=$L$8,1,0)+IF(M20=$M$8,1,0)+IF(N20=$N$8,1,0)+IF(O20=$O$8,1,0)+IF(P20=$P$8,1,0)+IF(Q20=$Q$8,1,0)+IF(R20=$R$8,1,0)+IF(S20=$S$8,1,0)+IF(T20=$T$8,1,0)+IF(U20=$U$8,1,0)+IF(V20=$V$8,1,0)+IF(W20=$W$8,1,0)+IF(X20=$X$8,1,0)+IF(Y20=$Y$8,1,0)+IF(Z20=$Z$8,1,0)+IF(AA20=$AA$8,1,0)+IF(AB20=$AB$8,1,0)+IF(AC20=$AC$8,1,0)+IF(AD20=$AD$8,1,0)+IF(AE20=$AE$8,1,0)+IF(AF20=$AF$8,1,0)+IF(AG20=$AG$8,1,0)+IF(AH20=$AH$8,1,0)+IF(AI20=$AI$8,1,0)+IF(AJ20=$AJ$8,1,0))) -> 0 | AL20: =IF(D20="","",VLOOKUP(AK20,'PAT Maths'!$B$3:$C$44,2,FALSE))
AK21: =IF(D21="",0,(IF(G21=$G$8,1,0)+IF(H21=$H$8,1,0)+IF(I21=$I$8,1,0)+IF(J21=$J$8,1,0)+IF(K21=$K$8,1,0)+IF(L21=$L$8,1,0)+IF(M21=$M$8,1,0)+IF(N21=$N$8,1,0)+IF(O21=$O$8,1,0)+IF(P21=$P$8,1,0)+IF(Q21=$Q$8,1,0)+IF(R21=$R$8,1,0)+IF(S21=$S$8,1,0)+IF(T21=$T$8,1,0)+IF(U21=$U$8,1,0)+IF(V21=$V$8,1,0)+IF(W21=$W$8,1,0)+IF(X21=$X$8,1,0)+IF(Y21=$Y$8,1,0)+IF(Z21=$Z$8,1,0)+IF(AA21=$AA$8,1,0)+IF(AB21=$AB$8,1,0)+IF(AC21=$AC$8,1,0)+IF(AD21=$AD$8,1,0)+IF(AE21=$AE$8,1,0)+IF(AF21=$AF$8,1,0)+IF(AG21=$AG$8,1,0)+IF(AH21=$AH$8,1,0)+IF(AI21=$AI$8,1,0)+IF(AJ21=$AJ$8,1,0))) -> 0 | AL21: =IF(D21="","",VLOOKUP(AK21,'PAT Maths'!$B$3:$C$44,2,FALSE))
AK22: =IF(D22="",0,(IF(G22=$G$8,1,0)+IF(H22=$H$8,1,0)+IF(I22=$I$8,1,0)+IF(J22=$J$8,1,0)+IF(K22=$K$8,1,0)+IF(L22=$L$8,1,0)+IF(M22=$M$8,1,0)+IF(N22=$N$8,1,0)+IF(O22=$O$8,1,0)+IF(P22=$P$8,1,0)+IF(Q22=$Q$8,1,0)+IF(R22=$R$8,1,0)+IF(S22=$S$8,1,0)+IF(T22=$T$8,1,0)+IF(U22=$U$8,1,0)+IF(V22=$V$8,1,0)+IF(W22=$W$8,1,0)+IF(X22=$X$8,1,0)+IF(Y22=$Y$8,1,0)+IF(Z22=$Z$8,1,0)+IF(AA22=$AA$8,1,0)+IF(AB22=$AB$8,1,0)+IF(AC22=$AC$8,1,0)+IF(AD22=$AD$8,1,0)+IF(AE22=$AE$8,1,0)+IF(AF22=$AF$8,1,0)+IF(AG22=$AG$8,1,0)+IF(AH22=$AH$8,1,0)+IF(AI22=$AI$8,1,0)+IF(AJ22=$AJ$8,1,0))) -> 0 | AL22: =IF(D22="","",VLOOKUP(AK22,'PAT Maths'!$B$3:$C$44,2,FALSE))
AK23: =IF(D23="",0,(IF(G23=$G$8,1,0)+IF(H23=$H$8,1,0)+IF(I23=$I$8,1,0)+IF(J23=$J$8,1,0)+IF(K23=$K$8,1,0)+IF(L23=$L$8,1,0)+IF(M23=$M$8,1,0)+IF(N23=$N$8,1,0)+IF(O23=$O$8,1,0)+IF(P23=$P$8,1,0)+IF(Q23=$Q$8,1,0)+IF(R23=$R$8,1,0)+IF(S23=$S$8,1,0)+IF(T23=$T$8,1,0)+IF(U23=$U$8,1,0)+IF(V23=$V$8,1,0)+IF(W23=$W$8,1,0)+IF(X23=$X$8,1,0)+IF(Y23=$Y$8,1,0)+IF(Z23=$Z$8,1,0)+IF(AA23=$AA$8,1,0)+IF(AB23=$AB$8,1,0)+IF(AC23=$AC$8,1,0)+IF(AD23=$AD$8,1,0)+IF(AE23=$AE$8,1,0)+IF(AF23=$AF$8,1,0)+IF(AG23=$AG$8,1,0)+IF(AH23=$AH$8,1,0)+IF(AI23=$AI$8,1,0)+IF(AJ23=$AJ$8,1,0))) -> 0 | AL23: =IF(D23="","",VLOOKUP(AK23,'PAT Maths'!$B$3:$C$44,2,FALSE))
AK24: =IF(D24="",0,(IF(G24=$G$8,1,0)+IF(H24=$H$8,1,0)+IF(I24=$I$8,1,0)+IF(J24=$J$8,1,0)+IF(K24=$K$8,1,0)+IF(L24=$L$8,1,0)+IF(M24=$M$8,1,0)+IF(N24=$N$8,1,0)+IF(O24=$O$8,1,0)+IF(P24=$P$8,1,0)+IF(Q24=$Q$8,1,0)+IF(R24=$R$8,1,0)+IF(S24=$S$8,1,0)+IF(T24=$T$8,1,0)+IF(U24=$U$8,1,0)+IF(V24=$V$8,1,0)+IF(W24=$W$8,1,0)+IF(X24=$X$8,1,0)+IF(Y24=$Y$8,1,0)+IF(Z24=$Z$8,1,0)+IF(AA24=$AA$8,1,0)+IF(AB24=$AB$8,1,0)+IF(AC24=$AC$8,1,0)+IF(AD24=$AD$8,1,0)+IF(AE24=$AE$8,1,0)+IF(AF24=$AF$8,1,0)+IF(AG24=$AG$8,1,0)+IF(AH24=$AH$8,1,0)+IF(AI24=$AI$8,1,0)+IF(AJ24=$AJ$8,1,0))) -> 0 | AL24: =IF(D24="","",VLOOKUP(AK24,'PAT Maths'!$B$3:$C$44,2,FALSE))
AK25: =IF(D25="",0,(IF(G25=$G$8,1,0)+IF(H25=$H$8,1,0)+IF(I25=$I$8,1,0)+IF(J25=$J$8,1,0)+IF(K25=$K$8,1,0)+IF(L25=$L$8,1,0)+IF(M25=$M$8,1,0)+IF(N25=$N$8,1,0)+IF(O25=$O$8,1,0)+IF(P25=$P$8,1,0)+IF(Q25=$Q$8,1,0)+IF(R25=$R$8,1,0)+IF(S25=$S$8,1,0)+IF(T25=$T$8,1,0)+IF(U25=$U$8,1,0)+IF(V25=$V$8,1,0)+IF(W25=$W$8,1,0)+IF(X25=$X$8,1,0)+IF(Y25=$Y$8,1,0)+IF(Z25=$Z$8,1,0)+IF(AA25=$AA$8,1,0)+IF(AB25=$AB$8,1,0)+IF(AC25=$AC$8,1,0)+IF(AD25=$AD$8,1,0)+IF(AE25=$AE$8,1,0)+IF(AF25=$AF$8,1,0)+IF(AG25=$AG$8,1,0)+IF(AH25=$AH$8,1,0)+IF(AI25=$AI$8,1,0)+IF(AJ25=$AJ$8,1,0))) -> 0 | AL25: =IF(D25="","",VLOOKUP(AK25,'PAT Maths'!$B$3:$C$44,2,FALSE))
AK26: =IF(D26="",0,(IF(G26=$G$8,1,0)+IF(H26=$H$8,1,0)+IF(I26=$I$8,1,0)+IF(J26=$J$8,1,0)+IF(K26=$K$8,1,0)+IF(L26=$L$8,1,0)+IF(M26=$M$8,1,0)+IF(N26=$N$8,1,0)+IF(O26=$O$8,1,0)+IF(P26=$P$8,1,0)+IF(Q26=$Q$8,1,0)+IF(R26=$R$8,1,0)+IF(S26=$S$8,1,0)+IF(T26=$T$8,1,0)+IF(U26=$U$8,1,0)+IF(V26=$V$8,1,0)+IF(W26=$W$8,1,0)+IF(X26=$X$8,1,0)+IF(Y26=$Y$8,1,0)+IF(Z26=$Z$8,1,0)+IF(AA26=$AA$8,1,0)+IF(AB26=$AB$8,1,0)+IF(AC26=$AC$8,1,0)+IF(AD26=$AD$8,1,0)+IF(AE26=$AE$8,1,0)+IF(AF26=$AF$8,1,0)+IF(AG26=$AG$8,1,0)+IF(AH26=$AH$8,1,0)+IF(AI26=$AI$8,1,0)+IF(AJ26=$AJ$8,1,0))) -> 0 | AL26: =IF(D26="","",VLOOKUP(AK26,'PAT Maths'!$B$3:$C$44,2,FALSE))
AK27: =IF(D27="",0,(IF(G27=$G$8,1,0)+IF(H27=$H$8,1,0)+IF(I27=$I$8,1,0)+IF(J27=$J$8,1,0)+IF(K27=$K$8,1,0)+IF(L27=$L$8,1,0)+IF(M27=$M$8,1,0)+IF(N27=$N$8,1,0)+IF(O27=$O$8,1,0)+IF(P27=$P$8,1,0)+IF(Q27=$Q$8,1,0)+IF(R27=$R$8,1,0)+IF(S27=$S$8,1,0)+IF(T27=$T$8,1,0)+IF(U27=$U$8,1,0)+IF(V27=$V$8,1,0)+IF(W27=$W$8,1,0)+IF(X27=$X$8,1,0)+IF(Y27=$Y$8,1,0)+IF(Z27=$Z$8,1,0)+IF(AA27=$AA$8,1,0)+IF(AB27=$AB$8,1,0)+IF(AC27=$AC$8,1,0)+IF(AD27=$AD$8,1,0)+IF(AE27=$AE$8,1,0)+IF(AF27=$AF$8,1,0)+IF(AG27=$AG$8,1,0)+IF(AH27=$AH$8,1,0)+IF(AI27=$AI$8,1,0)+IF(AJ27=$AJ$8,1,0))) -> 0 | AL27: =IF(D27="","",VLOOKUP(AK27,'PAT Maths'!$B$3:$C$44,2,FALSE))
AK28: =IF(D28="",0,(IF(G28=$G$8,1,0)+IF(H28=$H$8,1,0)+IF(I28=$I$8,1,0)+IF(J28=$J$8,1,0)+IF(K28=$K$8,1,0)+IF(L28=$L$8,1,0)+IF(M28=$M$8,1,0)+IF(N28=$N$8,1,0)+IF(O28=$O$8,1,0)+IF(P28=$P$8,1,0)+IF(Q28=$Q$8,1,0)+IF(R28=$R$8,1,0)+IF(S28=$S$8,1,0)+IF(T28=$T$8,1,0)+IF(U28=$U$8,1,0)+IF(V28=$V$8,1,0)+IF(W28=$W$8,1,0)+IF(X28=$X$8,1,0)+IF(Y28=$Y$8,1,0)+IF(Z28=$Z$8,1,0)+IF(AA28=$AA$8,1,0)+IF(AB28=$AB$8,1,0)+IF(AC28=$AC$8,1,0)+IF(AD28=$AD$8,1,0)+IF(AE28=$AE$8,1,0)+IF(AF28=$AF$8,1,0)+IF(AG28=$AG$8,1,0)+IF(AH28=$AH$8,1,0)+IF(AI28=$AI$8,1,0)+IF(AJ28=$AJ$8,1,0))) -> 0 | AL28: =IF(D28="","",VLOOKUP(AK28,'PAT Maths'!$B$3:$C$44,2,FALSE))
AK29: =IF(D29="",0,(IF(G29=$G$8,1,0)+IF(H29=$H$8,1,0)+IF(I29=$I$8,1,0)+IF(J29=$J$8,1,0)+IF(K29=$K$8,1,0)+IF(L29=$L$8,1,0)+IF(M29=$M$8,1,0)+IF(N29=$N$8,1,0)+IF(O29=$O$8,1,0)+IF(P29=$P$8,1,0)+IF(Q29=$Q$8,1,0)+IF(R29=$R$8,1,0)+IF(S29=$S$8,1,0)+IF(T29=$T$8,1,0)+IF(U29=$U$8,1,0)+IF(V29=$V$8,1,0)+IF(W29=$W$8,1,0)+IF(X29=$X$8,1,0)+IF(Y29=$Y$8,1,0)+IF(Z29=$Z$8,1,0)+IF(AA29=$AA$8,1,0)+IF(AB29=$AB$8,1,0)+IF(AC29=$AC$8,1,0)+IF(AD29=$AD$8,1,0)+IF(AE29=$AE$8,1,0)+IF(AF29=$AF$8,1,0)+IF(AG29=$AG$8,1,0)+IF(AH29=$AH$8,1,0)+IF(AI29=$AI$8,1,0)+IF(AJ29=$AJ$8,1,0))) -> 0 | AL29: =IF(D29="","",VLOOKUP(AK29,'PAT Maths'!$B$3:$C$44,2,FALSE))
AK30: =IF(D30="",0,(IF(G30=$G$8,1,0)+IF(H30=$H$8,1,0)+IF(I30=$I$8,1,0)+IF(J30=$J$8,1,0)+IF(K30=$K$8,1,0)+IF(L30=$L$8,1,0)+IF(M30=$M$8,1,0)+IF(N30=$N$8,1,0)+IF(O30=$O$8,1,0)+IF(P30=$P$8,1,0)+IF(Q30=$Q$8,1,0)+IF(R30=$R$8,1,0)+IF(S30=$S$8,1,0)+IF(T30=$T$8,1,0)+IF(U30=$U$8,1,0)+IF(V30=$V$8,1,0)+IF(W30=$W$8,1,0)+IF(X30=$X$8,1,0)+IF(Y30=$Y$8,1,0)+IF(Z30=$Z$8,1,0)+IF(AA30=$AA$8,1,0)+IF(AB30=$AB$8,1,0)+IF(AC30=$AC$8,1,0)+IF(AD30=$AD$8,1,0)+IF(AE30=$AE$8,1,0)+IF(AF30=$AF$8,1,0)+IF(AG30=$AG$8,1,0)+IF(AH30=$AH$8,1,0)+IF(AI30=$AI$8,1,0)+IF(AJ30=$AJ$8,1,0))) -> 0 | AL30: =IF(D30="","",VLOOKUP(AK30,'PAT Maths'!$B$3:$C$44,2,FALSE))
AK31: =IF(D31="",0,(IF(G31=$G$8,1,0)+IF(H31=$H$8,1,0)+IF(I31=$I$8,1,0)+IF(J31=$J$8,1,0)+IF(K31=$K$8,1,0)+IF(L31=$L$8,1,0)+IF(M31=$M$8,1,0)+IF(N31=$N$8,1,0)+IF(O31=$O$8,1,0)+IF(P31=$P$8,1,0)+IF(Q31=$Q$8,1,0)+IF(R31=$R$8,1,0)+IF(S31=$S$8,1,0)+IF(T31=$T$8,1,0)+IF(U31=$U$8,1,0)+IF(V31=$V$8,1,0)+IF(W31=$W$8,1,0)+IF(X31=$X$8,1,0)+IF(Y31=$Y$8,1,0)+IF(Z31=$Z$8,1,0)+IF(AA31=$AA$8,1,0)+IF(AB31=$AB$8,1,0)+IF(AC31=$AC$8,1,0)+IF(AD31=$AD$8,1,0)+IF(AE31=$AE$8,1,0)+IF(AF31=$AF$8,1,0)+IF(AG31=$AG$8,1,0)+IF(AH31=$AH$8,1,0)+IF(AI31=$AI$8,1,0)+IF(AJ31=$AJ$8,1,0))) -> 0 | AL31: =IF(D31="","",VLOOKUP(AK31,'PAT Maths'!$B$3:$C$44,2,FALSE))
... AK317: =IF(D317="",0,(IF(G317=$G$8,1,0)+IF(H317=$H$8,1,0)+IF(I317=$I$8,1,0)+IF(J317=$J$8,1,0)+IF(K317=$K$8,1,0)+IF(L317=$L$8,1,0)+IF(M317=$M$8,1,0)+IF(N317=$N$8,1,0)+IF(O317=$O$8,1,0)+IF(P317=$P$8,1,0)+IF(Q317=$Q$8,1,0)+IF(R317=$R$8,1,0)+IF(S317=$S$8,1,0)+IF(T317=$T$8,1,0)+IF(U317=$U$8,1,0)+IF(V317=$V$8,1,0)+IF(W317=$W$8,1,0)+IF(X317=$X$8,1,0)+IF(Y317=$Y$8,1,0)+IF(Z317=$Z$8,1,0)+IF(AA317=$AA$8,1,0)+IF(AB317=$AB$8,1,0)+IF(AC317=$AC$8,1,0)+IF(AD317=$AD$8,1,0)+IF(AE317=$AE$8,1,0)+IF(AF317=$AF$8,1,0)+IF(AG317=$AG$8,1,0)+IF(AH317=$AH$8,1,0)+IF(AI317=$AI$8,1,0)+IF(AJ317=$AJ$8,1,0))) -> 0 | AL317: =IF(D317="","",VLOOKUP(AK317,'PAT Maths'!$B$3:$C$44,2,FALSE))

Sheet ICDM TBB
A1: I can do maths - Level B
G3: QUESTION No. and ANSWER KEY (Enter the student's response - "Y" if correct; "N" if incorrect )
E4: Question Number | G4: 1 | H4: 2 | I4: 3 | J4: 4 | K4: 5 | L4: 6 | M4: 7 | N4: 8 | O4: 9 | P4: 10 | Q4: 11 | R4: 12 | S4: 13 | T4: 14 | U4: 15 | V4: 16 | W4: 17 | X4: 18 | Y4: 19 | Z4: 20 | AA4: 21 | AB4: 22 | AC4: 23 | AD4: 24 | AE4: 25 | AF4: 26 | AG4: 27 | AH4: 28 | AI4: 29 | AJ4: 30 | AK4: 31 | AL4: 32 | AM4: 33
E5: Item Difficulty | G5: -16 | H5: -19 | I5: -11 | J5: 3 | K5: -1 | L5: 8 | M5: -6 | N5: 1 | O5: 14 | P5: -1 | Q5: 11 | R5: 2 | S5: 5 | T5: 5 | U5: 15 | V5: 20 | W5: 10 | X5: 18 | Y5: 30 | Z5: 32 | AA5: 34 | AB5: 21 | AC5: 23 | AD5: 27 | AE5: 25 | AF5: 35 | AG5: 47 | AH5: 41 | AI5: 44 | AJ5: 45 | AK5: 46 | AL5: 56 | AM5: 52
E6: Skill Assessed | G6: M | H6: M | I6: M | J6: S | K6: S | L6: N | M6: N | N6: S | O6: S | P6: S | Q6: S | R6: N | S6: N | T6: S | U6: M | V6: M | W6: N | X6: M | Y6: N | Z6: S | AA6: M | AB6: M | AC6: N | AD6: N | AE6: M | AF6: M | AG6: N | AH6: N | AI6: N | AJ6: N | AK6: N | AL6: N | AM6: N
A7: required | B7: required | C7: optional | D7: required | E7: required | F7: required
A8: Date (dd/mm/yy) | B8: Yr_Lev | C8: Grp | D8: Surname | E8: First_Name | F8: Student_ID | G8: Y | H8: Y | I8: Y | J8: Y | K8: Y | L8: Y | M8: Y | N8: Y | O8: Y | P8: Y | Q8: Y | R8: Y | S8: Y | T8: Y | U8: Y | V8: Y | W8: Y | X8: Y | Y8: Y | Z8: Y | AA8: Y | AB8: Y | AC8: Y | AD8: Y | AE8: Y | AF8: Y | AG8: Y | AH8: Y | AI8: Y | AJ8: Y | AK8: Y | AL8: Y | AM8: Y | AN8: Raw Score | AO8: PAT Score
A9: 45356 | B9: 3 | C9: 3A | D9: Lname1 | E9: Fname1 | F9: XXXXX1 | AN9: =IF(D9="",0,(IF(G9=$G$8,1,0)+IF(H9=$H$8,1,0)+IF(I9=$I$8,1,0)+IF(J9=$J$8,1,0)+IF(K9=$K$8,1,0)+IF(L9=$L$8,1,0)+IF(M9=$M$8,1,0)+IF(N9=$N$8,1,0)+IF(O9=$O$8,1,0)+IF(P9=$P$8,1,0)+IF(Q9=$Q$8,1,0)+IF(R9=$R$8,1,0)+IF(S9=$S$8,1,0)+IF(T9=$T$8,1,0)+IF(U9=$U$8,1,0)+IF(V9=$V$8,1,0)+IF(W9=$W$8,1,0)+IF(X9=$X$8,1,0)+IF(Y9=$Y$8,1,0)+IF(Z9=$Z$8,1,0)+IF(AA9=$AA$8,1,0)+IF(AB9=$AB$8,1,0)+IF(AC9=$AC$8,1,0)+IF(AD9=$AD$8,1,0)+IF(AE9=$AE$8,1,0)+IF(AF9=$AF$8,1,0)+IF(AG9=$AG$8,1,0)+IF(AH9=$AH$8,1,0)+IF(AI9=$AI$8,1,0)+IF(AJ9=$AJ$8,1,0)+IF(AK9=$AK$8,1,0)+IF(AL9=$AL$8,1,0)+IF(AM9=$AM$8,1,0))) -> 0 | AO9: =IF(D9="","",VLOOKUP(AN9,'PAT Maths'!$D$3:$E$44,2,FALSE)) -> -42
A10: 45356 | B10: 3 | C10: 3A | D10: Lname2 | E10: Fname2 | F10: XXXXX2 | AN10: =IF(D10="",0,(IF(G10=$G$8,1,0)+IF(H10=$H$8,1,0)+IF(I10=$I$8,1,0)+IF(J10=$J$8,1,0)+IF(K10=$K$8,1,0)+IF(L10=$L$8,1,0)+IF(M10=$M$8,1,0)+IF(N10=$N$8,1,0)+IF(O10=$O$8,1,0)+IF(P10=$P$8,1,0)+IF(Q10=$Q$8,1,0)+IF(R10=$R$8,1,0)+IF(S10=$S$8,1,0)+IF(T10=$T$8,1,0)+IF(U10=$U$8,1,0)+IF(V10=$V$8,1,0)+IF(W10=$W$8,1,0)+IF(X10=$X$8,1,0)+IF(Y10=$Y$8,1,0)+IF(Z10=$Z$8,1,0)+IF(AA10=$AA$8,1,0)+IF(AB10=$AB$8,1,0)+IF(AC10=$AC$8,1,0)+IF(AD10=$AD$8,1,0)+IF(AE10=$AE$8,1,0)+IF(AF10=$AF$8,1,0)+IF(AG10=$AG$8,1,0)+IF(AH10=$AH$8,1,0)+IF(AI10=$AI$8,1,0)+IF(AJ10=$AJ$8,1,0)+IF(AK10=$AK$8,1,0)+IF(AL10=$AL$8,1,0)+IF(AM10=$AM$8,1,0))) -> 0 | AO10: =IF(D10="","",VLOOKUP(AN10,'PAT Maths'!$D$3:$E$44,2,FALSE)) -> -42
A11: 45356 | B11: 3 | C11: 3A | D11: Lname3 | E11: Fname3 | F11: XXXXX3 | AN11: =IF(D11="",0,(IF(G11=$G$8,1,0)+IF(H11=$H$8,1,0)+IF(I11=$I$8,1,0)+IF(J11=$J$8,1,0)+IF(K11=$K$8,1,0)+IF(L11=$L$8,1,0)+IF(M11=$M$8,1,0)+IF(N11=$N$8,1,0)+IF(O11=$O$8,1,0)+IF(P11=$P$8,1,0)+IF(Q11=$Q$8,1,0)+IF(R11=$R$8,1,0)+IF(S11=$S$8,1,0)+IF(T11=$T$8,1,0)+IF(U11=$U$8,1,0)+IF(V11=$V$8,1,0)+IF(W11=$W$8,1,0)+IF(X11=$X$8,1,0)+IF(Y11=$Y$8,1,0)+IF(Z11=$Z$8,1,0)+IF(AA11=$AA$8,1,0)+IF(AB11=$AB$8,1,0)+IF(AC11=$AC$8,1,0)+IF(AD11=$AD$8,1,0)+IF(AE11=$AE$8,1,0)+IF(AF11=$AF$8,1,0)+IF(AG11=$AG$8,1,0)+IF(AH11=$AH$8,1,0)+IF(AI11=$AI$8,1,0)+IF(AJ11=$AJ$8,1,0)+IF(AK11=$AK$8,1,0)+IF(AL11=$AL$8,1,0)+IF(AM11=$AM$8,1,0))) -> 0 | AO11: =IF(D11="","",VLOOKUP(AN11,'PAT Maths'!$D$3:$E$44,2,FALSE)) -> -42
A12: 45356 | B12: 3 | C12: 3A | D12: Lname4 | E12: Fname4 | F12: XXXXX4 | AN12: =IF(D12="",0,(IF(G12=$G$8,1,0)+IF(H12=$H$8,1,0)+IF(I12=$I$8,1,0)+IF(J12=$J$8,1,0)+IF(K12=$K$8,1,0)+IF(L12=$L$8,1,0)+IF(M12=$M$8,1,0)+IF(N12=$N$8,1,0)+IF(O12=$O$8,1,0)+IF(P12=$P$8,1,0)+IF(Q12=$Q$8,1,0)+IF(R12=$R$8,1,0)+IF(S12=$S$8,1,0)+IF(T12=$T$8,1,0)+IF(U12=$U$8,1,0)+IF(V12=$V$8,1,0)+IF(W12=$W$8,1,0)+IF(X12=$X$8,1,0)+IF(Y12=$Y$8,1,0)+IF(Z12=$Z$8,1,0)+IF(AA12=$AA$8,1,0)+IF(AB12=$AB$8,1,0)+IF(AC12=$AC$8,1,0)+IF(AD12=$AD$8,1,0)+IF(AE12=$AE$8,1,0)+IF(AF12=$AF$8,1,0)+IF(AG12=$AG$8,1,0)+IF(AH12=$AH$8,1,0)+IF(AI12=$AI$8,1,0)+IF(AJ12=$AJ$8,1,0)+IF(AK12=$AK$8,1,0)+IF(AL12=$AL$8,1,0)+IF(AM12=$AM$8,1,0))) -> 0 | AO12: =IF(D12="","",VLOOKUP(AN12,'PAT Maths'!$D$3:$E$44,2,FALSE)) -> -42
A13: 45356 | B13: 3 | C13: 3B | D13: ULname13 | E13: UFname13 | F13: UNLISTED | AN13: =IF(D13="",0,(IF(G13=$G$8,1,0)+IF(H13=$H$8,1,0)+IF(I13=$I$8,1,0)+IF(J13=$J$8,1,0)+IF(K13=$K$8,1,0)+IF(L13=$L$8,1,0)+IF(M13=$M$8,1,0)+IF(N13=$N$8,1,0)+IF(O13=$O$8,1,0)+IF(P13=$P$8,1,0)+IF(Q13=$Q$8,1,0)+IF(R13=$R$8,1,0)+IF(S13=$S$8,1,0)+IF(T13=$T$8,1,0)+IF(U13=$U$8,1,0)+IF(V13=$V$8,1,0)+IF(W13=$W$8,1,0)+IF(X13=$X$8,1,0)+IF(Y13=$Y$8,1,0)+IF(Z13=$Z$8,1,0)+IF(AA13=$AA$8,1,0)+IF(AB13=$AB$8,1,0)+IF(AC13=$AC$8,1,0)+IF(AD13=$AD$8,1,0)+IF(AE13=$AE$8,1,0)+IF(AF13=$AF$8,1,0)+IF(AG13=$AG$8,1,0)+IF(AH13=$AH$8,1,0)+IF(AI13=$AI$8,1,0)+IF(AJ13=$AJ$8,1,0)+IF(AK13=$AK$8,1,0)+IF(AL13=$AL$8,1,0)+IF(AM13=$AM$8,1,0))) -> 0 | AO13: =IF(D13="","",VLOOKUP(AN13,'PAT Maths'!$D$3:$E$44,2,FALSE)) -> -42
A14: 45356 | B14: 3 | C14: 3A | D14: Lname5 | E14: Fname5 | F14: XXXXX5 | AN14: =IF(D14="",0,(IF(G14=$G$8,1,0)+IF(H14=$H$8,1,0)+IF(I14=$I$8,1,0)+IF(J14=$J$8,1,0)+IF(K14=$K$8,1,0)+IF(L14=$L$8,1,0)+IF(M14=$M$8,1,0)+IF(N14=$N$8,1,0)+IF(O14=$O$8,1,0)+IF(P14=$P$8,1,0)+IF(Q14=$Q$8,1,0)+IF(R14=$R$8,1,0)+IF(S14=$S$8,1,0)+IF(T14=$T$8,1,0)+IF(U14=$U$8,1,0)+IF(V14=$V$8,1,0)+IF(W14=$W$8,1,0)+IF(X14=$X$8,1,0)+IF(Y14=$Y$8,1,0)+IF(Z14=$Z$8,1,0)+IF(AA14=$AA$8,1,0)+IF(AB14=$AB$8,1,0)+IF(AC14=$AC$8,1,0)+IF(AD14=$AD$8,1,0)+IF(AE14=$AE$8,1,0)+IF(AF14=$AF$8,1,0)+IF(AG14=$AG$8,1,0)+IF(AH14=$AH$8,1,0)+IF(AI14=$AI$8,1,0)+IF(AJ14=$AJ$8,1,0)+IF(AK14=$AK$8,1,0)+IF(AL14=$AL$8,1,0)+IF(AM14=$AM$8,1,0))) -> 0 | AO14: =IF(D14="","",VLOOKUP(AN14,'PAT Maths'!$D$3:$E$44,2,FALSE)) -> -42
A15: 45356 | B15: 3 | C15: 3B | D15: Lname6 | E15: Fname6 | F15: XXXXX6 | AN15: =IF(D15="",0,(IF(G15=$G$8,1,0)+IF(H15=$H$8,1,0)+IF(I15=$I$8,1,0)+IF(J15=$J$8,1,0)+IF(K15=$K$8,1,0)+IF(L15=$L$8,1,0)+IF(M15=$M$8,1,0)+IF(N15=$N$8,1,0)+IF(O15=$O$8,1,0)+IF(P15=$P$8,1,0)+IF(Q15=$Q$8,1,0)+IF(R15=$R$8,1,0)+IF(S15=$S$8,1,0)+IF(T15=$T$8,1,0)+IF(U15=$U$8,1,0)+IF(V15=$V$8,1,0)+IF(W15=$W$8,1,0)+IF(X15=$X$8,1,0)+IF(Y15=$Y$8,1,0)+IF(Z15=$Z$8,1,0)+IF(AA15=$AA$8,1,0)+IF(AB15=$AB$8,1,0)+IF(AC15=$AC$8,1,0)+IF(AD15=$AD$8,1,0)+IF(AE15=$AE$8,1,0)+IF(AF15=$AF$8,1,0)+IF(AG15=$AG$8,1,0)+IF(AH15=$AH$8,1,0)+IF(AI15=$AI$8,1,0)+IF(AJ15=$AJ$8,1,0)+IF(AK15=$AK$8,1,0)+IF(AL15=$AL$8,1,0)+IF(AM15=$AM$8,1,0))) -> 0 | AO15: =IF(D15="","",VLOOKUP(AN15,'PAT Maths'!$D$3:$E$44,2,FALSE)) -> -42
A16: 45356 | B16: 3 | C16: 3B | D16: Lname7 | E16: Fname7 | F16: XXXXX7 | AN16: =IF(D16="",0,(IF(G16=$G$8,1,0)+IF(H16=$H$8,1,0)+IF(I16=$I$8,1,0)+IF(J16=$J$8,1,0)+IF(K16=$K$8,1,0)+IF(L16=$L$8,1,0)+IF(M16=$M$8,1,0)+IF(N16=$N$8,1,0)+IF(O16=$O$8,1,0)+IF(P16=$P$8,1,0)+IF(Q16=$Q$8,1,0)+IF(R16=$R$8,1,0)+IF(S16=$S$8,1,0)+IF(T16=$T$8,1,0)+IF(U16=$U$8,1,0)+IF(V16=$V$8,1,0)+IF(W16=$W$8,1,0)+IF(X16=$X$8,1,0)+IF(Y16=$Y$8,1,0)+IF(Z16=$Z$8,1,0)+IF(AA16=$AA$8,1,0)+IF(AB16=$AB$8,1,0)+IF(AC16=$AC$8,1,0)+IF(AD16=$AD$8,1,0)+IF(AE16=$AE$8,1,0)+IF(AF16=$AF$8,1,0)+IF(AG16=$AG$8,1,0)+IF(AH16=$AH$8,1,0)+IF(AI16=$AI$8,1,0)+IF(AJ16=$AJ$8,1,0)+IF(AK16=$AK$8,1,0)+IF(AL16=$AL$8,1,0)+IF(AM16=$AM$8,1,0))) -> 0 | AO16: =IF(D16="","",VLOOKUP(AN16,'PAT Maths'!$D$3:$E$44,2,FALSE)) -> -42
A17: 45356 | B17: 3 | C17: 3B | D17: Lname8 | E17: Fname8 | F17: XXXXX8 | AN17: =IF(D17="",0,(IF(G17=$G$8,1,0)+IF(H17=$H$8,1,0)+IF(I17=$I$8,1,0)+IF(J17=$J$8,1,0)+IF(K17=$K$8,1,0)+IF(L17=$L$8,1,0)+IF(M17=$M$8,1,0)+IF(N17=$N$8,1,0)+IF(O17=$O$8,1,0)+IF(P17=$P$8,1,0)+IF(Q17=$Q$8,1,0)+IF(R17=$R$8,1,0)+IF(S17=$S$8,1,0)+IF(T17=$T$8,1,0)+IF(U17=$U$8,1,0)+IF(V17=$V$8,1,0)+IF(W17=$W$8,1,0)+IF(X17=$X$8,1,0)+IF(Y17=$Y$8,1,0)+IF(Z17=$Z$8,1,0)+IF(AA17=$AA$8,1,0)+IF(AB17=$AB$8,1,0)+IF(AC17=$AC$8,1,0)+IF(AD17=$AD$8,1,0)+IF(AE17=$AE$8,1,0)+IF(AF17=$AF$8,1,0)+IF(AG17=$AG$8,1,0)+IF(AH17=$AH$8,1,0)+IF(AI17=$AI$8,1,0)+IF(AJ17=$AJ$8,1,0)+IF(AK17=$AK$8,1,0)+IF(AL17=$AL$8,1,0)+IF(AM17=$AM$8,1,0))) -> 0 | AO17: =IF(D17="","",VLOOKUP(AN17,'PAT Maths'!$D$3:$E$44,2,FALSE)) -> -42
A18: 45356 | B18: 3 | C18: 3B | D18: Lname9 | E18: Fname9 | F18: XXXXX9 | AN18: =IF(D18="",0,(IF(G18=$G$8,1,0)+IF(H18=$H$8,1,0)+IF(I18=$I$8,1,0)+IF(J18=$J$8,1,0)+IF(K18=$K$8,1,0)+IF(L18=$L$8,1,0)+IF(M18=$M$8,1,0)+IF(N18=$N$8,1,0)+IF(O18=$O$8,1,0)+IF(P18=$P$8,1,0)+IF(Q18=$Q$8,1,0)+IF(R18=$R$8,1,0)+IF(S18=$S$8,1,0)+IF(T18=$T$8,1,0)+IF(U18=$U$8,1,0)+IF(V18=$V$8,1,0)+IF(W18=$W$8,1,0)+IF(X18=$X$8,1,0)+IF(Y18=$Y$8,1,0)+IF(Z18=$Z$8,1,0)+IF(AA18=$AA$8,1,0)+IF(AB18=$AB$8,1,0)+IF(AC18=$AC$8,1,0)+IF(AD18=$AD$8,1,0)+IF(AE18=$AE$8,1,0)+IF(AF18=$AF$8,1,0)+IF(AG18=$AG$8,1,0)+IF(AH18=$AH$8,1,0)+IF(AI18=$AI$8,1,0)+IF(AJ18=$AJ$8,1,0)+IF(AK18=$AK$8,1,0)+IF(AL18=$AL$8,1,0)+IF(AM18=$AM$8,1,0))) -> 0 | AO18: =IF(D18="","",VLOOKUP(AN18,'PAT Maths'!$D$3:$E$44,2,FALSE)) -> -42
A19: 45356 | B19: 3 | C19: 3B | D19: Lname10 | E19: Fname10 | F19: XXXXX10 | AN19: =IF(D19="",0,(IF(G19=$G$8,1,0)+IF(H19=$H$8,1,0)+IF(I19=$I$8,1,0)+IF(J19=$J$8,1,0)+IF(K19=$K$8,1,0)+IF(L19=$L$8,1,0)+IF(M19=$M$8,1,0)+IF(N19=$N$8,1,0)+IF(O19=$O$8,1,0)+IF(P19=$P$8,1,0)+IF(Q19=$Q$8,1,0)+IF(R19=$R$8,1,0)+IF(S19=$S$8,1,0)+IF(T19=$T$8,1,0)+IF(U19=$U$8,1,0)+IF(V19=$V$8,1,0)+IF(W19=$W$8,1,0)+IF(X19=$X$8,1,0)+IF(Y19=$Y$8,1,0)+IF(Z19=$Z$8,1,0)+IF(AA19=$AA$8,1,0)+IF(AB19=$AB$8,1,0)+IF(AC19=$AC$8,1,0)+IF(AD19=$AD$8,1,0)+IF(AE19=$AE$8,1,0)+IF(AF19=$AF$8,1,0)+IF(AG19=$AG$8,1,0)+IF(AH19=$AH$8,1,0)+IF(AI19=$AI$8,1,0)+IF(AJ19=$AJ$8,1,0)+IF(AK19=$AK$8,1,0)+IF(AL19=$AL$8,1,0)+IF(AM19=$AM$8,1,0))) -> 0 | AO19: =IF(D19="","",VLOOKUP(AN19,'PAT Maths'!$D$3:$E$44,2,FALSE)) -> -42
AN20: =IF(D20="",0,(IF(G20=$G$8,1,0)+IF(H20=$H$8,1,0)+IF(I20=$I$8,1,0)+IF(J20=$J$8,1,0)+IF(K20=$K$8,1,0)+IF(L20=$L$8,1,0)+IF(M20=$M$8,1,0)+IF(N20=$N$8,1,0)+IF(O20=$O$8,1,0)+IF(P20=$P$8,1,0)+IF(Q20=$Q$8,1,0)+IF(R20=$R$8,1,0)+IF(S20=$S$8,1,0)+IF(T20=$T$8,1,0)+IF(U20=$U$8,1,0)+IF(V20=$V$8,1,0)+IF(W20=$W$8,1,0)+IF(X20=$X$8,1,0)+IF(Y20=$Y$8,1,0)+IF(Z20=$Z$8,1,0)+IF(AA20=$AA$8,1,0)+IF(AB20=$AB$8,1,0)+IF(AC20=$AC$8,1,0)+IF(AD20=$AD$8,1,0)+IF(AE20=$AE$8,1,0)+IF(AF20=$AF$8,1,0)+IF(AG20=$AG$8,1,0)+IF(AH20=$AH$8,1,0)+IF(AI20=$AI$8,1,0)+IF(AJ20=$AJ$8,1,0)+IF(AK20=$AK$8,1,0)+IF(AL20=$AL$8,1,0)+IF(AM20=$AM$8,1,0))) -> 0 | AO20: =IF(D20="","",VLOOKUP(AN20,'PAT Maths'!$D$3:$E$44,2,FALSE))
AN21: =IF(D21="",0,(IF(G21=$G$8,1,0)+IF(H21=$H$8,1,0)+IF(I21=$I$8,1,0)+IF(J21=$J$8,1,0)+IF(K21=$K$8,1,0)+IF(L21=$L$8,1,0)+IF(M21=$M$8,1,0)+IF(N21=$N$8,1,0)+IF(O21=$O$8,1,0)+IF(P21=$P$8,1,0)+IF(Q21=$Q$8,1,0)+IF(R21=$R$8,1,0)+IF(S21=$S$8,1,0)+IF(T21=$T$8,1,0)+IF(U21=$U$8,1,0)+IF(V21=$V$8,1,0)+IF(W21=$W$8,1,0)+IF(X21=$X$8,1,0)+IF(Y21=$Y$8,1,0)+IF(Z21=$Z$8,1,0)+IF(AA21=$AA$8,1,0)+IF(AB21=$AB$8,1,0)+IF(AC21=$AC$8,1,0)+IF(AD21=$AD$8,1,0)+IF(AE21=$AE$8,1,0)+IF(AF21=$AF$8,1,0)+IF(AG21=$AG$8,1,0)+IF(AH21=$AH$8,1,0)+IF(AI21=$AI$8,1,0)+IF(AJ21=$AJ$8,1,0)+IF(AK21=$AK$8,1,0)+IF(AL21=$AL$8,1,0)+IF(AM21=$AM$8,1,0))) -> 0 | AO21: =IF(D21="","",VLOOKUP(AN21,'PAT Maths'!$D$3:$E$44,2,FALSE))
AN22: =IF(D22="",0,(IF(G22=$G$8,1,0)+IF(H22=$H$8,1,0)+IF(I22=$I$8,1,0)+IF(J22=$J$8,1,0)+IF(K22=$K$8,1,0)+IF(L22=$L$8,1,0)+IF(M22=$M$8,1,0)+IF(N22=$N$8,1,0)+IF(O22=$O$8,1,0)+IF(P22=$P$8,1,0)+IF(Q22=$Q$8,1,0)+IF(R22=$R$8,1,0)+IF(S22=$S$8,1,0)+IF(T22=$T$8,1,0)+IF(U22=$U$8,1,0)+IF(V22=$V$8,1,0)+IF(W22=$W$8,1,0)+IF(X22=$X$8,1,0)+IF(Y22=$Y$8,1,0)+IF(Z22=$Z$8,1,0)+IF(AA22=$AA$8,1,0)+IF(AB22=$AB$8,1,0)+IF(AC22=$AC$8,1,0)+IF(AD22=$AD$8,1,0)+IF(AE22=$AE$8,1,0)+IF(AF22=$AF$8,1,0)+IF(AG22=$AG$8,1,0)+IF(AH22=$AH$8,1,0)+IF(AI22=$AI$8,1,0)+IF(AJ22=$AJ$8,1,0)+IF(AK22=$AK$8,1,0)+IF(AL22=$AL$8,1,0)+IF(AM22=$AM$8,1,0))) -> 0 | AO22: =IF(D22="","",VLOOKUP(AN22,'PAT Maths'!$D$3:$E$44,2,FALSE))
AN23: =IF(D23="",0,(IF(G23=$G$8,1,0)+IF(H23=$H$8,1,0)+IF(I23=$I$8,1,0)+IF(J23=$J$8,1,0)+IF(K23=$K$8,1,0)+IF(L23=$L$8,1,0)+IF(M23=$M$8,1,0)+IF(N23=$N$8,1,0)+IF(O23=$O$8,1,0)+IF(P23=$P$8,1,0)+IF(Q23=$Q$8,1,0)+IF(R23=$R$8,1,0)+IF(S23=$S$8,1,0)+IF(T23=$T$8,1,0)+IF(U23=$U$8,1,0)+IF(V23=$V$8,1,0)+IF(W23=$W$8,1,0)+IF(X23=$X$8,1,0)+IF(Y23=$Y$8,1,0)+IF(Z23=$Z$8,1,0)+IF(AA23=$AA$8,1,0)+IF(AB23=$AB$8,1,0)+IF(AC23=$AC$8,1,0)+IF(AD23=$AD$8,1,0)+IF(AE23=$AE$8,1,0)+IF(AF23=$AF$8,1,0)+IF(AG23=$AG$8,1,0)+IF(AH23=$AH$8,1,0)+IF(AI23=$AI$8,1,0)+IF(AJ23=$AJ$8,1,0)+IF(AK23=$AK$8,1,0)+IF(AL23=$AL$8,1,0)+IF(AM23=$AM$8,1,0))) -> 0 | AO23: =IF(D23="","",VLOOKUP(AN23,'PAT Maths'!$D$3:$E$44,2,FALSE))
AN24: =IF(D24="",0,(IF(G24=$G$8,1,0)+IF(H24=$H$8,1,0)+IF(I24=$I$8,1,0)+IF(J24=$J$8,1,0)+IF(K24=$K$8,1,0)+IF(L24=$L$8,1,0)+IF(M24=$M$8,1,0)+IF(N24=$N$8,1,0)+IF(O24=$O$8,1,0)+IF(P24=$P$8,1,0)+IF(Q24=$Q$8,1,0)+IF(R24=$R$8,1,0)+IF(S24=$S$8,1,0)+IF(T24=$T$8,1,0)+IF(U24=$U$8,1,0)+IF(V24=$V$8,1,0)+IF(W24=$W$8,1,0)+IF(X24=$X$8,1,0)+IF(Y24=$Y$8,1,0)+IF(Z24=$Z$8,1,0)+IF(AA24=$AA$8,1,0)+IF(AB24=$AB$8,1,0)+IF(AC24=$AC$8,1,0)+IF(AD24=$AD$8,1,0)+IF(AE24=$AE$8,1,0)+IF(AF24=$AF$8,1,0)+IF(AG24=$AG$8,1,0)+IF(AH24=$AH$8,1,0)+IF(AI24=$AI$8,1,0)+IF(AJ24=$AJ$8,1,0)+IF(AK24=$AK$8,1,0)+IF(AL24=$AL$8,1,0)+IF(AM24=$AM$8,1,0))) -> 0 | AO24: =IF(D24="","",VLOOKUP(AN24,'PAT Maths'!$D$3:$E$44,2,FALSE))
AN25: =IF(D25="",0,(IF(G25=$G$8,1,0)+IF(H25=$H$8,1,0)+IF(I25=$I$8,1,0)+IF(J25=$J$8,1,0)+IF(K25=$K$8,1,0)+IF(L25=$L$8,1,0)+IF(M25=$M$8,1,0)+IF(N25=$N$8,1,0)+IF(O25=$O$8,1,0)+IF(P25=$P$8,1,0)+IF(Q25=$Q$8,1,0)+IF(R25=$R$8,1,0)+IF(S25=$S$8,1,0)+IF(T25=$T$8,1,0)+IF(U25=$U$8,1,0)+IF(V25=$V$8,1,0)+IF(W25=$W$8,1,0)+IF(X25=$X$8,1,0)+IF(Y25=$Y$8,1,0)+IF(Z25=$Z$8,1,0)+IF(AA25=$AA$8,1,0)+IF(AB25=$AB$8,1,0)+IF(AC25=$AC$8,1,0)+IF(AD25=$AD$8,1,0)+IF(AE25=$AE$8,1,0)+IF(AF25=$AF$8,1,0)+IF(AG25=$AG$8,1,0)+IF(AH25=$AH$8,1,0)+IF(AI25=$AI$8,1,0)+IF(AJ25=$AJ$8,1,0)+IF(AK25=$AK$8,1,0)+IF(AL25=$AL$8,1,0)+IF(AM25=$AM$8,1,0))) -> 0 | AO25: =IF(D25="","",VLOOKUP(AN25,'PAT Maths'!$D$3:$E$44,2,FALSE))
AN26: =IF(D26="",0,(IF(G26=$G$8,1,0)+IF(H26=$H$8,1,0)+IF(I26=$I$8,1,0)+IF(J26=$J$8,1,0)+IF(K26=$K$8,1,0)+IF(L26=$L$8,1,0)+IF(M26=$M$8,1,0)+IF(N26=$N$8,1,0)+IF(O26=$O$8,1,0)+IF(P26=$P$8,1,0)+IF(Q26=$Q$8,1,0)+IF(R26=$R$8,1,0)+IF(S26=$S$8,1,0)+IF(T26=$T$8,1,0)+IF(U26=$U$8,1,0)+IF(V26=$V$8,1,0)+IF(W26=$W$8,1,0)+IF(X26=$X$8,1,0)+IF(Y26=$Y$8,1,0)+IF(Z26=$Z$8,1,0)+IF(AA26=$AA$8,1,0)+IF(AB26=$AB$8,1,0)+IF(AC26=$AC$8,1,0)+IF(AD26=$AD$8,1,0)+IF(AE26=$AE$8,1,0)+IF(AF26=$AF$8,1,0)+IF(AG26=$AG$8,1,0)+IF(AH26=$AH$8,1,0)+IF(AI26=$AI$8,1,0)+IF(AJ26=$AJ$8,1,0)+IF(AK26=$AK$8,1,0)+IF(AL26=$AL$8,1,0)+IF(AM26=$AM$8,1,0))) -> 0 | AO26: =IF(D26="","",VLOOKUP(AN26,'PAT Maths'!$D$3:$E$44,2,FALSE))
AN27: =IF(D27="",0,(IF(G27=$G$8,1,0)+IF(H27=$H$8,1,0)+IF(I27=$I$8,1,0)+IF(J27=$J$8,1,0)+IF(K27=$K$8,1,0)+IF(L27=$L$8,1,0)+IF(M27=$M$8,1,0)+IF(N27=$N$8,1,0)+IF(O27=$O$8,1,0)+IF(P27=$P$8,1,0)+IF(Q27=$Q$8,1,0)+IF(R27=$R$8,1,0)+IF(S27=$S$8,1,0)+IF(T27=$T$8,1,0)+IF(U27=$U$8,1,0)+IF(V27=$V$8,1,0)+IF(W27=$W$8,1,0)+IF(X27=$X$8,1,0)+IF(Y27=$Y$8,1,0)+IF(Z27=$Z$8,1,0)+IF(AA27=$AA$8,1,0)+IF(AB27=$AB$8,1,0)+IF(AC27=$AC$8,1,0)+IF(AD27=$AD$8,1,0)+IF(AE27=$AE$8,1,0)+IF(AF27=$AF$8,1,0)+IF(AG27=$AG$8,1,0)+IF(AH27=$AH$8,1,0)+IF(AI27=$AI$8,1,0)+IF(AJ27=$AJ$8,1,0)+IF(AK27=$AK$8,1,0)+IF(AL27=$AL$8,1,0)+IF(AM27=$AM$8,1,0))) -> 0 | AO27: =IF(D27="","",VLOOKUP(AN27,'PAT Maths'!$D$3:$E$44,2,FALSE))
AN28: =IF(D28="",0,(IF(G28=$G$8,1,0)+IF(H28=$H$8,1,0)+IF(I28=$I$8,1,0)+IF(J28=$J$8,1,0)+IF(K28=$K$8,1,0)+IF(L28=$L$8,1,0)+IF(M28=$M$8,1,0)+IF(N28=$N$8,1,0)+IF(O28=$O$8,1,0)+IF(P28=$P$8,1,0)+IF(Q28=$Q$8,1,0)+IF(R28=$R$8,1,0)+IF(S28=$S$8,1,0)+IF(T28=$T$8,1,0)+IF(U28=$U$8,1,0)+IF(V28=$V$8,1,0)+IF(W28=$W$8,1,0)+IF(X28=$X$8,1,0)+IF(Y28=$Y$8,1,0)+IF(Z28=$Z$8,1,0)+IF(AA28=$AA$8,1,0)+IF(AB28=$AB$8,1,0)+IF(AC28=$AC$8,1,0)+IF(AD28=$AD$8,1,0)+IF(AE28=$AE$8,1,0)+IF(AF28=$AF$8,1,0)+IF(AG28=$AG$8,1,0)+IF(AH28=$AH$8,1,0)+IF(AI28=$AI$8,1,0)+IF(AJ28=$AJ$8,1,0)+IF(AK28=$AK$8,1,0)+IF(AL28=$AL$8,1,0)+IF(AM28=$AM$8,1,0))) -> 0 | AO28: =IF(D28="","",VLOOKUP(AN28,'PAT Maths'!$D$3:$E$44,2,FALSE))
AN29: =IF(D29="",0,(IF(G29=$G$8,1,0)+IF(H29=$H$8,1,0)+IF(I29=$I$8,1,0)+IF(J29=$J$8,1,0)+IF(K29=$K$8,1,0)+IF(L29=$L$8,1,0)+IF(M29=$M$8,1,0)+IF(N29=$N$8,1,0)+IF(O29=$O$8,1,0)+IF(P29=$P$8,1,0)+IF(Q29=$Q$8,1,0)+IF(R29=$R$8,1,0)+IF(S29=$S$8,1,0)+IF(T29=$T$8,1,0)+IF(U29=$U$8,1,0)+IF(V29=$V$8,1,0)+IF(W29=$W$8,1,0)+IF(X29=$X$8,1,0)+IF(Y29=$Y$8,1,0)+IF(Z29=$Z$8,1,0)+IF(AA29=$AA$8,1,0)+IF(AB29=$AB$8,1,0)+IF(AC29=$AC$8,1,0)+IF(AD29=$AD$8,1,0)+IF(AE29=$AE$8,1,0)+IF(AF29=$AF$8,1,0)+IF(AG29=$AG$8,1,0)+IF(AH29=$AH$8,1,0)+IF(AI29=$AI$8,1,0)+IF(AJ29=$AJ$8,1,0)+IF(AK29=$AK$8,1,0)+IF(AL29=$AL$8,1,0)+IF(AM29=$AM$8,1,0))) -> 0 | AO29: =IF(D29="","",VLOOKUP(AN29,'PAT Maths'!$D$3:$E$44,2,FALSE))
AN30: =IF(D30="",0,(IF(G30=$G$8,1,0)+IF(H30=$H$8,1,0)+IF(I30=$I$8,1,0)+IF(J30=$J$8,1,0)+IF(K30=$K$8,1,0)+IF(L30=$L$8,1,0)+IF(M30=$M$8,1,0)+IF(N30=$N$8,1,0)+IF(O30=$O$8,1,0)+IF(P30=$P$8,1,0)+IF(Q30=$Q$8,1,0)+IF(R30=$R$8,1,0)+IF(S30=$S$8,1,0)+IF(T30=$T$8,1,0)+IF(U30=$U$8,1,0)+IF(V30=$V$8,1,0)+IF(W30=$W$8,1,0)+IF(X30=$X$8,1,0)+IF(Y30=$Y$8,1,0)+IF(Z30=$Z$8,1,0)+IF(AA30=$AA$8,1,0)+IF(AB30=$AB$8,1,0)+IF(AC30=$AC$8,1,0)+IF(AD30=$AD$8,1,0)+IF(AE30=$AE$8,1,0)+IF(AF30=$AF$8,1,0)+IF(AG30=$AG$8,1,0)+IF(AH30=$AH$8,1,0)+IF(AI30=$AI$8,1,0)+IF(AJ30=$AJ$8,1,0)+IF(AK30=$AK$8,1,0)+IF(AL30=$AL$8,1,0)+IF(AM30=$AM$8,1,0))) -> 0 | AO30: =IF(D30="","",VLOOKUP(AN30,'PAT Maths'!$D$3:$E$44,2,FALSE))
AN31: =IF(D31="",0,(IF(G31=$G$8,1,0)+IF(H31=$H$8,1,0)+IF(I31=$I$8,1,0)+IF(J31=$J$8,1,0)+IF(K31=$K$8,1,0)+IF(L31=$L$8,1,0)+IF(M31=$M$8,1,0)+IF(N31=$N$8,1,0)+IF(O31=$O$8,1,0)+IF(P31=$P$8,1,0)+IF(Q31=$Q$8,1,0)+IF(R31=$R$8,1,0)+IF(S31=$S$8,1,0)+IF(T31=$T$8,1,0)+IF(U31=$U$8,1,0)+IF(V31=$V$8,1,0)+IF(W31=$W$8,1,0)+IF(X31=$X$8,1,0)+IF(Y31=$Y$8,1,0)+IF(Z31=$Z$8,1,0)+IF(AA31=$AA$8,1,0)+IF(AB31=$AB$8,1,0)+IF(AC31=$AC$8,1,0)+IF(AD31=$AD$8,1,0)+IF(AE31=$AE$8,1,0)+IF(AF31=$AF$8,1,0)+IF(AG31=$AG$8,1,0)+IF(AH31=$AH$8,1,0)+IF(AI31=$AI$8,1,0)+IF(AJ31=$AJ$8,1,0)+IF(AK31=$AK$8,1,0)+IF(AL31=$AL$8,1,0)+IF(AM31=$AM$8,1,0))) -> 0 | AO31: =IF(D31="","",VLOOKUP(AN31,'PAT Maths'!$D$3:$E$44,2,FALSE))
... AN425: =IF(D425="",0,(IF(G425=$G$8,1,0)+IF(H425=$H$8,1,0)+IF(I425=$I$8,1,0)+IF(J425=$J$8,1,0)+IF(K425=$K$8,1,0)+IF(L425=$L$8,1,0)+IF(M425=$M$8,1,0)+IF(N425=$N$8,1,0)+IF(O425=$O$8,1,0)+IF(P425=$P$8,1,0)+IF(Q425=$Q$8,1,0)+IF(R425=$R$8,1,0)+IF(S425=$S$8,1,0)+IF(T425=$T$8,1,0)+IF(U425=$U$8,1,0)+IF(V425=$V$8,1,0)+IF(W425=$W$8,1,0)+IF(X425=$X$8,1,0)+IF(Y425=$Y$8,1,0)+IF(Z425=$Z$8,1,0)+IF(AA425=$AA$8,1,0)+IF(AB425=$AB$8,1,0)+IF(AC425=$AC$8,1,0)+IF(AD425=$AD$8,1,0)+IF(AE425=$AE$8,1,0)+IF(AF425=$AF$8,1,0)+IF(AG425=$AG$8,1,0)+IF(AH425=$AH$8,1,0)+IF(AI425=$AI$8,1,0)+IF(AJ425=$AJ$8,1,0)+IF(AK425=$AK$8,1,0)+IF(AL425=$AL$8,1,0)+IF(AM425=$AM$8,1,0))) -> 0 | AO425: =IF(D425="","",VLOOKUP(AN425,'PAT Maths'!$D$3:$E$44,2,FALSE))

Sheet PATM TBA
A1: PAT-Maths - Test Booklet A
G3: QUESTION No. and ANSWER KEY (Enter the student's response - "A" or "B" or "C" or "D" or "E")
E4: Question Number | G4: 1 | H4: 2 | I4: 3 | J4: 4 | K4: 5 | L4: 6 | M4: 7 | N4: 8 | O4: 9 | P4: 10 | Q4: 11 | R4: 12 | S4: 13 | T4: 14 | U4: 15 | V4: 16 | W4: 17 | X4: 18 | Y4: 19 | Z4: 20
E5: Item Difficulty | G5: 22 | H5: 25 | I5: 27 | J5: 20 | K5: 24 | L5: 25 | M5: 17 | N5: 29 | O5: 28 | P5: 26 | Q5: 23 | R5: 13 | S5: 18 | T5: 19 | U5: 18 | V5: 29 | W5: 40 | X5: 19 | Y5: 23 | Z5: 22
E6: Skill Assessed | G6: NC | H6: NC | I6: NC | J6: NC | K6: NC | L6: NC | M6: NC | N6: NC | O6: NC | P6: NC | Q6: NC | R6: S | S6: S | T6: S | U6: M | V6: M | W6: M | X6: CD | Y6: CD | Z6: CD
A7: required | B7: required | C7: optional | D7: required | E7: required | F7: required
A8: Date (dd/mm/yy) | B8: Yr_Lev | C8: Grp | D8: Surname | E8: First_Name | F8: Student_ID | G8: C | H8: D | I8: B | J8: E | K8: C | L8: C | M8: A | N8: E | O8: A | P8: C | Q8: D | R8: D | S8: A | T8: B | U8: C | V8: B | W8: B | X8: E | Y8: C | Z8: A | AA8: Raw Score | AB8: PAT Score
A9: 45356 | B9: 3 | C9: 3A | D9: Lname1 | E9: Fname1 | F9: XXXXX1 | AA9: =IF(D9="",0,(IF(G9=$G$8,1,0)+IF(H9=$H$8,1,0)+IF(I9=$I$8,1,0)+IF(J9=$J$8,1,0)+IF(K9=$K$8,1,0)+IF(L9=$L$8,1,0)+IF(M9=$M$8,1,0)+IF(N9=$N$8,1,0)+IF(O9=$O$8,1,0)+IF(P9=$P$8,1,0)+IF(Q9=$Q$8,1,0)+IF(R9=$R$8,1,0)+IF(S9=$S$8,1,0)+IF(T9=$T$8,1,0)+IF(U9=$U$8,1,0)+IF(V9=$V$8,1,0)+IF(W9=$W$8,1,0)+IF(X9=$X$8,1,0)+IF(Y9=$Y$8,1,0)+IF(Z9=$Z$8,1,0))) -> 0 | AB9: =IF(D9="","",VLOOKUP(AA9,'PAT Maths'!$F$3:$G$44,2,FALSE)) -> –17.7
A10: 45356 | B10: 3 | C10: 3A | D10: Lname2 | E10: Fname2 | F10: XXXXX2 | AA10: =IF(D10="",0,(IF(G10=$G$8,1,0)+IF(H10=$H$8,1,0)+IF(I10=$I$8,1,0)+IF(J10=$J$8,1,0)+IF(K10=$K$8,1,0)+IF(L10=$L$8,1,0)+IF(M10=$M$8,1,0)+IF(N10=$N$8,1,0)+IF(O10=$O$8,1,0)+IF(P10=$P$8,1,0)+IF(Q10=$Q$8,1,0)+IF(R10=$R$8,1,0)+IF(S10=$S$8,1,0)+IF(T10=$T$8,1,0)+IF(U10=$U$8,1,0)+IF(V10=$V$8,1,0)+IF(W10=$W$8,1,0)+IF(X10=$X$8,1,0)+IF(Y10=$Y$8,1,0)+IF(Z10=$Z$8,1,0))) -> 0 | AB10: =IF(D10="","",VLOOKUP(AA10,'PAT Maths'!$F$3:$G$44,2,FALSE)) -> –17.7
A11: 45356 | B11: 3 | C11: 3A | D11: Lname3 | E11: Fname3 | F11: XXXXX3 | AA11: =IF(D11="",0,(IF(G11=$G$8,1,0)+IF(H11=$H$8,1,0)+IF(I11=$I$8,1,0)+IF(J11=$J$8,1,0)+IF(K11=$K$8,1,0)+IF(L11=$L$8,1,0)+IF(M11=$M$8,1,0)+IF(N11=$N$8,1,0)+IF(O11=$O$8,1,0)+IF(P11=$P$8,1,0)+IF(Q11=$Q$8,1,0)+IF(R11=$R$8,1,0)+IF(S11=$S$8,1,0)+IF(T11=$T$8,1,0)+IF(U11=$U$8,1,0)+IF(V11=$V$8,1,0)+IF(W11=$W$8,1,0)+IF(X11=$X$8,1,0)+IF(Y11=$Y$8,1,0)+IF(Z11=$Z$8,1,0))) -> 0 | AB11: =IF(D11="","",VLOOKUP(AA11,'PAT Maths'!$F$3:$G$44,2,FALSE)) -> –17.7
A12: 45356 | B12: 3 | C12: 3A | D12: Lname4 | E12: Fname4 | F12: XXXXX4 | AA12: =IF(D12="",0,(IF(G12=$G$8,1,0)+IF(H12=$H$8,1,0)+IF(I12=$I$8,1,0)+IF(J12=$J$8,1,0)+IF(K12=$K$8,1,0)+IF(L12=$L$8,1,0)+IF(M12=$M$8,1,0)+IF(N12=$N$8,1,0)+IF(O12=$O$8,1,0)+IF(P12=$P$8,1,0)+IF(Q12=$Q$8,1,0)+IF(R12=$R$8,1,0)+IF(S12=$S$8,1,0)+IF(T12=$T$8,1,0)+IF(U12=$U$8,1,0)+IF(V12=$V$8,1,0)+IF(W12=$W$8,1,0)+IF(X12=$X$8,1,0)+IF(Y12=$Y$8,1,0)+IF(Z12=$Z$8,1,0))) -> 0 | AB12: =IF(D12="","",VLOOKUP(AA12,'PAT Maths'!$F$3:$G$44,2,FALSE)) -> –17.7
A13: 45356 | B13: 3 | C13: 3B | D13: ULname13 | E13: UFname13 | F13: UNLISTED | AA13: =IF(D13="",0,(IF(G13=$G$8,1,0)+IF(H13=$H$8,1,0)+IF(I13=$I$8,1,0)+IF(J13=$J$8,1,0)+IF(K13=$K$8,1,0)+IF(L13=$L$8,1,0)+IF(M13=$M$8,1,0)+IF(N13=$N$8,1,0)+IF(O13=$O$8,1,0)+IF(P13=$P$8,1,0)+IF(Q13=$Q$8,1,0)+IF(R13=$R$8,1,0)+IF(S13=$S$8,1,0)+IF(T13=$T$8,1,0)+IF(U13=$U$8,1,0)+IF(V13=$V$8,1,0)+IF(W13=$W$8,1,0)+IF(X13=$X$8,1,0)+IF(Y13=$Y$8,1,0)+IF(Z13=$Z$8,1,0))) -> 0 | AB13: =IF(D13="","",VLOOKUP(AA13,'PAT Maths'!$F$3:$G$44,2,FALSE)) -> –17.7
A14: 45356 | B14: 3 | C14: 3A | D14: Lname5 | E14: Fname5 | F14: XXXXX5 | AA14: =IF(D14="",0,(IF(G14=$G$8,1,0)+IF(H14=$H$8,1,0)+IF(I14=$I$8,1,0)+IF(J14=$J$8,1,0)+IF(K14=$K$8,1,0)+IF(L14=$L$8,1,0)+IF(M14=$M$8,1,0)+IF(N14=$N$8,1,0)+IF(O14=$O$8,1,0)+IF(P14=$P$8,1,0)+IF(Q14=$Q$8,1,0)+IF(R14=$R$8,1,0)+IF(S14=$S$8,1,0)+IF(T14=$T$8,1,0)+IF(U14=$U$8,1,0)+IF(V14=$V$8,1,0)+IF(W14=$W$8,1,0)+IF(X14=$X$8,1,0)+IF(Y14=$Y$8,1,0)+IF(Z14=$Z$8,1,0))) -> 0 | AB14: =IF(D14="","",VLOOKUP(AA14,'PAT Maths'!$F$3:$G$44,2,FALSE)) -> –17.7
A15: 45356 | B15: 3 | C15: 3B | D15: Lname6 | E15: Fname6 | F15: XXXXX6 | AA15: =IF(D15="",0,(IF(G15=$G$8,1,0)+IF(H15=$H$8,1,0)+IF(I15=$I$8,1,0)+IF(J15=$J$8,1,0)+IF(K15=$K$8,1,0)+IF(L15=$L$8,1,0)+IF(M15=$M$8,1,0)+IF(N15=$N$8,1,0)+IF(O15=$O$8,1,0)+IF(P15=$P$8,1,0)+IF(Q15=$Q$8,1,0)+IF(R15=$R$8,1,0)+IF(S15=$S$8,1,0)+IF(T15=$T$8,1,0)+IF(U15=$U$8,1,0)+IF(V15=$V$8,1,0)+IF(W15=$W$8,1,0)+IF(X15=$X$8,1,0)+IF(Y15=$Y$8,1,0)+IF(Z15=$Z$8,1,0))) -> 0 | AB15: =IF(D15="","",VLOOKUP(AA15,'PAT Maths'!$F$3:$G$44,2,FALSE)) -> –17.7
A16: 45356 | B16: 3 | C16: 3B | D16: Lname7 | E16: Fname7 | F16: XXXXX7 | AA16: =IF(D16="",0,(IF(G16=$G$8,1,0)+IF(H16=$H$8,1,0)+IF(I16=$I$8,1,0)+IF(J16=$J$8,1,0)+IF(K16=$K$8,1,0)+IF(L16=$L$8,1,0)+IF(M16=$M$8,1,0)+IF(N16=$N$8,1,0)+IF(O16=$O$8,1,0)+IF(P16=$P$8,1,0)+IF(Q16=$Q$8,1,0)+IF(R16=$R$8,1,0)+IF(S16=$S$8,1,0)+IF(T16=$T$8,1,0)+IF(U16=$U$8,1,0)+IF(V16=$V$8,1,0)+IF(W16=$W$8,1,0)+IF(X16=$X$8,1,0)+IF(Y16=$Y$8,1,0)+IF(Z16=$Z$8,1,0))) -> 0 | AB16: =IF(D16="","",VLOOKUP(AA16,'PAT Maths'!$F$3:$G$44,2,FALSE)) -> –17.7
A17: 45356 | B17: 3 | C17: 3B | D17: Lname8 | E17: Fname8 | F17: XXXXX8 | AA17: =IF(D17="",0,(IF(G17=$G$8,1,0)+IF(H17=$H$8,1,0)+IF(I17=$I$8,1,0)+IF(J17=$J$8,1,0)+IF(K17=$K$8,1,0)+IF(L17=$L$8,1,0)+IF(M17=$M$8,1,0)+IF(N17=$N$8,1,0)+IF(O17=$O$8,1,0)+IF(P17=$P$8,1,0)+IF(Q17=$Q$8,1,0)+IF(R17=$R$8,1,0)+IF(S17=$S$8,1,0)+IF(T17=$T$8,1,0)+IF(U17=$U$8,1,0)+IF(V17=$V$8,1,0)+IF(W17=$W$8,1,0)+IF(X17=$X$8,1,0)+IF(Y17=$Y$8,1,0)+IF(Z17=$Z$8,1,0))) -> 0 | AB17: =IF(D17="","",VLOOKUP(AA17,'PAT Maths'!$F$3:$G$44,2,FALSE)) -> –17.7
A18: 45356 | B18: 3 | C18: 3B | D18: Lname9 | E18: Fname9 | F18: XXXXX9 | AA18: =IF(D18="",0,(IF(G18=$G$8,1,0)+IF(H18=$H$8,1,0)+IF(I18=$I$8,1,0)+IF(J18=$J$8,1,0)+IF(K18=$K$8,1,0)+IF(L18=$L$8,1,0)+IF(M18=$M$8,1,0)+IF(N18=$N$8,1,0)+IF(O18=$O$8,1,0)+IF(P18=$P$8,1,0)+IF(Q18=$Q$8,1,0)+IF(R18=$R$8,1,0)+IF(S18=$S$8,1,0)+IF(T18=$T$8,1,0)+IF(U18=$U$8,1,0)+IF(V18=$V$8,1,0)+IF(W18=$W$8,1,0)+IF(X18=$X$8,1,0)+IF(Y18=$Y$8,1,0)+IF(Z18=$Z$8,1,0))) -> 0 | AB18: =IF(D18="","",VLOOKUP(AA18,'PAT Maths'!$F$3:$G$44,2,FALSE)) -> –17.7
A19: 45356 | B19: 3 | C19: 3B | D19: Lname10 | E19: Fname10 | F19: XXXXX10 | AA19: =IF(D19="",0,(IF(G19=$G$8,1,0)+IF(H19=$H$8,1,0)+IF(I19=$I$8,1,0)+IF(J19=$J$8,1,0)+IF(K19=$K$8,1,0)+IF(L19=$L$8,1,0)+IF(M19=$M$8,1,0)+IF(N19=$N$8,1,0)+IF(O19=$O$8,1,0)+IF(P19=$P$8,1,0)+IF(Q19=$Q$8,1,0)+IF(R19=$R$8,1,0)+IF(S19=$S$8,1,0)+IF(T19=$T$8,1,0)+IF(U19=$U$8,1,0)+IF(V19=$V$8,1,0)+IF(W19=$W$8,1,0)+IF(X19=$X$8,1,0)+IF(Y19=$Y$8,1,0)+IF(Z19=$Z$8,1,0))) -> 0 | AB19: =IF(D19="","",VLOOKUP(AA19,'PAT Maths'!$F$3:$G$44,2,FALSE)) -> –17.7
AA20: =IF(D20="",0,(IF(G20=$G$8,1,0)+IF(H20=$H$8,1,0)+IF(I20=$I$8,1,0)+IF(J20=$J$8,1,0)+IF(K20=$K$8,1,0)+IF(L20=$L$8,1,0)+IF(M20=$M$8,1,0)+IF(N20=$N$8,1,0)+IF(O20=$O$8,1,0)+IF(P20=$P$8,1,0)+IF(Q20=$Q$8,1,0)+IF(R20=$R$8,1,0)+IF(S20=$S$8,1,0)+IF(T20=$T$8,1,0)+IF(U20=$U$8,1,0)+IF(V20=$V$8,1,0)+IF(W20=$W$8,1,0)+IF(X20=$X$8,1,0)+IF(Y20=$Y$8,1,0)+IF(Z20=$Z$8,1,0))) -> 0 | AB20: =IF(D20="","",VLOOKUP(AA20,'PAT Maths'!$F$3:$G$44,2,FALSE))
AA21: =IF(D21="",0,(IF(G21=$G$8,1,0)+IF(H21=$H$8,1,0)+IF(I21=$I$8,1,0)+IF(J21=$J$8,1,0)+IF(K21=$K$8,1,0)+IF(L21=$L$8,1,0)+IF(M21=$M$8,1,0)+IF(N21=$N$8,1,0)+IF(O21=$O$8,1,0)+IF(P21=$P$8,1,0)+IF(Q21=$Q$8,1,0)+IF(R21=$R$8,1,0)+IF(S21=$S$8,1,0)+IF(T21=$T$8,1,0)+IF(U21=$U$8,1,0)+IF(V21=$V$8,1,0)+IF(W21=$W$8,1,0)+IF(X21=$X$8,1,0)+IF(Y21=$Y$8,1,0)+IF(Z21=$Z$8,1,0))) -> 0 | AB21: =IF(D21="","",VLOOKUP(AA21,'PAT Maths'!$F$3:$G$44,2,FALSE))
AA22: =IF(D22="",0,(IF(G22=$G$8,1,0)+IF(H22=$H$8,1,0)+IF(I22=$I$8,1,0)+IF(J22=$J$8,1,0)+IF(K22=$K$8,1,0)+IF(L22=$L$8,1,0)+IF(M22=$M$8,1,0)+IF(N22=$N$8,1,0)+IF(O22=$O$8,1,0)+IF(P22=$P$8,1,0)+IF(Q22=$Q$8,1,0)+IF(R22=$R$8,1,0)+IF(S22=$S$8,1,0)+IF(T22=$T$8,1,0)+IF(U22=$U$8,1,0)+IF(V22=$V$8,1,0)+IF(W22=$W$8,1,0)+IF(X22=$X$8,1,0)+IF(Y22=$Y$8,1,0)+IF(Z22=$Z$8,1,0))) -> 0 | AB22: =IF(D22="","",VLOOKUP(AA22,'PAT Maths'!$F$3:$G$44,2,FALSE))
AA23: =IF(D23="",0,(IF(G23=$G$8,1,0)+IF(H23=$H$8,1,0)+IF(I23=$I$8,1,0)+IF(J23=$J$8,1,0)+IF(K23=$K$8,1,0)+IF(L23=$L$8,1,0)+IF(M23=$M$8,1,0)+IF(N23=$N$8,1,0)+IF(O23=$O$8,1,0)+IF(P23=$P$8,1,0)+IF(Q23=$Q$8,1,0)+IF(R23=$R$8,1,0)+IF(S23=$S$8,1,0)+IF(T23=$T$8,1,0)+IF(U23=$U$8,1,0)+IF(V23=$V$8,1,0)+IF(W23=$W$8,1,0)+IF(X23=$X$8,1,0)+IF(Y23=$Y$8,1,0)+IF(Z23=$Z$8,1,0))) -> 0 | AB23: =IF(D23="","",VLOOKUP(AA23,'PAT Maths'!$F$3:$G$44,2,FALSE))
AA24: =IF(D24="",0,(IF(G24=$G$8,1,0)+IF(H24=$H$8,1,0)+IF(I24=$I$8,1,0)+IF(J24=$J$8,1,0)+IF(K24=$K$8,1,0)+IF(L24=$L$8,1,0)+IF(M24=$M$8,1,0)+IF(N24=$N$8,1,0)+IF(O24=$O$8,1,0)+IF(P24=$P$8,1,0)+IF(Q24=$Q$8,1,0)+IF(R24=$R$8,1,0)+IF(S24=$S$8,1,0)+IF(T24=$T$8,1,0)+IF(U24=$U$8,1,0)+IF(V24=$V$8,1,0)+IF(W24=$W$8,1,0)+IF(X24=$X$8,1,0)+IF(Y24=$Y$8,1,0)+IF(Z24=$Z$8,1,0))) -> 0 | AB24: =IF(D24="","",VLOOKUP(AA24,'PAT Maths'!$F$3:$G$44,2,FALSE))
AA25: =IF(D25="",0,(IF(G25=$G$8,1,0)+IF(H25=$H$8,1,0)+IF(I25=$I$8,1,0)+IF(J25=$J$8,1,0)+IF(K25=$K$8,1,0)+IF(L25=$L$8,1,0)+IF(M25=$M$8,1,0)+IF(N25=$N$8,1,0)+IF(O25=$O$8,1,0)+IF(P25=$P$8,1,0)+IF(Q25=$Q$8,1,0)+IF(R25=$R$8,1,0)+IF(S25=$S$8,1,0)+IF(T25=$T$8,1,0)+IF(U25=$U$8,1,0)+IF(V25=$V$8,1,0)+IF(W25=$W$8,1,0)+IF(X25=$X$8,1,0)+IF(Y25=$Y$8,1,0)+IF(Z25=$Z$8,1,0))) -> 0 | AB25: =IF(D25="","",VLOOKUP(AA25,'PAT Maths'!$F$3:$G$44,2,FALSE))
AA26: =IF(D26="",0,(IF(G26=$G$8,1,0)+IF(H26=$H$8,1,0)+IF(I26=$I$8,1,0)+IF(J26=$J$8,1,0)+IF(K26=$K$8,1,0)+IF(L26=$L$8,1,0)+IF(M26=$M$8,1,0)+IF(N26=$N$8,1,0)+IF(O26=$O$8,1,0)+IF(P26=$P$8,1,0)+IF(Q26=$Q$8,1,0)+IF(R26=$R$8,1,0)+IF(S26=$S$8,1,0)+IF(T26=$T$8,1,0)+IF(U26=$U$8,1,0)+IF(V26=$V$8,1,0)+IF(W26=$W$8,1,0)+IF(X26=$X$8,1,0)+IF(Y26=$Y$8,1,0)+IF(Z26=$Z$8,1,0))) -> 0 | AB26: =IF(D26="","",VLOOKUP(AA26,'PAT Maths'!$F$3:$G$44,2,FALSE))
AA27: =IF(D27="",0,(IF(G27=$G$8,1,0)+IF(H27=$H$8,1,0)+IF(I27=$I$8,1,0)+IF(J27=$J$8,1,0)+IF(K27=$K$8,1,0)+IF(L27=$L$8,1,0)+IF(M27=$M$8,1,0)+IF(N27=$N$8,1,0)+IF(O27=$O$8,1,0)+IF(P27=$P$8,1,0)+IF(Q27=$Q$8,1,0)+IF(R27=$R$8,1,0)+IF(S27=$S$8,1,0)+IF(T27=$T$8,1,0)+IF(U27=$U$8,1,0)+IF(V27=$V$8,1,0)+IF(W27=$W$8,1,0)+IF(X27=$X$8,1,0)+IF(Y27=$Y$8,1,0)+IF(Z27=$Z$8,1,0))) -> 0 | AB27: =IF(D27="","",VLOOKUP(AA27,'PAT Maths'!$F$3:$G$44,2,FALSE))
AA28: =IF(D28="",0,(IF(G28=$G$8,1,0)+IF(H28=$H$8,1,0)+IF(I28=$I$8,1,0)+IF(J28=$J$8,1,0)+IF(K28=$K$8,1,0)+IF(L28=$L$8,1,0)+IF(M28=$M$8,1,0)+IF(N28=$N$8,1,0)+IF(O28=$O$8,1,0)+IF(P28=$P$8,1,0)+IF(Q28=$Q$8,1,0)+IF(R28=$R$8,1,0)+IF(S28=$S$8,1,0)+IF(T28=$T$8,1,0)+IF(U28=$U$8,1,0)+IF(V28=$V$8,1,0)+IF(W28=$W$8,1,0)+IF(X28=$X$8,1,0)+IF(Y28=$Y$8,1,0)+IF(Z28=$Z$8,1,0))) -> 0 | AB28: =IF(D28="","",VLOOKUP(AA28,'PAT Maths'!$F$3:$G$44,2,FALSE))
AA29: =IF(D29="",0,(IF(G29=$G$8,1,0)+IF(H29=$H$8,1,0)+IF(I29=$I$8,1,0)+IF(J29=$J$8,1,0)+IF(K29=$K$8,1,0)+IF(L29=$L$8,1,0)+IF(M29=$M$8,1,0)+IF(N29=$N$8,1,0)+IF(O29=$O$8,1,0)+IF(P29=$P$8,1,0)+IF(Q29=$Q$8,1,0)+IF(R29=$R$8,1,0)+IF(S29=$S$8,1,0)+IF(T29=$T$8,1,0)+IF(U29=$U$8,1,0)+IF(V29=$V$8,1,0)+IF(W29=$W$8,1,0)+IF(X29=$X$8,1,0)+IF(Y29=$Y$8,1,0)+IF(Z29=$Z$8,1,0))) -> 0 | AB29: =IF(D29="","",VLOOKUP(AA29,'PAT Maths'!$F$3:$G$44,2,FALSE))
AA30: =IF(D30="",0,(IF(G30=$G$8,1,0)+IF(H30=$H$8,1,0)+IF(I30=$I$8,1,0)+IF(J30=$J$8,1,0)+IF(K30=$K$8,1,0)+IF(L30=$L$8,1,0)+IF(M30=$M$8,1,0)+IF(N30=$N$8,1,0)+IF(O30=$O$8,1,0)+IF(P30=$P$8,1,0)+IF(Q30=$Q$8,1,0)+IF(R30=$R$8,1,0)+IF(S30=$S$8,1,0)+IF(T30=$T$8,1,0)+IF(U30=$U$8,1,0)+IF(V30=$V$8,1,0)+IF(W30=$W$8,1,0)+IF(X30=$X$8,1,0)+IF(Y30=$Y$8,1,0)+IF(Z30=$Z$8,1,0))) -> 0 | AB30: =IF(D30="","",VLOOKUP(AA30,'PAT Maths'!$F$3:$G$44,2,FALSE))
AA31: =IF(D31="",0,(IF(G31=$G$8,1,0)+IF(H31=$H$8,1,0)+IF(I31=$I$8,1,0)+IF(J31=$J$8,1,0)+IF(K31=$K$8,1,0)+IF(L31=$L$8,1,0)+IF(M31=$M$8,1,0)+IF(N31=$N$8,1,0)+IF(O31=$O$8,1,0)+IF(P31=$P$8,1,0)+IF(Q31=$Q$8,1,0)+IF(R31=$R$8,1,0)+IF(S31=$S$8,1,0)+IF(T31=$T$8,1,0)+IF(U31=$U$8,1,0)+IF(V31=$V$8,1,0)+IF(W31=$W$8,1,0)+IF(X31=$X$8,1,0)+IF(Y31=$Y$8,1,0)+IF(Z31=$Z$8,1,0))) -> 0 | AB31: =IF(D31="","",VLOOKUP(AA31,'PAT Maths'!$F$3:$G$44,2,FALSE))
... AA416: =IF(D416="",0,(IF(G416=$G$8,1,0)+IF(H416=$H$8,1,0)+IF(I416=$I$8,1,0)+IF(J416=$J$8,1,0)+IF(K416=$K$8,1,0)+IF(L416=$L$8,1,0)+IF(M416=$M$8,1,0)+IF(N416=$N$8,1,0)+IF(O416=$O$8,1,0)+IF(P416=$P$8,1,0)+IF(Q416=$Q$8,1,0)+IF(R416=$R$8,1,0)+IF(S416=$S$8,1,0)+IF(T416=$T$8,1,0)+IF(U416=$U$8,1,0)+IF(V416=$V$8,1,0)+IF(W416=$W$8,1,0)+IF(X416=$X$8,1,0)+IF(Y416=$Y$8,1,0)+IF(Z416=$Z$8,1,0))) -> 0 | AB416: =IF(D416="","",VLOOKUP(AA416,'PAT Maths'!$F$3:$G$44,2,FALSE))

Sheet PATM TB1
A1: PAT-Maths - Test Booklet 1
G3: QUESTION No. and ANSWER KEY (Enter the student's response - "A" or "B" or "C" or "D" or "E")
E4: Question Number | G4: 1 | H4: 2 | I4: 3 | J4: 4 | K4: 5 | L4: 6 | M4: 7 | N4: 8 | O4: 9 | P4: 10 | Q4: 11 | R4: 12 | S4: 13 | T4: 14 | U4: 15 | V4: 16 | W4: 17 | X4: 18 | Y4: 19 | Z4: 20 | AA4: 21 | AB4: 22 | AC4: 23 | AD4: 24 | AE4: 25 | AF4: 26 | AG4: 27 | AH4: 28 | AI4: 29 | AJ4: 30 | AK4: 31 | AL4: 32 | AM4: 33 | AN4: 34 | AO4: 35
E5: Item Difficulty | G5: 29 | H5: 29 | I5: 29 | J5: 31 | K5: 30 | L5: 31 | M5: 32 | N5: 31 | O5: 36 | P5: 39 | Q5: 20 | R5: 35 | S5: 35 | T5: 40 | U5: 37 | V5: 29 | W5: 27 | X5: 15 | Y5: 23 | Z5: 22 | AA5: 35 | AB5: 33 | AC5: 38 | AD5: 19 | AE5: 37 | AF5: 30 | AG5: 21 | AH5: 37 | AI5: 31 | AJ5: 46 | AK5: 29 | AL5: 28 | AM5: 30 | AN5: 32 | AO5: 28
E6: Skill Assessed | G6: NC | H6: NC | I6: NC | J6: NC | K6: NC | L6: NC | M6: NC | N6: NC | O6: NC | P6: NC | Q6: NC | R6: NC | S6: NC | T6: NC | U6: NC | V6: S | W6: S | X6: S | Y6: S | Z6: S | AA6: M | AB6: M | AC6: M | AD6: M | AE6: M | AF6: CD | AG6: CD | AH6: CD | AI6: CD | AJ6: CD | AK6: N | AL6: N | AM6: N | AN6: N | AO6: N
A7: required | B7: required | C7: optional | D7: required | E7: required | F7: required
A8: Date (dd/mm/yy) | B8: Yr_Lev | C8: Grp | D8: Surname | E8: First_Name | F8: Student_ID | G8: D | H8: B | I8: C | J8: D | K8: C | L8: B | M8: B | N8: E | O8: E | P8: C | Q8: B | R8: B | S8: B | T8: E | U8: A | V8: D | W8: D | X8: A | Y8: E | Z8: A | AA8: D | AB8: A | AC8: B | AD8: A | AE8: C | AF8: B | AG8: A | AH8: C | AI8: B | AJ8: D | AK8: C | AL8: D | AM8: D | AN8: D | AO8: C | AP8: Raw Score | AQ8: PAT Score
A9: 45356 | B9: 3 | C9: 3A | D9: Lname1 | E9: Fname1 | F9: XXXXX1 | AP9: =IF(D9="",0,(IF(G9=$G$8,1,0)+IF(H9=$H$8,1,0)+IF(I9=$I$8,1,0)+IF(J9=$J$8,1,0)+IF(K9=$K$8,1,0)+IF(L9=$L$8,1,0)+IF(M9=$M$8,1,0)+IF(N9=$N$8,1,0)+IF(O9=$O$8,1,0)+IF(P9=$P$8,1,0)+IF(Q9=$Q$8,1,0)+IF(R9=$R$8,1,0)+IF(S9=$S$8,1,0)+IF(T9=$T$8,1,0)+IF(U9=$U$8,1,0)+IF(V9=$V$8,1,0)+IF(W9=$W$8,1,0)+IF(X9=$X$8,1,0)+IF(Y9=$Y$8,1,0)+IF(Z9=$Z$8,1,0)+IF(AA9=$AA$8,1,0)+IF(AB9=$AB$8,1,0)+IF(AC9=$AC$8,1,0)+IF(AD9=$AD$8,1,0)+IF(AE9=$AE$8,1,0)+IF(AF9=$AF$8,1,0)+IF(AG9=$AG$8,1,0)+IF(AH9=$AH$8,1,0)+IF(AI9=$AI$8,1,0)+IF(AJ9=$AJ$8,1,0)+IF(AK9=$AK$8,1,0)+IF(AL9=$AL$8,1,0)+IF(AM9=$AM$8,1,0)+IF(AN9=$AN$8,1,0)+IF(AO9=$AO$8,1,0))) -> 0 | AQ9: =IF(D9="","",VLOOKUP(AP9,'PAT Maths'!$H$3:$I$44,2,FALSE)) -> –16.8
A10: 45356 | B10: 3 | C10: 3A | D10: Lname2 | E10: Fname2 | F10: XXXXX2 | AP10: =IF(D10="",0,(IF(G10=$G$8,1,0)+IF(H10=$H$8,1,0)+IF(I10=$I$8,1,0)+IF(J10=$J$8,1,0)+IF(K10=$K$8,1,0)+IF(L10=$L$8,1,0)+IF(M10=$M$8,1,0)+IF(N10=$N$8,1,0)+IF(O10=$O$8,1,0)+IF(P10=$P$8,1,0)+IF(Q10=$Q$8,1,0)+IF(R10=$R$8,1,0)+IF(S10=$S$8,1,0)+IF(T10=$T$8,1,0)+IF(U10=$U$8,1,0)+IF(V10=$V$8,1,0)+IF(W10=$W$8,1,0)+IF(X10=$X$8,1,0)+IF(Y10=$Y$8,1,0)+IF(Z10=$Z$8,1,0)+IF(AA10=$AA$8,1,0)+IF(AB10=$AB$8,1,0)+IF(AC10=$AC$8,1,0)+IF(AD10=$AD$8,1,0)+IF(AE10=$AE$8,1,0)+IF(AF10=$AF$8,1,0)+IF(AG10=$AG$8,1,0)+IF(AH10=$AH$8,1,0)+IF(AI10=$AI$8,1,0)+IF(AJ10=$AJ$8,1,0)+IF(AK10=$AK$8,1,0)+IF(AL10=$AL$8,1,0)+IF(AM10=$AM$8,1,0)+IF(AN10=$AN$8,1,0)+IF(AO10=$AO$8,1,0))) -> 0 | AQ10: =IF(D10="","",VLOOKUP(AP10,'PAT Maths'!$H$3:$I$44,2,FALSE)) -> –16.8
A11: 45356 | B11: 3 | C11: 3A | D11: Lname3 | E11: Fname3 | F11: XXXXX3 | AP11: =IF(D11="",0,(IF(G11=$G$8,1,0)+IF(H11=$H$8,1,0)+IF(I11=$I$8,1,0)+IF(J11=$J$8,1,0)+IF(K11=$K$8,1,0)+IF(L11=$L$8,1,0)+IF(M11=$M$8,1,0)+IF(N11=$N$8,1,0)+IF(O11=$O$8,1,0)+IF(P11=$P$8,1,0)+IF(Q11=$Q$8,1,0)+IF(R11=$R$8,1,0)+IF(S11=$S$8,1,0)+IF(T11=$T$8,1,0)+IF(U11=$U$8,1,0)+IF(V11=$V$8,1,0)+IF(W11=$W$8,1,0)+IF(X11=$X$8,1,0)+IF(Y11=$Y$8,1,0)+IF(Z11=$Z$8,1,0)+IF(AA11=$AA$8,1,0)+IF(AB11=$AB$8,1,0)+IF(AC11=$AC$8,1,0)+IF(AD11=$AD$8,1,0)+IF(AE11=$AE$8,1,0)+IF(AF11=$AF$8,1,0)+IF(AG11=$AG$8,1,0)+IF(AH11=$AH$8,1,0)+IF(AI11=$AI$8,1,0)+IF(AJ11=$AJ$8,1,0)+IF(AK11=$AK$8,1,0)+IF(AL11=$AL$8,1,0)+IF(AM11=$AM$8,1,0)+IF(AN11=$AN$8,1,0)+IF(AO11=$AO$8,1,0))) -> 0 | AQ11: =IF(D11="","",VLOOKUP(AP11,'PAT Maths'!$H$3:$I$44,2,FALSE)) -> –16.8
A12: 45356 | B12: 3 | C12: 3A | D12: Lname4 | E12: Fname4 | F12: XXXXX4 | AP12: =IF(D12="",0,(IF(G12=$G$8,1,0)+IF(H12=$H$8,1,0)+IF(I12=$I$8,1,0)+IF(J12=$J$8,1,0)+IF(K12=$K$8,1,0)+IF(L12=$L$8,1,0)+IF(M12=$M$8,1,0)+IF(N12=$N$8,1,0)+IF(O12=$O$8,1,0)+IF(P12=$P$8,1,0)+IF(Q12=$Q$8,1,0)+IF(R12=$R$8,1,0)+IF(S12=$S$8,1,0)+IF(T12=$T$8,1,0)+IF(U12=$U$8,1,0)+IF(V12=$V$8,1,0)+IF(W12=$W$8,1,0)+IF(X12=$X$8,1,0)+IF(Y12=$Y$8,1,0)+IF(Z12=$Z$8,1,0)+IF(AA12=$AA$8,1,0)+IF(AB12=$AB$8,1,0)+IF(AC12=$AC$8,1,0)+IF(AD12=$AD$8,1,0)+IF(AE12=$AE$8,1,0)+IF(AF12=$AF$8,1,0)+IF(AG12=$AG$8,1,0)+IF(AH12=$AH$8,1,0)+IF(AI12=$AI$8,1,0)+IF(AJ12=$AJ$8,1,0)+IF(AK12=$AK$8,1,0)+IF(AL12=$AL$8,1,0)+IF(AM12=$AM$8,1,0)+IF(AN12=$AN$8,1,0)+IF(AO12=$AO$8,1,0))) -> 0 | AQ12: =IF(D12="","",VLOOKUP(AP12,'PAT Maths'!$H$3:$I$44,2,FALSE)) -> –16.8
A13: 45356 | B13: 3 | C13: 3B | D13: ULname13 | E13: UFname13 | F13: UNLISTED | AP13: =IF(D13="",0,(IF(G13=$G$8,1,0)+IF(H13=$H$8,1,0)+IF(I13=$I$8,1,0)+IF(J13=$J$8,1,0)+IF(K13=$K$8,1,0)+IF(L13=$L$8,1,0)+IF(M13=$M$8,1,0)+IF(N13=$N$8,1,0)+IF(O13=$O$8,1,0)+IF(P13=$P$8,1,0)+IF(Q13=$Q$8,1,0)+IF(R13=$R$8,1,0)+IF(S13=$S$8,1,0)+IF(T13=$T$8,1,0)+IF(U13=$U$8,1,0)+IF(V13=$V$8,1,0)+IF(W13=$W$8,1,0)+IF(X13=$X$8,1,0)+IF(Y13=$Y$8,1,0)+IF(Z13=$Z$8,1,0)+IF(AA13=$AA$8,1,0)+IF(AB13=$AB$8,1,0)+IF(AC13=$AC$8,1,0)+IF(AD13=$AD$8,1,0)+IF(AE13=$AE$8,1,0)+IF(AF13=$AF$8,1,0)+IF(AG13=$AG$8,1,0)+IF(AH13=$AH$8,1,0)+IF(AI13=$AI$8,1,0)+IF(AJ13=$AJ$8,1,0)+IF(AK13=$AK$8,1,0)+IF(AL13=$AL$8,1,0)+IF(AM13=$AM$8,1,0)+IF(AN13=$AN$8,1,0)+IF(AO13=$AO$8,1,0))) -> 0 | AQ13: =IF(D13="","",VLOOKUP(AP13,'PAT Maths'!$H$3:$I$44,2,FALSE)) -> –16.8
A14: 45356 | B14: 3 | C14: 3A | D14: Lname5 | E14: Fname5 | F14: XXXXX5 | AP14: =IF(D14="",0,(IF(G14=$G$8,1,0)+IF(H14=$H$8,1,0)+IF(I14=$I$8,1,0)+IF(J14=$J$8,1,0)+IF(K14=$K$8,1,0)+IF(L14=$L$8,1,0)+IF(M14=$M$8,1,0)+IF(N14=$N$8,1,0)+IF(O14=$O$8,1,0)+IF(P14=$P$8,1,0)+IF(Q14=$Q$8,1,0)+IF(R14=$R$8,1,0)+IF(S14=$S$8,1,0)+IF(T14=$T$8,1,0)+IF(U14=$U$8,1,0)+IF(V14=$V$8,1,0)+IF(W14=$W$8,1,0)+IF(X14=$X$8,1,0)+IF(Y14=$Y$8,1,0)+IF(Z14=$Z$8,1,0)+IF(AA14=$AA$8,1,0)+IF(AB14=$AB$8,1,0)+IF(AC14=$AC$8,1,0)+IF(AD14=$AD$8,1,0)+IF(AE14=$AE$8,1,0)+IF(AF14=$AF$8,1,0)+IF(AG14=$AG$8,1,0)+IF(AH14=$AH$8,1,0)+IF(AI14=$AI$8,1,0)+IF(AJ14=$AJ$8,1,0)+IF(AK14=$AK$8,1,0)+IF(AL14=$AL$8,1,0)+IF(AM14=$AM$8,1,0)+IF(AN14=$AN$8,1,0)+IF(AO14=$AO$8,1,0))) -> 0 | AQ14: =IF(D14="","",VLOOKUP(AP14,'PAT Maths'!$H$3:$I$44,2,FALSE)) -> –16.8
A15: 45356 | B15: 3 | C15: 3B | D15: Lname6 | E15: Fname6 | F15: XXXXX6 | AP15: =IF(D15="",0,(IF(G15=$G$8,1,0)+IF(H15=$H$8,1,0)+IF(I15=$I$8,1,0)+IF(J15=$J$8,1,0)+IF(K15=$K$8,1,0)+IF(L15=$L$8,1,0)+IF(M15=$M$8,1,0)+IF(N15=$N$8,1,0)+IF(O15=$O$8,1,0)+IF(P15=$P$8,1,0)+IF(Q15=$Q$8,1,0)+IF(R15=$R$8,1,0)+IF(S15=$S$8,1,0)+IF(T15=$T$8,1,0)+IF(U15=$U$8,1,0)+IF(V15=$V$8,1,0)+IF(W15=$W$8,1,0)+IF(X15=$X$8,1,0)+IF(Y15=$Y$8,1,0)+IF(Z15=$Z$8,1,0)+IF(AA15=$AA$8,1,0)+IF(AB15=$AB$8,1,0)+IF(AC15=$AC$8,1,0)+IF(AD15=$AD$8,1,0)+IF(AE15=$AE$8,1,0)+IF(AF15=$AF$8,1,0)+IF(AG15=$AG$8,1,0)+IF(AH15=$AH$8,1,0)+IF(AI15=$AI$8,1,0)+IF(AJ15=$AJ$8,1,0)+IF(AK15=$AK$8,1,0)+IF(AL15=$AL$8,1,0)+IF(AM15=$AM$8,1,0)+IF(AN15=$AN$8,1,0)+IF(AO15=$AO$8,1,0))) -> 0 | AQ15: =IF(D15="","",VLOOKUP(AP15,'PAT Maths'!$H$3:$I$44,2,FALSE)) -> –16.8
A16: 45356 | B16: 3 | C16: 3B | D16: Lname7 | E16: Fname7 | F16: XXXXX7 | AP16: =IF(D16="",0,(IF(G16=$G$8,1,0)+IF(H16=$H$8,1,0)+IF(I16=$I$8,1,0)+IF(J16=$J$8,1,0)+IF(K16=$K$8,1,0)+IF(L16=$L$8,1,0)+IF(M16=$M$8,1,0)+IF(N16=$N$8,1,0)+IF(O16=$O$8,1,0)+IF(P16=$P$8,1,0)+IF(Q16=$Q$8,1,0)+IF(R16=$R$8,1,0)+IF(S16=$S$8,1,0)+IF(T16=$T$8,1,0)+IF(U16=$U$8,1,0)+IF(V16=$V$8,1,0)+IF(W16=$W$8,1,0)+IF(X16=$X$8,1,0)+IF(Y16=$Y$8,1,0)+IF(Z16=$Z$8,1,0)+IF(AA16=$AA$8,1,0)+IF(AB16=$AB$8,1,0)+IF(AC16=$AC$8,1,0)+IF(AD16=$AD$8,1,0)+IF(AE16=$AE$8,1,0)+IF(AF16=$AF$8,1,0)+IF(AG16=$AG$8,1,0)+IF(AH16=$AH$8,1,0)+IF(AI16=$AI$8,1,0)+IF(AJ16=$AJ$8,1,0)+IF(AK16=$AK$8,1,0)+IF(AL16=$AL$8,1,0)+IF(AM16=$AM$8,1,0)+IF(AN16=$AN$8,1,0)+IF(AO16=$AO$8,1,0))) -> 0 | AQ16: =IF(D16="","",VLOOKUP(AP16,'PAT Maths'!$H$3:$I$44,2,FALSE)) -> –16.8
A17: 45356 | B17: 3 | C17: 3B | D17: Lname8 | E17: Fname8 | F17: XXXXX8 | AP17: =IF(D17="",0,(IF(G17=$G$8,1,0)+IF(H17=$H$8,1,0)+IF(I17=$I$8,1,0)+IF(J17=$J$8,1,0)+IF(K17=$K$8,1,0)+IF(L17=$L$8,1,0)+IF(M17=$M$8,1,0)+IF(N17=$N$8,1,0)+IF(O17=$O$8,1,0)+IF(P17=$P$8,1,0)+IF(Q17=$Q$8,1,0)+IF(R17=$R$8,1,0)+IF(S17=$S$8,1,0)+IF(T17=$T$8,1,0)+IF(U17=$U$8,1,0)+IF(V17=$V$8,1,0)+IF(W17=$W$8,1,0)+IF(X17=$X$8,1,0)+IF(Y17=$Y$8,1,0)+IF(Z17=$Z$8,1,0)+IF(AA17=$AA$8,1,0)+IF(AB17=$AB$8,1,0)+IF(AC17=$AC$8,1,0)+IF(AD17=$AD$8,1,0)+IF(AE17=$AE$8,1,0)+IF(AF17=$AF$8,1,0)+IF(AG17=$AG$8,1,0)+IF(AH17=$AH$8,1,0)+IF(AI17=$AI$8,1,0)+IF(AJ17=$AJ$8,1,0)+IF(AK17=$AK$8,1,0)+IF(AL17=$AL$8,1,0)+IF(AM17=$AM$8,1,0)+IF(AN17=$AN$8,1,0)+IF(AO17=$AO$8,1,0))) -> 0 | AQ17: =IF(D17="","",VLOOKUP(AP17,'PAT Maths'!$H$3:$I$44,2,FALSE)) -> –16.8
A18: 45356 | B18: 3 | C18: 3B | D18: Lname9 | E18: Fname9 | F18: XXXXX9 | AP18: =IF(D18="",0,(IF(G18=$G$8,1,0)+IF(H18=$H$8,1,0)+IF(I18=$I$8,1,0)+IF(J18=$J$8,1,0)+IF(K18=$K$8,1,0)+IF(L18=$L$8,1,0)+IF(M18=$M$8,1,0)+IF(N18=$N$8,1,0)+IF(O18=$O$8,1,0)+IF(P18=$P$8,1,0)+IF(Q18=$Q$8,1,0)+IF(R18=$R$8,1,0)+IF(S18=$S$8,1,0)+IF(T18=$T$8,1,0)+IF(U18=$U$8,1,0)+IF(V18=$V$8,1,0)+IF(W18=$W$8,1,0)+IF(X18=$X$8,1,0)+IF(Y18=$Y$8,1,0)+IF(Z18=$Z$8,1,0)+IF(AA18=$AA$8,1,0)+IF(AB18=$AB$8,1,0)+IF(AC18=$AC$8,1,0)+IF(AD18=$AD$8,1,0)+IF(AE18=$AE$8,1,0)+IF(AF18=$AF$8,1,0)+IF(AG18=$AG$8,1,0)+IF(AH18=$AH$8,1,0)+IF(AI18=$AI$8,1,0)+IF(AJ18=$AJ$8,1,0)+IF(AK18=$AK$8,1,0)+IF(AL18=$AL$8,1,0)+IF(AM18=$AM$8,1,0)+IF(AN18=$AN$8,1,0)+IF(AO18=$AO$8,1,0))) -> 0 | AQ18: =IF(D18="","",VLOOKUP(AP18,'PAT Maths'!$H$3:$I$44,2,FALSE)) -> –16.8
A19: 45356 | B19: 3 | C19: 3B | D19: Lname10 | E19: Fname10 | F19: XXXXX10 | AP19: =IF(D19="",0,(IF(G19=$G$8,1,0)+IF(H19=$H$8,1,0)+IF(I19=$I$8,1,0)+IF(J19=$J$8,1,0)+IF(K19=$K$8,1,0)+IF(L19=$L$8,1,0)+IF(M19=$M$8,1,0)+IF(N19=$N$8,1,0)+IF(O19=$O$8,1,0)+IF(P19=$P$8,1,0)+IF(Q19=$Q$8,1,0)+IF(R19=$R$8,1,0)+IF(S19=$S$8,1,0)+IF(T19=$T$8,1,0)+IF(U19=$U$8,1,0)+IF(V19=$V$8,1,0)+IF(W19=$W$8,1,0)+IF(X19=$X$8,1,0)+IF(Y19=$Y$8,1,0)+IF(Z19=$Z$8,1,0)+IF(AA19=$AA$8,1,0)+IF(AB19=$AB$8,1,0)+IF(AC19=$AC$8,1,0)+IF(AD19=$AD$8,1,0)+IF(AE19=$AE$8,1,0)+IF(AF19=$AF$8,1,0)+IF(AG19=$AG$8,1,0)+IF(AH19=$AH$8,1,0)+IF(AI19=$AI$8,1,0)+IF(AJ19=$AJ$8,1,0)+IF(AK19=$AK$8,1,0)+IF(AL19=$AL$8,1,0)+IF(AM19=$AM$8,1,0)+IF(AN19=$AN$8,1,0)+IF(AO19=$AO$8,1,0))) -> 0 | AQ19: =IF(D19="","",VLOOKUP(AP19,'PAT Maths'!$H$3:$I$44,2,FALSE)) -> –16.8
AP20: =IF(D20="",0,(IF(G20=$G$8,1,0)+IF(H20=$H$8,1,0)+IF(I20=$I$8,1,0)+IF(J20=$J$8,1,0)+IF(K20=$K$8,1,0)+IF(L20=$L$8,1,0)+IF(M20=$M$8,1,0)+IF(N20=$N$8,1,0)+IF(O20=$O$8,1,0)+IF(P20=$P$8,1,0)+IF(Q20=$Q$8,1,0)+IF(R20=$R$8,1,0)+IF(S20=$S$8,1,0)+IF(T20=$T$8,1,0)+IF(U20=$U$8,1,0)+IF(V20=$V$8,1,0)+IF(W20=$W$8,1,0)+IF(X20=$X$8,1,0)+IF(Y20=$Y$8,1,0)+IF(Z20=$Z$8,1,0)+IF(AA20=$AA$8,1,0)+IF(AB20=$AB$8,1,0)+IF(AC20=$AC$8,1,0)+IF(AD20=$AD$8,1,0)+IF(AE20=$AE$8,1,0)+IF(AF20=$AF$8,1,0)+IF(AG20=$AG$8,1,0)+IF(AH20=$AH$8,1,0)+IF(AI20=$AI$8,1,0)+IF(AJ20=$AJ$8,1,0)+IF(AK20=$AK$8,1,0)+IF(AL20=$AL$8,1,0)+IF(AM20=$AM$8,1,0)+IF(AN20=$AN$8,1,0)+IF(AO20=$AO$8,1,0))) -> 0 | AQ20: =IF(D20="","",VLOOKUP(AP20,'PAT Maths'!$H$3:$I$44,2,FALSE))
AP21: =IF(D21="",0,(IF(G21=$G$8,1,0)+IF(H21=$H$8,1,0)+IF(I21=$I$8,1,0)+IF(J21=$J$8,1,0)+IF(K21=$K$8,1,0)+IF(L21=$L$8,1,0)+IF(M21=$M$8,1,0)+IF(N21=$N$8,1,0)+IF(O21=$O$8,1,0)+IF(P21=$P$8,1,0)+IF(Q21=$Q$8,1,0)+IF(R21=$R$8,1,0)+IF(S21=$S$8,1,0)+IF(T21=$T$8,1,0)+IF(U21=$U$8,1,0)+IF(V21=$V$8,1,0)+IF(W21=$W$8,1,0)+IF(X21=$X$8,1,0)+IF(Y21=$Y$8,1,0)+IF(Z21=$Z$8,1,0)+IF(AA21=$AA$8,1,0)+IF(AB21=$AB$8,1,0)+IF(AC21=$AC$8,1,0)+IF(AD21=$AD$8,1,0)+IF(AE21=$AE$8,1,0)+IF(AF21=$AF$8,1,0)+IF(AG21=$AG$8,1,0)+IF(AH21=$AH$8,1,0)+IF(AI21=$AI$8,1,0)+IF(AJ21=$AJ$8,1,0)+IF(AK21=$AK$8,1,0)+IF(AL21=$AL$8,1,0)+IF(AM21=$AM$8,1,0)+IF(AN21=$AN$8,1,0)+IF(AO21=$AO$8,1,0))) -> 0 | AQ21: =IF(D21="","",VLOOKUP(AP21,'PAT Maths'!$H$3:$I$44,2,FALSE))
AP22: =IF(D22="",0,(IF(G22=$G$8,1,0)+IF(H22=$H$8,1,0)+IF(I22=$I$8,1,0)+IF(J22=$J$8,1,0)+IF(K22=$K$8,1,0)+IF(L22=$L$8,1,0)+IF(M22=$M$8,1,0)+IF(N22=$N$8,1,0)+IF(O22=$O$8,1,0)+IF(P22=$P$8,1,0)+IF(Q22=$Q$8,1,0)+IF(R22=$R$8,1,0)+IF(S22=$S$8,1,0)+IF(T22=$T$8,1,0)+IF(U22=$U$8,1,0)+IF(V22=$V$8,1,0)+IF(W22=$W$8,1,0)+IF(X22=$X$8,1,0)+IF(Y22=$Y$8,1,0)+IF(Z22=$Z$8,1,0)+IF(AA22=$AA$8,1,0)+IF(AB22=$AB$8,1,0)+IF(AC22=$AC$8,1,0)+IF(AD22=$AD$8,1,0)+IF(AE22=$AE$8,1,0)+IF(AF22=$AF$8,1,0)+IF(AG22=$AG$8,1,0)+IF(AH22=$AH$8,1,0)+IF(AI22=$AI$8,1,0)+IF(AJ22=$AJ$8,1,0)+IF(AK22=$AK$8,1,0)+IF(AL22=$AL$8,1,0)+IF(AM22=$AM$8,1,0)+IF(AN22=$AN$8,1,0)+IF(AO22=$AO$8,1,0))) -> 0 | AQ22: =IF(D22="","",VLOOKUP(AP22,'PAT Maths'!$H$3:$I$44,2,FALSE))
AP23: =IF(D23="",0,(IF(G23=$G$8,1,0)+IF(H23=$H$8,1,0)+IF(I23=$I$8,1,0)+IF(J23=$J$8,1,0)+IF(K23=$K$8,1,0)+IF(L23=$L$8,1,0)+IF(M23=$M$8,1,0)+IF(N23=$N$8,1,0)+IF(O23=$O$8,1,0)+IF(P23=$P$8,1,0)+IF(Q23=$Q$8,1,0)+IF(R23=$R$8,1,0)+IF(S23=$S$8,1,0)+IF(T23=$T$8,1,0)+IF(U23=$U$8,1,0)+IF(V23=$V$8,1,0)+IF(W23=$W$8,1,0)+IF(X23=$X$8,1,0)+IF(Y23=$Y$8,1,0)+IF(Z23=$Z$8,1,0)+IF(AA23=$AA$8,1,0)+IF(AB23=$AB$8,1,0)+IF(AC23=$AC$8,1,0)+IF(AD23=$AD$8,1,0)+IF(AE23=$AE$8,1,0)+IF(AF23=$AF$8,1,0)+IF(AG23=$AG$8,1,0)+IF(AH23=$AH$8,1,0)+IF(AI23=$AI$8,1,0)+IF(AJ23=$AJ$8,1,0)+IF(AK23=$AK$8,1,0)+IF(AL23=$AL$8,1,0)+IF(AM23=$AM$8,1,0)+IF(AN23=$AN$8,1,0)+IF(AO23=$AO$8,1,0))) -> 0 | AQ23: =IF(D23="","",VLOOKUP(AP23,'PAT Maths'!$H$3:$I$44,2,FALSE))
AP24: =IF(D24="",0,(IF(G24=$G$8,1,0)+IF(H24=$H$8,1,0)+IF(I24=$I$8,1,0)+IF(J24=$J$8,1,0)+IF(K24=$K$8,1,0)+IF(L24=$L$8,1,0)+IF(M24=$M$8,1,0)+IF(N24=$N$8,1,0)+IF(O24=$O$8,1,0)+IF(P24=$P$8,1,0)+IF(Q24=$Q$8,1,0)+IF(R24=$R$8,1,0)+IF(S24=$S$8,1,0)+IF(T24=$T$8,1,0)+IF(U24=$U$8,1,0)+IF(V24=$V$8,1,0)+IF(W24=$W$8,1,0)+IF(X24=$X$8,1,0)+IF(Y24=$Y$8,1,0)+IF(Z24=$Z$8,1,0)+IF(AA24=$AA$8,1,0)+IF(AB24=$AB$8,1,0)+IF(AC24=$AC$8,1,0)+IF(AD24=$AD$8,1,0)+IF(AE24=$AE$8,1,0)+IF(AF24=$AF$8,1,0)+IF(AG24=$AG$8,1,0)+IF(AH24=$AH$8,1,0)+IF(AI24=$AI$8,1,0)+IF(AJ24=$AJ$8,1,0)+IF(AK24=$AK$8,1,0)+IF(AL24=$AL$8,1,0)+IF(AM24=$AM$8,1,0)+IF(AN24=$AN$8,1,0)+IF(AO24=$AO$8,1,0))) -> 0 | AQ24: =IF(D24="","",VLOOKUP(AP24,'PAT Maths'!$H$3:$I$44,2,FALSE))
AP25: =IF(D25="",0,(IF(G25=$G$8,1,0)+IF(H25=$H$8,1,0)+IF(I25=$I$8,1,0)+IF(J25=$J$8,1,0)+IF(K25=$K$8,1,0)+IF(L25=$L$8,1,0)+IF(M25=$M$8,1,0)+IF(N25=$N$8,1,0)+IF(O25=$O$8,1,0)+IF(P25=$P$8,1,0)+IF(Q25=$Q$8,1,0)+IF(R25=$R$8,1,0)+IF(S25=$S$8,1,0)+IF(T25=$T$8,1,0)+IF(U25=$U$8,1,0)+IF(V25=$V$8,1,0)+IF(W25=$W$8,1,0)+IF(X25=$X$8,1,0)+IF(Y25=$Y$8,1,0)+IF(Z25=$Z$8,1,0)+IF(AA25=$AA$8,1,0)+IF(AB25=$AB$8,1,0)+IF(AC25=$AC$8,1,0)+IF(AD25=$AD$8,1,0)+IF(AE25=$AE$8,1,0)+IF(AF25=$AF$8,1,0)+IF(AG25=$AG$8,1,0)+IF(AH25=$AH$8,1,0)+IF(AI25=$AI$8,1,0)+IF(AJ25=$AJ$8,1,0)+IF(AK25=$AK$8,1,0)+IF(AL25=$AL$8,1,0)+IF(AM25=$AM$8,1,0)+IF(AN25=$AN$8,1,0)+IF(AO25=$AO$8,1,0))) -> 0 | AQ25: =IF(D25="","",VLOOKUP(AP25,'PAT Maths'!$H$3:$I$44,2,FALSE))
AP26: =IF(D26="",0,(IF(G26=$G$8,1,0)+IF(H26=$H$8,1,0)+IF(I26=$I$8,1,0)+IF(J26=$J$8,1,0)+IF(K26=$K$8,1,0)+IF(L26=$L$8,1,0)+IF(M26=$M$8,1,0)+IF(N26=$N$8,1,0)+IF(O26=$O$8,1,0)+IF(P26=$P$8,1,0)+IF(Q26=$Q$8,1,0)+IF(R26=$R$8,1,0)+IF(S26=$S$8,1,0)+IF(T26=$T$8,1,0)+IF(U26=$U$8,1,0)+IF(V26=$V$8,1,0)+IF(W26=$W$8,1,0)+IF(X26=$X$8,1,0)+IF(Y26=$Y$8,1,0)+IF(Z26=$Z$8,1,0)+IF(AA26=$AA$8,1,0)+IF(AB26=$AB$8,1,0)+IF(AC26=$AC$8,1,0)+IF(AD26=$AD$8,1,0)+IF(AE26=$AE$8,1,0)+IF(AF26=$AF$8,1,0)+IF(AG26=$AG$8,1,0)+IF(AH26=$AH$8,1,0)+IF(AI26=$AI$8,1,0)+IF(AJ26=$AJ$8,1,0)+IF(AK26=$AK$8,1,0)+IF(AL26=$AL$8,1,0)+IF(AM26=$AM$8,1,0)+IF(AN26=$AN$8,1,0)+IF(AO26=$AO$8,1,0))) -> 0 | AQ26: =IF(D26="","",VLOOKUP(AP26,'PAT Maths'!$H$3:$I$44,2,FALSE))
AP27: =IF(D27="",0,(IF(G27=$G$8,1,0)+IF(H27=$H$8,1,0)+IF(I27=$I$8,1,0)+IF(J27=$J$8,1,0)+IF(K27=$K$8,1,0)+IF(L27=$L$8,1,0)+IF(M27=$M$8,1,0)+IF(N27=$N$8,1,0)+IF(O27=$O$8,1,0)+IF(P27=$P$8,1,0)+IF(Q27=$Q$8,1,0)+IF(R27=$R$8,1,0)+IF(S27=$S$8,1,0)+IF(T27=$T$8,1,0)+IF(U27=$U$8,1,0)+IF(V27=$V$8,1,0)+IF(W27=$W$8,1,0)+IF(X27=$X$8,1,0)+IF(Y27=$Y$8,1,0)+IF(Z27=$Z$8,1,0)+IF(AA27=$AA$8,1,0)+IF(AB27=$AB$8,1,0)+IF(AC27=$AC$8,1,0)+IF(AD27=$AD$8,1,0)+IF(AE27=$AE$8,1,0)+IF(AF27=$AF$8,1,0)+IF(AG27=$AG$8,1,0)+IF(AH27=$AH$8,1,0)+IF(AI27=$AI$8,1,0)+IF(AJ27=$AJ$8,1,0)+IF(AK27=$AK$8,1,0)+IF(AL27=$AL$8,1,0)+IF(AM27=$AM$8,1,0)+IF(AN27=$AN$8,1,0)+IF(AO27=$AO$8,1,0))) -> 0 | AQ27: =IF(D27="","",VLOOKUP(AP27,'PAT Maths'!$H$3:$I$44,2,FALSE))
AP28: =IF(D28="",0,(IF(G28=$G$8,1,0)+IF(H28=$H$8,1,0)+IF(I28=$I$8,1,0)+IF(J28=$J$8,1,0)+IF(K28=$K$8,1,0)+IF(L28=$L$8,1,0)+IF(M28=$M$8,1,0)+IF(N28=$N$8,1,0)+IF(O28=$O$8,1,0)+IF(P28=$P$8,1,0)+IF(Q28=$Q$8,1,0)+IF(R28=$R$8,1,0)+IF(S28=$S$8,1,0)+IF(T28=$T$8,1,0)+IF(U28=$U$8,1,0)+IF(V28=$V$8,1,0)+IF(W28=$W$8,1,0)+IF(X28=$X$8,1,0)+IF(Y28=$Y$8,1,0)+IF(Z28=$Z$8,1,0)+IF(AA28=$AA$8,1,0)+IF(AB28=$AB$8,1,0)+IF(AC28=$AC$8,1,0)+IF(AD28=$AD$8,1,0)+IF(AE28=$AE$8,1,0)+IF(AF28=$AF$8,1,0)+IF(AG28=$AG$8,1,0)+IF(AH28=$AH$8,1,0)+IF(AI28=$AI$8,1,0)+IF(AJ28=$AJ$8,1,0)+IF(AK28=$AK$8,1,0)+IF(AL28=$AL$8,1,0)+IF(AM28=$AM$8,1,0)+IF(AN28=$AN$8,1,0)+IF(AO28=$AO$8,1,0))) -> 0 | AQ28: =IF(D28="","",VLOOKUP(AP28,'PAT Maths'!$H$3:$I$44,2,FALSE))
AP29: =IF(D29="",0,(IF(G29=$G$8,1,0)+IF(H29=$H$8,1,0)+IF(I29=$I$8,1,0)+IF(J29=$J$8,1,0)+IF(K29=$K$8,1,0)+IF(L29=$L$8,1,0)+IF(M29=$M$8,1,0)+IF(N29=$N$8,1,0)+IF(O29=$O$8,1,0)+IF(P29=$P$8,1,0)+IF(Q29=$Q$8,1,0)+IF(R29=$R$8,1,0)+IF(S29=$S$8,1,0)+IF(T29=$T$8,1,0)+IF(U29=$U$8,1,0)+IF(V29=$V$8,1,0)+IF(W29=$W$8,1,0)+IF(X29=$X$8,1,0)+IF(Y29=$Y$8,1,0)+IF(Z29=$Z$8,1,0)+IF(AA29=$AA$8,1,0)+IF(AB29=$AB$8,1,0)+IF(AC29=$AC$8,1,0)+IF(AD29=$AD$8,1,0)+IF(AE29=$AE$8,1,0)+IF(AF29=$AF$8,1,0)+IF(AG29=$AG$8,1,0)+IF(AH29=$AH$8,1,0)+IF(AI29=$AI$8,1,0)+IF(AJ29=$AJ$8,1,0)+IF(AK29=$AK$8,1,0)+IF(AL29=$AL$8,1,0)+IF(AM29=$AM$8,1,0)+IF(AN29=$AN$8,1,0)+IF(AO29=$AO$8,1,0))) -> 0 | AQ29: =IF(D29="","",VLOOKUP(AP29,'PAT Maths'!$H$3:$I$44,2,FALSE))
AP30: =IF(D30="",0,(IF(G30=$G$8,1,0)+IF(H30=$H$8,1,0)+IF(I30=$I$8,1,0)+IF(J30=$J$8,1,0)+IF(K30=$K$8,1,0)+IF(L30=$L$8,1,0)+IF(M30=$M$8,1,0)+IF(N30=$N$8,1,0)+IF(O30=$O$8,1,0)+IF(P30=$P$8,1,0)+IF(Q30=$Q$8,1,0)+IF(R30=$R$8,1,0)+IF(S30=$S$8,1,0)+IF(T30=$T$8,1,0)+IF(U30=$U$8,1,0)+IF(V30=$V$8,1,0)+IF(W30=$W$8,1,0)+IF(X30=$X$8,1,0)+IF(Y30=$Y$8,1,0)+IF(Z30=$Z$8,1,0)+IF(AA30=$AA$8,1,0)+IF(AB30=$AB$8,1,0)+IF(AC30=$AC$8,1,0)+IF(AD30=$AD$8,1,0)+IF(AE30=$AE$8,1,0)+IF(AF30=$AF$8,1,0)+IF(AG30=$AG$8,1,0)+IF(AH30=$AH$8,1,0)+IF(AI30=$AI$8,1,0)+IF(AJ30=$AJ$8,1,0)+IF(AK30=$AK$8,1,0)+IF(AL30=$AL$8,1,0)+IF(AM30=$AM$8,1,0)+IF(AN30=$AN$8,1,0)+IF(AO30=$AO$8,1,0))) -> 0 | AQ30: =IF(D30="","",VLOOKUP(AP30,'PAT Maths'!$H$3:$I$44,2,FALSE))
AP31: =IF(D31="",0,(IF(G31=$G$8,1,0)+IF(H31=$H$8,1,0)+IF(I31=$I$8,1,0)+IF(J31=$J$8,1,0)+IF(K31=$K$8,1,0)+IF(L31=$L$8,1,0)+IF(M31=$M$8,1,0)+IF(N31=$N$8,1,0)+IF(O31=$O$8,1,0)+IF(P31=$P$8,1,0)+IF(Q31=$Q$8,1,0)+IF(R31=$R$8,1,0)+IF(S31=$S$8,1,0)+IF(T31=$T$8,1,0)+IF(U31=$U$8,1,0)+IF(V31=$V$8,1,0)+IF(W31=$W$8,1,0)+IF(X31=$X$8,1,0)+IF(Y31=$Y$8,1,0)+IF(Z31=$Z$8,1,0)+IF(AA31=$AA$8,1,0)+IF(AB31=$AB$8,1,0)+IF(AC31=$AC$8,1,0)+IF(AD31=$AD$8,1,0)+IF(AE31=$AE$8,1,0)+IF(AF31=$AF$8,1,0)+IF(AG31=$AG$8,1,0)+IF(AH31=$AH$8,1,0)+IF(AI31=$AI$8,1,0)+IF(AJ31=$AJ$8,1,0)+IF(AK31=$AK$8,1,0)+IF(AL31=$AL$8,1,0)+IF(AM31=$AM$8,1,0)+IF(AN31=$AN$8,1,0)+IF(AO31=$AO$8,1,0))) -> 0 | AQ31: =IF(D31="","",VLOOKUP(AP31,'PAT Maths'!$H$3:$I$44,2,FALSE))
... AP418: =IF(D418="",0,(IF(G418=$G$8,1,0)+IF(H418=$H$8,1,0)+IF(I418=$I$8,1,0)+IF(J418=$J$8,1,0)+IF(K418=$K$8,1,0)+IF(L418=$L$8,1,0)+IF(M418=$M$8,1,0)+IF(N418=$N$8,1,0)+IF(O418=$O$8,1,0)+IF(P418=$P$8,1,0)+IF(Q418=$Q$8,1,0)+IF(R418=$R$8,1,0)+IF(S418=$S$8,1,0)+IF(T418=$T$8,1,0)+IF(U418=$U$8,1,0)+IF(V418=$V$8,1,0)+IF(W418=$W$8,1,0)+IF(X418=$X$8,1,0)+IF(Y418=$Y$8,1,0)+IF(Z418=$Z$8,1,0)+IF(AA418=$AA$8,1,0)+IF(AB418=$AB$8,1,0)+IF(AC418=$AC$8,1,0)+IF(AD418=$AD$8,1,0)+IF(AE418=$AE$8,1,0)+IF(AF418=$AF$8,1,0)+IF(AG418=$AG$8,1,0)+IF(AH418=$AH$8,1,0)+IF(AI418=$AI$8,1,0)+IF(AJ418=$AJ$8,1,0)+IF(AK418=$AK$8,1,0)+IF(AL418=$AL$8,1,0)+IF(AM418=$AM$8,1,0)+IF(AN418=$AN$8,1,0)+IF(AO418=$AO$8,1,0))) -> 0 | AQ418: =IF(D418="","",VLOOKUP(AP418,'PAT Maths'!$H$3:$I$44,2,FALSE))

Sheet PATM TB2
A1: PAT-Maths - Test Booklet 2
G3: QUESTION No. and ANSWER KEY (Enter the student's response - "A" or "B" or "C" or "D" or "E")
E4: Question Number | G4: 1 | H4: 2 | I4: 3 | J4: 4 | K4: 5 | L4: 6 | M4: 7 | N4: 8 | O4: 9 | P4: 10 | Q4: 11 | R4: 12 | S4: 13 | T4: 14 | U4: 15 | V4: 16 | W4: 17 | X4: 18 | Y4: 19 | Z4: 20 | AA4: 21 | AB4: 22 | AC4: 23 | AD4: 24 | AE4: 25 | AF4: 26 | AG4: 27 | AH4: 28 | AI4: 29 | AJ4: 30 | AK4: 31 | AL4: 32 | AM4: 33 | AN4: 34 | AO4: 35 | AP4: 36
E5: Item Difficulty | G5: 38 | H5: 38 | I5: 36 | J5: 37 | K5: 42 | L5: 45 | M5: 47 | N5: 51 | O5: 52 | P5: 53 | Q5: 53 | R5: 53 | S5: 56 | T5: 30 | U5: 35 | V5: 32 | W5: 43 | X5: 42 | Y5: 41 | Z5: 36 | AA5: 37 | AB5: 40 | AC5: 42 | AD5: 41 | AE5: 44 | AF5: 33 | AG5: 35 | AH5: 31 | AI5: 49 | AJ5: 36 | AK5: 31 | AL5: 32 | AM5: 33 | AN5: 34 | AO5: 39 | AP5: 41
E6: Skill Assessed | G6: NC | H6: NC | I6: NC | J6: NC | K6: NC | L6: NC | M6: NC | N6: NC | O6: NC | P6: NC | Q6: NC | R6: NC | S6: NC | T6: S | U6: S | V6: S | W6: S | X6: S | Y6: S | Z6: M | AA6: M | AB6: M | AC6: M | AD6: M | AE6: M | AF6: CD | AG6: CD | AH6: CD | AI6: CD | AJ6: CD | AK6: N | AL6: N | AM6: N | AN6: N | AO6: N | AP6: N
A7: required | B7: required | C7: optional | D7: required | E7: required | F7: required
A8: Date (dd/mm/yy) | B8: Yr_Lev | C8: Grp | D8: Surname | E8: First_Name | F8: Student_ID | G8: C | H8: D | I8: B | J8: B | K8: C | L8: A | M8: E | N8: C | O8: C | P8: D | Q8: B | R8: D | S8: B | T8: A | U8: E | V8: D | W8: A | X8: B | Y8: C | Z8: A | AA8: D | AB8: A | AC8: A | AD8: D | AE8: C | AF8: B | AG8: B | AH8: D | AI8: D | AJ8: D | AK8: B | AL8: C | AM8: E | AN8: C | AO8: C | AP8: A | AQ8: Raw Score | AR8: PAT Score
A9: 45356 | B9: 3 | C9: 3A | D9: Lname1 | E9: Fname1 | F9: XXXXX1 | AQ9: =IF(D9="",0,(IF(G9=$G$8,1,0)+IF(H9=$H$8,1,0)+IF(I9=$I$8,1,0)+IF(J9=$J$8,1,0)+IF(K9=$K$8,1,0)+IF(L9=$L$8,1,0)+IF(M9=$M$8,1,0)+IF(N9=$N$8,1,0)+IF(O9=$O$8,1,0)+IF(P9=$P$8,1,0)+IF(Q9=$Q$8,1,0)+IF(R9=$R$8,1,0)+IF(S9=$S$8,1,0)+IF(T9=$T$8,1,0)+IF(U9=$U$8,1,0)+IF(V9=$V$8,1,0)+IF(W9=$W$8,1,0)+IF(X9=$X$8,1,0)+IF(Y9=$Y$8,1,0)+IF(Z9=$Z$8,1,0)+IF(AA9=$AA$8,1,0)+IF(AB9=$AB$8,1,0)+IF(AC9=$AC$8,1,0)+IF(AD9=$AD$8,1,0)+IF(AE9=$AE$8,1,0)+IF(AF9=$AF$8,1,0)+IF(AG9=$AG$8,1,0)+IF(AH9=$AH$8,1,0)+IF(AI9=$AI$8,1,0)+IF(AJ9=$AJ$8,1,0)+IF(AK9=$AK$8,1,0)+IF(AL9=$AL$8,1,0)+IF(AM9=$AM$8,1,0)+IF(AN9=$AN$8,1,0)+IF(AO9=$AO$8,1,0)+IF(AP9=$AP$8,1,0))) -> 0 | AR9: =IF(D9="","",VLOOKUP(AQ9,'PAT Maths'!$J$3:$K$44,2,FALSE)) -> –7.9
A10: 45356 | B10: 3 | C10: 3A | D10: Lname2 | E10: Fname2 | F10: XXXXX2 | AQ10: =IF(D10="",0,(IF(G10=$G$8,1,0)+IF(H10=$H$8,1,0)+IF(I10=$I$8,1,0)+IF(J10=$J$8,1,0)+IF(K10=$K$8,1,0)+IF(L10=$L$8,1,0)+IF(M10=$M$8,1,0)+IF(N10=$N$8,1,0)+IF(O10=$O$8,1,0)+IF(P10=$P$8,1,0)+IF(Q10=$Q$8,1,0)+IF(R10=$R$8,1,0)+IF(S10=$S$8,1,0)+IF(T10=$T$8,1,0)+IF(U10=$U$8,1,0)+IF(V10=$V$8,1,0)+IF(W10=$W$8,1,0)+IF(X10=$X$8,1,0)+IF(Y10=$Y$8,1,0)+IF(Z10=$Z$8,1,0)+IF(AA10=$AA$8,1,0)+IF(AB10=$AB$8,1,0)+IF(AC10=$AC$8,1,0)+IF(AD10=$AD$8,1,0)+IF(AE10=$AE$8,1,0)+IF(AF10=$AF$8,1,0)+IF(AG10=$AG$8,1,0)+IF(AH10=$AH$8,1,0)+IF(AI10=$AI$8,1,0)+IF(AJ10=$AJ$8,1,0)+IF(AK10=$AK$8,1,0)+IF(AL10=$AL$8,1,0)+IF(AM10=$AM$8,1,0)+IF(AN10=$AN$8,1,0)+IF(AO10=$AO$8,1,0)+IF(AP10=$AP$8,1,0))) -> 0 | AR10: =IF(D10="","",VLOOKUP(AQ10,'PAT Maths'!$J$3:$K$44,2,FALSE)) -> –7.9
A11: 45356 | B11: 3 | C11: 3A | D11: Lname3 | E11: Fname3 | F11: XXXXX3 | AQ11: =IF(D11="",0,(IF(G11=$G$8,1,0)+IF(H11=$H$8,1,0)+IF(I11=$I$8,1,0)+IF(J11=$J$8,1,0)+IF(K11=$K$8,1,0)+IF(L11=$L$8,1,0)+IF(M11=$M$8,1,0)+IF(N11=$N$8,1,0)+IF(O11=$O$8,1,0)+IF(P11=$P$8,1,0)+IF(Q11=$Q$8,1,0)+IF(R11=$R$8,1,0)+IF(S11=$S$8,1,0)+IF(T11=$T$8,1,0)+IF(U11=$U$8,1,0)+IF(V11=$V$8,1,0)+IF(W11=$W$8,1,0)+IF(X11=$X$8,1,0)+IF(Y11=$Y$8,1,0)+IF(Z11=$Z$8,1,0)+IF(AA11=$AA$8,1,0)+IF(AB11=$AB$8,1,0)+IF(AC11=$AC$8,1,0)+IF(AD11=$AD$8,1,0)+IF(AE11=$AE$8,1,0)+IF(AF11=$AF$8,1,0)+IF(AG11=$AG$8,1,0)+IF(AH11=$AH$8,1,0)+IF(AI11=$AI$8,1,0)+IF(AJ11=$AJ$8,1,0)+IF(AK11=$AK$8,1,0)+IF(AL11=$AL$8,1,0)+IF(AM11=$AM$8,1,0)+IF(AN11=$AN$8,1,0)+IF(AO11=$AO$8,1,0)+IF(AP11=$AP$8,1,0))) -> 0 | AR11: =IF(D11="","",VLOOKUP(AQ11,'PAT Maths'!$J$3:$K$44,2,FALSE)) -> –7.9
A12: 45356 | B12: 3 | C12: 3A | D12: Lname4 | E12: Fname4 | F12: XXXXX4 | AQ12: =IF(D12="",0,(IF(G12=$G$8,1,0)+IF(H12=$H$8,1,0)+IF(I12=$I$8,1,0)+IF(J12=$J$8,1,0)+IF(K12=$K$8,1,0)+IF(L12=$L$8,1,0)+IF(M12=$M$8,1,0)+IF(N12=$N$8,1,0)+IF(O12=$O$8,1,0)+IF(P12=$P$8,1,0)+IF(Q12=$Q$8,1,0)+IF(R12=$R$8,1,0)+IF(S12=$S$8,1,0)+IF(T12=$T$8,1,0)+IF(U12=$U$8,1,0)+IF(V12=$V$8,1,0)+IF(W12=$W$8,1,0)+IF(X12=$X$8,1,0)+IF(Y12=$Y$8,1,0)+IF(Z12=$Z$8,1,0)+IF(AA12=$AA$8,1,0)+IF(AB12=$AB$8,1,0)+IF(AC12=$AC$8,1,0)+IF(AD12=$AD$8,1,0)+IF(AE12=$AE$8,1,0)+IF(AF12=$AF$8,1,0)+IF(AG12=$AG$8,1,0)+IF(AH12=$AH$8,1,0)+IF(AI12=$AI$8,1,0)+IF(AJ12=$AJ$8,1,0)+IF(AK12=$AK$8,1,0)+IF(AL12=$AL$8,1,0)+IF(AM12=$AM$8,1,0)+IF(AN12=$AN$8,1,0)+IF(AO12=$AO$8,1,0)+IF(AP12=$AP$8,1,0))) -> 0 | AR12: =IF(D12="","",VLOOKUP(AQ12,'PAT Maths'!$J$3:$K$44,2,FALSE)) -> –7.9
A13: 45356 | B13: 3 | C13: 3B | D13: ULname13 | E13: UFname13 | F13: UNLISTED | AQ13: =IF(D13="",0,(IF(G13=$G$8,1,0)+IF(H13=$H$8,1,0)+IF(I13=$I$8,1,0)+IF(J13=$J$8,1,0)+IF(K13=$K$8,1,0)+IF(L13=$L$8,1,0)+IF(M13=$M$8,1,0)+IF(N13=$N$8,1,0)+IF(O13=$O$8,1,0)+IF(P13=$P$8,1,0)+IF(Q13=$Q$8,1,0)+IF(R13=$R$8,1,0)+IF(S13=$S$8,1,0)+IF(T13=$T$8,1,0)+IF(U13=$U$8,1,0)+IF(V13=$V$8,1,0)+IF(W13=$W$8,1,0)+IF(X13=$X$8,1,0)+IF(Y13=$Y$8,1,0)+IF(Z13=$Z$8,1,0)+IF(AA13=$AA$8,1,0)+IF(AB13=$AB$8,1,0)+IF(AC13=$AC$8,1,0)+IF(AD13=$AD$8,1,0)+IF(AE13=$AE$8,1,0)+IF(AF13=$AF$8,1,0)+IF(AG13=$AG$8,1,0)+IF(AH13=$AH$8,1,0)+IF(AI13=$AI$8,1,0)+IF(AJ13=$AJ$8,1,0)+IF(AK13=$AK$8,1,0)+IF(AL13=$AL$8,1,0)+IF(AM13=$AM$8,1,0)+IF(AN13=$AN$8,1,0)+IF(AO13=$AO$8,1,0)+IF(AP13=$AP$8,1,0))) -> 0 | AR13: =IF(D13="","",VLOOKUP(AQ13,'PAT Maths'!$J$3:$K$44,2,FALSE)) -> –7.9
A14: 45356 | B14: 3 | C14: 3A | D14: Lname5 | E14: Fname5 | F14: XXXXX5 | AQ14: =IF(D14="",0,(IF(G14=$G$8,1,0)+IF(H14=$H$8,1,0)+IF(I14=$I$8,1,0)+IF(J14=$J$8,1,0)+IF(K14=$K$8,1,0)+IF(L14=$L$8,1,0)+IF(M14=$M$8,1,0)+IF(N14=$N$8,1,0)+IF(O14=$O$8,1,0)+IF(P14=$P$8,1,0)+IF(Q14=$Q$8,1,0)+IF(R14=$R$8,1,0)+IF(S14=$S$8,1,0)+IF(T14=$T$8,1,0)+IF(U14=$U$8,1,0)+IF(V14=$V$8,1,0)+IF(W14=$W$8,1,0)+IF(X14=$X$8,1,0)+IF(Y14=$Y$8,1,0)+IF(Z14=$Z$8,1,0)+IF(AA14=$AA$8,1,0)+IF(AB14=$AB$8,1,0)+IF(AC14=$AC$8,1,0)+IF(AD14=$AD$8,1,0)+IF(AE14=$AE$8,1,0)+IF(AF14=$AF$8,1,0)+IF(AG14=$AG$8,1,0)+IF(AH14=$AH$8,1,0)+IF(AI14=$AI$8,1,0)+IF(AJ14=$AJ$8,1,0)+IF(AK14=$AK$8,1,0)+IF(AL14=$AL$8,1,0)+IF(AM14=$AM$8,1,0)+IF(AN14=$AN$8,1,0)+IF(AO14=$AO$8,1,0)+IF(AP14=$AP$8,1,0))) -> 0 | AR14: =IF(D14="","",VLOOKUP(AQ14,'PAT Maths'!$J$3:$K$44,2,FALSE)) -> –7.9
A15: 45356 | B15: 3 | C15: 3B | D15: Lname6 | E15: Fname6 | F15: XXXXX6 | AQ15: =IF(D15="",0,(IF(G15=$G$8,1,0)+IF(H15=$H$8,1,0)+IF(I15=$I$8,1,0)+IF(J15=$J$8,1,0)+IF(K15=$K$8,1,0)+IF(L15=$L$8,1,0)+IF(M15=$M$8,1,0)+IF(N15=$N$8,1,0)+IF(O15=$O$8,1,0)+IF(P15=$P$8,1,0)+IF(Q15=$Q$8,1,0)+IF(R15=$R$8,1,0)+IF(S15=$S$8,1,0)+IF(T15=$T$8,1,0)+IF(U15=$U$8,1,0)+IF(V15=$V$8,1,0)+IF(W15=$W$8,1,0)+IF(X15=$X$8,1,0)+IF(Y15=$Y$8,1,0)+IF(Z15=$Z$8,1,0)+IF(AA15=$AA$8,1,0)+IF(AB15=$AB$8,1,0)+IF(AC15=$AC$8,1,0)+IF(AD15=$AD$8,1,0)+IF(AE15=$AE$8,1,0)+IF(AF15=$AF$8,1,0)+IF(AG15=$AG$8,1,0)+IF(AH15=$AH$8,1,0)+IF(AI15=$AI$8,1,0)+IF(AJ15=$AJ$8,1,0)+IF(AK15=$AK$8,1,0)+IF(AL15=$AL$8,1,0)+IF(AM15=$AM$8,1,0)+IF(AN15=$AN$8,1,0)+IF(AO15=$AO$8,1,0)+IF(AP15=$AP$8,1,0))) -> 0 | AR15: =IF(D15="","",VLOOKUP(AQ15,'PAT Maths'!$J$3:$K$44,2,FALSE)) -> –7.9
A16: 45356 | B16: 3 | C16: 3B | D16: Lname7 | E16: Fname7 | F16: XXXXX7 | AQ16: =IF(D16="",0,(IF(G16=$G$8,1,0)+IF(H16=$H$8,1,0)+IF(I16=$I$8,1,0)+IF(J16=$J$8,1,0)+IF(K16=$K$8,1,0)+IF(L16=$L$8,1,0)+IF(M16=$M$8,1,0)+IF(N16=$N$8,1,0)+IF(O16=$O$8,1,0)+IF(P16=$P$8,1,0)+IF(Q16=$Q$8,1,0)+IF(R16=$R$8,1,0)+IF(S16=$S$8,1,0)+IF(T16=$T$8,1,0)+IF(U16=$U$8,1,0)+IF(V16=$V$8,1,0)+IF(W16=$W$8,1,0)+IF(X16=$X$8,1,0)+IF(Y16=$Y$8,1,0)+IF(Z16=$Z$8,1,0)+IF(AA16=$AA$8,1,0)+IF(AB16=$AB$8,1,0)+IF(AC16=$AC$8,1,0)+IF(AD16=$AD$8,1,0)+IF(AE16=$AE$8,1,0)+IF(AF16=$AF$8,1,0)+IF(AG16=$AG$8,1,0)+IF(AH16=$AH$8,1,0)+IF(AI16=$AI$8,1,0)+IF(AJ16=$AJ$8,1,0)+IF(AK16=$AK$8,1,0)+IF(AL16=$AL$8,1,0)+IF(AM16=$AM$8,1,0)+IF(AN16=$AN$8,1,0)+IF(AO16=$AO$8,1,0)+IF(AP16=$AP$8,1,0))) -> 0 | AR16: =IF(D16="","",VLOOKUP(AQ16,'PAT Maths'!$J$3:$K$44,2,FALSE)) -> –7.9
A17: 45356 | B17: 3 | C17: 3B | D17: Lname8 | E17: Fname8 | F17: XXXXX8 | AQ17: =IF(D17="",0,(IF(G17=$G$8,1,0)+IF(H17=$H$8,1,0)+IF(I17=$I$8,1,0)+IF(J17=$J$8,1,0)+IF(K17=$K$8,1,0)+IF(L17=$L$8,1,0)+IF(M17=$M$8,1,0)+IF(N17=$N$8,1,0)+IF(O17=$O$8,1,0)+IF(P17=$P$8,1,0)+IF(Q17=$Q$8,1,0)+IF(R17=$R$8,1,0)+IF(S17=$S$8,1,0)+IF(T17=$T$8,1,0)+IF(U17=$U$8,1,0)+IF(V17=$V$8,1,0)+IF(W17=$W$8,1,0)+IF(X17=$X$8,1,0)+IF(Y17=$Y$8,1,0)+IF(Z17=$Z$8,1,0)+IF(AA17=$AA$8,1,0)+IF(AB17=$AB$8,1,0)+IF(AC17=$AC$8,1,0)+IF(AD17=$AD$8,1,0)+IF(AE17=$AE$8,1,0)+IF(AF17=$AF$8,1,0)+IF(AG17=$AG$8,1,0)+IF(AH17=$AH$8,1,0)+IF(AI17=$AI$8,1,0)+IF(AJ17=$AJ$8,1,0)+IF(AK17=$AK$8,1,0)+IF(AL17=$AL$8,1,0)+IF(AM17=$AM$8,1,0)+IF(AN17=$AN$8,1,0)+IF(AO17=$AO$8,1,0)+IF(AP17=$AP$8,1,0))) -> 0 | AR17: =IF(D17="","",VLOOKUP(AQ17,'PAT Maths'!$J$3:$K$44,2,FALSE)) -> –7.9
A18: 45356 | B18: 3 | C18: 3B | D18: Lname9 | E18: Fname9 | F18: XXXXX9 | AQ18: =IF(D18="",0,(IF(G18=$G$8,1,0)+IF(H18=$H$8,1,0)+IF(I18=$I$8,1,0)+IF(J18=$J$8,1,0)+IF(K18=$K$8,1,0)+IF(L18=$L$8,1,0)+IF(M18=$M$8,1,0)+IF(N18=$N$8,1,0)+IF(O18=$O$8,1,0)+IF(P18=$P$8,1,0)+IF(Q18=$Q$8,1,0)+IF(R18=$R$8,1,0)+IF(S18=$S$8,1,0)+IF(T18=$T$8,1,0)+IF(U18=$U$8,1,0)+IF(V18=$V$8,1,0)+IF(W18=$W$8,1,0)+IF(X18=$X$8,1,0)+IF(Y18=$Y$8,1,0)+IF(Z18=$Z$8,1,0)+IF(AA18=$AA$8,1,0)+IF(AB18=$AB$8,1,0)+IF(AC18=$AC$8,1,0)+IF(AD18=$AD$8,1,0)+IF(AE18=$AE$8,1,0)+IF(AF18=$AF$8,1,0)+IF(AG18=$AG$8,1,0)+IF(AH18=$AH$8,1,0)+IF(AI18=$AI$8,1,0)+IF(AJ18=$AJ$8,1,0)+IF(AK18=$AK$8,1,0)+IF(AL18=$AL$8,1,0)+IF(AM18=$AM$8,1,0)+IF(AN18=$AN$8,1,0)+IF(AO18=$AO$8,1,0)+IF(AP18=$AP$8,1,0))) -> 0 | AR18: =IF(D18="","",VLOOKUP(AQ18,'PAT Maths'!$J$3:$K$44,2,FALSE)) -> –7.9
A19: 45356 | B19: 3 | C19: 3B | D19: Lname10 | E19: Fname10 | F19: XXXXX10 | AQ19: =IF(D19="",0,(IF(G19=$G$8,1,0)+IF(H19=$H$8,1,0)+IF(I19=$I$8,1,0)+IF(J19=$J$8,1,0)+IF(K19=$K$8,1,0)+IF(L19=$L$8,1,0)+IF(M19=$M$8,1,0)+IF(N19=$N$8,1,0)+IF(O19=$O$8,1,0)+IF(P19=$P$8,1,0)+IF(Q19=$Q$8,1,0)+IF(R19=$R$8,1,0)+IF(S19=$S$8,1,0)+IF(T19=$T$8,1,0)+IF(U19=$U$8,1,0)+IF(V19=$V$8,1,0)+IF(W19=$W$8,1,0)+IF(X19=$X$8,1,0)+IF(Y19=$Y$8,1,0)+IF(Z19=$Z$8,1,0)+IF(AA19=$AA$8,1,0)+IF(AB19=$AB$8,1,0)+IF(AC19=$AC$8,1,0)+IF(AD19=$AD$8,1,0)+IF(AE19=$AE$8,1,0)+IF(AF19=$AF$8,1,0)+IF(AG19=$AG$8,1,0)+IF(AH19=$AH$8,1,0)+IF(AI19=$AI$8,1,0)+IF(AJ19=$AJ$8,1,0)+IF(AK19=$AK$8,1,0)+IF(AL19=$AL$8,1,0)+IF(AM19=$AM$8,1,0)+IF(AN19=$AN$8,1,0)+IF(AO19=$AO$8,1,0)+IF(AP19=$AP$8,1,0))) -> 0 | AR19: =IF(D19="","",VLOOKUP(AQ19,'PAT Maths'!$J$3:$K$44,2,FALSE)) -> –7.9
AQ20: =IF(D20="",0,(IF(G20=$G$8,1,0)+IF(H20=$H$8,1,0)+IF(I20=$I$8,1,0)+IF(J20=$J$8,1,0)+IF(K20=$K$8,1,0)+IF(L20=$L$8,1,0)+IF(M20=$M$8,1,0)+IF(N20=$N$8,1,0)+IF(O20=$O$8,1,0)+IF(P20=$P$8,1,0)+IF(Q20=$Q$8,1,0)+IF(R20=$R$8,1,0)+IF(S20=$S$8,1,0)+IF(T20=$T$8,1,0)+IF(U20=$U$8,1,0)+IF(V20=$V$8,1,0)+IF(W20=$W$8,1,0)+IF(X20=$X$8,1,0)+IF(Y20=$Y$8,1,0)+IF(Z20=$Z$8,1,0)+IF(AA20=$AA$8,1,0)+IF(AB20=$AB$8,1,0)+IF(AC20=$AC$8,1,0)+IF(AD20=$AD$8,1,0)+IF(AE20=$AE$8,1,0)+IF(AF20=$AF$8,1,0)+IF(AG20=$AG$8,1,0)+IF(AH20=$AH$8,1,0)+IF(AI20=$AI$8,1,0)+IF(AJ20=$AJ$8,1,0)+IF(AK20=$AK$8,1,0)+IF(AL20=$AL$8,1,0)+IF(AM20=$AM$8,1,0)+IF(AN20=$AN$8,1,0)+IF(AO20=$AO$8,1,0)+IF(AP20=$AP$8,1,0))) -> 0 | AR20: =IF(D20="","",VLOOKUP(AQ20,'PAT Maths'!$J$3:$K$44,2,FALSE))
AQ21: =IF(D21="",0,(IF(G21=$G$8,1,0)+IF(H21=$H$8,1,0)+IF(I21=$I$8,1,0)+IF(J21=$J$8,1,0)+IF(K21=$K$8,1,0)+IF(L21=$L$8,1,0)+IF(M21=$M$8,1,0)+IF(N21=$N$8,1,0)+IF(O21=$O$8,1,0)+IF(P21=$P$8,1,0)+IF(Q21=$Q$8,1,0)+IF(R21=$R$8,1,0)+IF(S21=$S$8,1,0)+IF(T21=$T$8,1,0)+IF(U21=$U$8,1,0)+IF(V21=$V$8,1,0)+IF(W21=$W$8,1,0)+IF(X21=$X$8,1,0)+IF(Y21=$Y$8,1,0)+IF(Z21=$Z$8,1,0)+IF(AA21=$AA$8,1,0)+IF(AB21=$AB$8,1,0)+IF(AC21=$AC$8,1,0)+IF(AD21=$AD$8,1,0)+IF(AE21=$AE$8,1,0)+IF(AF21=$AF$8,1,0)+IF(AG21=$AG$8,1,0)+IF(AH21=$AH$8,1,0)+IF(AI21=$AI$8,1,0)+IF(AJ21=$AJ$8,1,0)+IF(AK21=$AK$8,1,0)+IF(AL21=$AL$8,1,0)+IF(AM21=$AM$8,1,0)+IF(AN21=$AN$8,1,0)+IF(AO21=$AO$8,1,0)+IF(AP21=$AP$8,1,0))) -> 0 | AR21: =IF(D21="","",VLOOKUP(AQ21,'PAT Maths'!$J$3:$K$44,2,FALSE))
AQ22: =IF(D22="",0,(IF(G22=$G$8,1,0)+IF(H22=$H$8,1,0)+IF(I22=$I$8,1,0)+IF(J22=$J$8,1,0)+IF(K22=$K$8,1,0)+IF(L22=$L$8,1,0)+IF(M22=$M$8,1,0)+IF(N22=$N$8,1,0)+IF(O22=$O$8,1,0)+IF(P22=$P$8,1,0)+IF(Q22=$Q$8,1,0)+IF(R22=$R$8,1,0)+IF(S22=$S$8,1,0)+IF(T22=$T$8,1,0)+IF(U22=$U$8,1,0)+IF(V22=$V$8,1,0)+IF(W22=$W$8,1,0)+IF(X22=$X$8,1,0)+IF(Y22=$Y$8,1,0)+IF(Z22=$Z$8,1,0)+IF(AA22=$AA$8,1,0)+IF(AB22=$AB$8,1,0)+IF(AC22=$AC$8,1,0)+IF(AD22=$AD$8,1,0)+IF(AE22=$AE$8,1,0)+IF(AF22=$AF$8,1,0)+IF(AG22=$AG$8,1,0)+IF(AH22=$AH$8,1,0)+IF(AI22=$AI$8,1,0)+IF(AJ22=$AJ$8,1,0)+IF(AK22=$AK$8,1,0)+IF(AL22=$AL$8,1,0)+IF(AM22=$AM$8,1,0)+IF(AN22=$AN$8,1,0)+IF(AO22=$AO$8,1,0)+IF(AP22=$AP$8,1,0))) -> 0 | AR22: =IF(D22="","",VLOOKUP(AQ22,'PAT Maths'!$J$3:$K$44,2,FALSE))
AQ23: =IF(D23="",0,(IF(G23=$G$8,1,0)+IF(H23=$H$8,1,0)+IF(I23=$I$8,1,0)+IF(J23=$J$8,1,0)+IF(K23=$K$8,1,0)+IF(L23=$L$8,1,0)+IF(M23=$M$8,1,0)+IF(N23=$N$8,1,0)+IF(O23=$O$8,1,0)+IF(P23=$P$8,1,0)+IF(Q23=$Q$8,1,0)+IF(R23=$R$8,1,0)+IF(S23=$S$8,1,0)+IF(T23=$T$8,1,0)+IF(U23=$U$8,1,0)+IF(V23=$V$8,1,0)+IF(W23=$W$8,1,0)+IF(X23=$X$8,1,0)+IF(Y23=$Y$8,1,0)+IF(Z23=$Z$8,1,0)+IF(AA23=$AA$8,1,0)+IF(AB23=$AB$8,1,0)+IF(AC23=$AC$8,1,0)+IF(AD23=$AD$8,1,0)+IF(AE23=$AE$8,1,0)+IF(AF23=$AF$8,1,0)+IF(AG23=$AG$8,1,0)+IF(AH23=$AH$8,1,0)+IF(AI23=$AI$8,1,0)+IF(AJ23=$AJ$8,1,0)+IF(AK23=$AK$8,1,0)+IF(AL23=$AL$8,1,0)+IF(AM23=$AM$8,1,0)+IF(AN23=$AN$8,1,0)+IF(AO23=$AO$8,1,0)+IF(AP23=$AP$8,1,0))) -> 0 | AR23: =IF(D23="","",VLOOKUP(AQ23,'PAT Maths'!$J$3:$K$44,2,FALSE))
AQ24: =IF(D24="",0,(IF(G24=$G$8,1,0)+IF(H24=$H$8,1,0)+IF(I24=$I$8,1,0)+IF(J24=$J$8,1,0)+IF(K24=$K$8,1,0)+IF(L24=$L$8,1,0)+IF(M24=$M$8,1,0)+IF(N24=$N$8,1,0)+IF(O24=$O$8,1,0)+IF(P24=$P$8,1,0)+IF(Q24=$Q$8,1,0)+IF(R24=$R$8,1,0)+IF(S24=$S$8,1,0)+IF(T24=$T$8,1,0)+IF(U24=$U$8,1,0)+IF(V24=$V$8,1,0)+IF(W24=$W$8,1,0)+IF(X24=$X$8,1,0)+IF(Y24=$Y$8,1,0)+IF(Z24=$Z$8,1,0)+IF(AA24=$AA$8,1,0)+IF(AB24=$AB$8,1,0)+IF(AC24=$AC$8,1,0)+IF(AD24=$AD$8,1,0)+IF(AE24=$AE$8,1,0)+IF(AF24=$AF$8,1,0)+IF(AG24=$AG$8,1,0)+IF(AH24=$AH$8,1,0)+IF(AI24=$AI$8,1,0)+IF(AJ24=$AJ$8,1,0)+IF(AK24=$AK$8,1,0)+IF(AL24=$AL$8,1,0)+IF(AM24=$AM$8,1,0)+IF(AN24=$AN$8,1,0)+IF(AO24=$AO$8,1,0)+IF(AP24=$AP$8,1,0))) -> 0 | AR24: =IF(D24="","",VLOOKUP(AQ24,'PAT Maths'!$J$3:$K$44,2,FALSE))
AQ25: =IF(D25="",0,(IF(G25=$G$8,1,0)+IF(H25=$H$8,1,0)+IF(I25=$I$8,1,0)+IF(J25=$J$8,1,0)+IF(K25=$K$8,1,0)+IF(L25=$L$8,1,0)+IF(M25=$M$8,1,0)+IF(N25=$N$8,1,0)+IF(O25=$O$8,1,0)+IF(P25=$P$8,1,0)+IF(Q25=$Q$8,1,0)+IF(R25=$R$8,1,0)+IF(S25=$S$8,1,0)+IF(T25=$T$8,1,0)+IF(U25=$U$8,1,0)+IF(V25=$V$8,1,0)+IF(W25=$W$8,1,0)+IF(X25=$X$8,1,0)+IF(Y25=$Y$8,1,0)+IF(Z25=$Z$8,1,0)+IF(AA25=$AA$8,1,0)+IF(AB25=$AB$8,1,0)+IF(AC25=$AC$8,1,0)+IF(AD25=$AD$8,1,0)+IF(AE25=$AE$8,1,0)+IF(AF25=$AF$8,1,0)+IF(AG25=$AG$8,1,0)+IF(AH25=$AH$8,1,0)+IF(AI25=$AI$8,1,0)+IF(AJ25=$AJ$8,1,0)+IF(AK25=$AK$8,1,0)+IF(AL25=$AL$8,1,0)+IF(AM25=$AM$8,1,0)+IF(AN25=$AN$8,1,0)+IF(AO25=$AO$8,1,0)+IF(AP25=$AP$8,1,0))) -> 0 | AR25: =IF(D25="","",VLOOKUP(AQ25,'PAT Maths'!$J$3:$K$44,2,FALSE))
AQ26: =IF(D26="",0,(IF(G26=$G$8,1,0)+IF(H26=$H$8,1,0)+IF(I26=$I$8,1,0)+IF(J26=$J$8,1,0)+IF(K26=$K$8,1,0)+IF(L26=$L$8,1,0)+IF(M26=$M$8,1,0)+IF(N26=$N$8,1,0)+IF(O26=$O$8,1,0)+IF(P26=$P$8,1,0)+IF(Q26=$Q$8,1,0)+IF(R26=$R$8,1,0)+IF(S26=$S$8,1,0)+IF(T26=$T$8,1,0)+IF(U26=$U$8,1,0)+IF(V26=$V$8,1,0)+IF(W26=$W$8,1,0)+IF(X26=$X$8,1,0)+IF(Y26=$Y$8,1,0)+IF(Z26=$Z$8,1,0)+IF(AA26=$AA$8,1,0)+IF(AB26=$AB$8,1,0)+IF(AC26=$AC$8,1,0)+IF(AD26=$AD$8,1,0)+IF(AE26=$AE$8,1,0)+IF(AF26=$AF$8,1,0)+IF(AG26=$AG$8,1,0)+IF(AH26=$AH$8,1,0)+IF(AI26=$AI$8,1,0)+IF(AJ26=$AJ$8,1,0)+IF(AK26=$AK$8,1,0)+IF(AL26=$AL$8,1,0)+IF(AM26=$AM$8,1,0)+IF(AN26=$AN$8,1,0)+IF(AO26=$AO$8,1,0)+IF(AP26=$AP$8,1,0))) -> 0 | AR26: =IF(D26="","",VLOOKUP(AQ26,'PAT Maths'!$J$3:$K$44,2,FALSE))
AQ27: =IF(D27="",0,(IF(G27=$G$8,1,0)+IF(H27=$H$8,1,0)+IF(I27=$I$8,1,0)+IF(J27=$J$8,1,0)+IF(K27=$K$8,1,0)+IF(L27=$L$8,1,0)+IF(M27=$M$8,1,0)+IF(N27=$N$8,1,0)+IF(O27=$O$8,1,0)+IF(P27=$P$8,1,0)+IF(Q27=$Q$8,1,0)+IF(R27=$R$8,1,0)+IF(S27=$S$8,1,0)+IF(T27=$T$8,1,0)+IF(U27=$U$8,1,0)+IF(V27=$V$8,1,0)+IF(W27=$W$8,1,0)+IF(X27=$X$8,1,0)+IF(Y27=$Y$8,1,0)+IF(Z27=$Z$8,1,0)+IF(AA27=$AA$8,1,0)+IF(AB27=$AB$8,1,0)+IF(AC27=$AC$8,1,0)+IF(AD27=$AD$8,1,0)+IF(AE27=$AE$8,1,0)+IF(AF27=$AF$8,1,0)+IF(AG27=$AG$8,1,0)+IF(AH27=$AH$8,1,0)+IF(AI27=$AI$8,1,0)+IF(AJ27=$AJ$8,1,0)+IF(AK27=$AK$8,1,0)+IF(AL27=$AL$8,1,0)+IF(AM27=$AM$8,1,0)+IF(AN27=$AN$8,1,0)+IF(AO27=$AO$8,1,0)+IF(AP27=$AP$8,1,0))) -> 0 | AR27: =IF(D27="","",VLOOKUP(AQ27,'PAT Maths'!$J$3:$K$44,2,FALSE))
AQ28: =IF(D28="",0,(IF(G28=$G$8,1,0)+IF(H28=$H$8,1,0)+IF(I28=$I$8,1,0)+IF(J28=$J$8,1,0)+IF(K28=$K$8,1,0)+IF(L28=$L$8,1,0)+IF(M28=$M$8,1,0)+IF(N28=$N$8,1,0)+IF(O28=$O$8,1,0)+IF(P28=$P$8,1,0)+IF(Q28=$Q$8,1,0)+IF(R28=$R$8,1,0)+IF(S28=$S$8,1,0)+IF(T28=$T$8,1,0)+IF(U28=$U$8,1,0)+IF(V28=$V$8,1,0)+IF(W28=$W$8,1,0)+IF(X28=$X$8,1,0)+IF(Y28=$Y$8,1,0)+IF(Z28=$Z$8,1,0)+IF(AA28=$AA$8,1,0)+IF(AB28=$AB$8,1,0)+IF(AC28=$AC$8,1,0)+IF(AD28=$AD$8,1,0)+IF(AE28=$AE$8,1,0)+IF(AF28=$AF$8,1,0)+IF(AG28=$AG$8,1,0)+IF(AH28=$AH$8,1,0)+IF(AI28=$AI$8,1,0)+IF(AJ28=$AJ$8,1,0)+IF(AK28=$AK$8,1,0)+IF(AL28=$AL$8,1,0)+IF(AM28=$AM$8,1,0)+IF(AN28=$AN$8,1,0)+IF(AO28=$AO$8,1,0)+IF(AP28=$AP$8,1,0))) -> 0 | AR28: =IF(D28="","",VLOOKUP(AQ28,'PAT Maths'!$J$3:$K$44,2,FALSE))
AQ29: =IF(D29="",0,(IF(G29=$G$8,1,0)+IF(H29=$H$8,1,0)+IF(I29=$I$8,1,0)+IF(J29=$J$8,1,0)+IF(K29=$K$8,1,0)+IF(L29=$L$8,1,0)+IF(M29=$M$8,1,0)+IF(N29=$N$8,1,0)+IF(O29=$O$8,1,0)+IF(P29=$P$8,1,0)+IF(Q29=$Q$8,1,0)+IF(R29=$R$8,1,0)+IF(S29=$S$8,1,0)+IF(T29=$T$8,1,0)+IF(U29=$U$8,1,0)+IF(V29=$V$8,1,0)+IF(W29=$W$8,1,0)+IF(X29=$X$8,1,0)+IF(Y29=$Y$8,1,0)+IF(Z29=$Z$8,1,0)+IF(AA29=$AA$8,1,0)+IF(AB29=$AB$8,1,0)+IF(AC29=$AC$8,1,0)+IF(AD29=$AD$8,1,0)+IF(AE29=$AE$8,1,0)+IF(AF29=$AF$8,1,0)+IF(AG29=$AG$8,1,0)+IF(AH29=$AH$8,1,0)+IF(AI29=$AI$8,1,0)+IF(AJ29=$AJ$8,1,0)+IF(AK29=$AK$8,1,0)+IF(AL29=$AL$8,1,0)+IF(AM29=$AM$8,1,0)+IF(AN29=$AN$8,1,0)+IF(AO29=$AO$8,1,0)+IF(AP29=$AP$8,1,0))) -> 0 | AR29: =IF(D29="","",VLOOKUP(AQ29,'PAT Maths'!$J$3:$K$44,2,FALSE))
AQ30: =IF(D30="",0,(IF(G30=$G$8,1,0)+IF(H30=$H$8,1,0)+IF(I30=$I$8,1,0)+IF(J30=$J$8,1,0)+IF(K30=$K$8,1,0)+IF(L30=$L$8,1,0)+IF(M30=$M$8,1,0)+IF(N30=$N$8,1,0)+IF(O30=$O$8,1,0)+IF(P30=$P$8,1,0)+IF(Q30=$Q$8,1,0)+IF(R30=$R$8,1,0)+IF(S30=$S$8,1,0)+IF(T30=$T$8,1,0)+IF(U30=$U$8,1,0)+IF(V30=$V$8,1,0)+IF(W30=$W$8,1,0)+IF(X30=$X$8,1,0)+IF(Y30=$Y$8,1,0)+IF(Z30=$Z$8,1,0)+IF(AA30=$AA$8,1,0)+IF(AB30=$AB$8,1,0)+IF(AC30=$AC$8,1,0)+IF(AD30=$AD$8,1,0)+IF(AE30=$AE$8,1,0)+IF(AF30=$AF$8,1,0)+IF(AG30=$AG$8,1,0)+IF(AH30=$AH$8,1,0)+IF(AI30=$AI$8,1,0)+IF(AJ30=$AJ$8,1,0)+IF(AK30=$AK$8,1,0)+IF(AL30=$AL$8,1,0)+IF(AM30=$AM$8,1,0)+IF(AN30=$AN$8,1,0)+IF(AO30=$AO$8,1,0)+IF(AP30=$AP$8,1,0))) -> 0 | AR30: =IF(D30="","",VLOOKUP(AQ30,'PAT Maths'!$J$3:$K$44,2,FALSE))
AQ31: =IF(D31="",0,(IF(G31=$G$8,1,0)+IF(H31=$H$8,1,0)+IF(I31=$I$8,1,0)+IF(J31=$J$8,1,0)+IF(K31=$K$8,1,0)+IF(L31=$L$8,1,0)+IF(M31=$M$8,1,0)+IF(N31=$N$8,1,0)+IF(O31=$O$8,1,0)+IF(P31=$P$8,1,0)+IF(Q31=$Q$8,1,0)+IF(R31=$R$8,1,0)+IF(S31=$S$8,1,0)+IF(T31=$T$8,1,0)+IF(U31=$U$8,1,0)+IF(V31=$V$8,1,0)+IF(W31=$W$8,1,0)+IF(X31=$X$8,1,0)+IF(Y31=$Y$8,1,0)+IF(Z31=$Z$8,1,0)+IF(AA31=$AA$8,1,0)+IF(AB31=$AB$8,1,0)+IF(AC31=$AC$8,1,0)+IF(AD31=$AD$8,1,0)+IF(AE31=$AE$8,1,0)+IF(AF31=$AF$8,1,0)+IF(AG31=$AG$8,1,0)+IF(AH31=$AH$8,1,0)+IF(AI31=$AI$8,1,0)+IF(AJ31=$AJ$8,1,0)+IF(AK31=$AK$8,1,0)+IF(AL31=$AL$8,1,0)+IF(AM31=$AM$8,1,0)+IF(AN31=$AN$8,1,0)+IF(AO31=$AO$8,1,0)+IF(AP31=$AP$8,1,0))) -> 0 | AR31: =IF(D31="","",VLOOKUP(AQ31,'PAT Maths'!$J$3:$K$44,2,FALSE))
... AQ446: =IF(D446="",0,(IF(G446=$G$8,1,0)+IF(H446=$H$8,1,0)+IF(I446=$I$8,1,0)+IF(J446=$J$8,1,0)+IF(K446=$K$8,1,0)+IF(L446=$L$8,1,0)+IF(M446=$M$8,1,0)+IF(N446=$N$8,1,0)+IF(O446=$O$8,1,0)+IF(P446=$P$8,1,0)+IF(Q446=$Q$8,1,0)+IF(R446=$R$8,1,0)+IF(S446=$S$8,1,0)+IF(T446=$T$8,1,0)+IF(U446=$U$8,1,0)+IF(V446=$V$8,1,0)+IF(W446=$W$8,1,0)+IF(X446=$X$8,1,0)+IF(Y446=$Y$8,1,0)+IF(Z446=$Z$8,1,0)+IF(AA446=$AA$8,1,0)+IF(AB446=$AB$8,1,0)+IF(AC446=$AC$8,1,0)+IF(AD446=$AD$8,1,0)+IF(AE446=$AE$8,1,0)+IF(AF446=$AF$8,1,0)+IF(AG446=$AG$8,1,0)+IF(AH446=$AH$8,1,0)+IF(AI446=$AI$8,1,0)+IF(AJ446=$AJ$8,1,0)+IF(AK446=$AK$8,1,0)+IF(AL446=$AL$8,1,0)+IF(AM446=$AM$8,1,0)+IF(AN446=$AN$8,1,0)+IF(AO446=$AO$8,1,0)+IF(AP446=$AP$8,1,0))) -> 0 | AR446: =IF(D446="","",VLOOKUP(AQ446,'PAT Maths'!$J$3:$K$44,2,FALSE))

Sheet PATM TB3
A1: PAT-Maths - Test Booklet 3
G3: QUESTION No. and ANSWER KEY (Enter the student's response - "A" or "B" or "C" or "D" or "E")
E4: Question Number | G4: 1 | H4: 2 | I4: 3 | J4: 4 | K4: 5 | L4: 6 | M4: 7 | N4: 8 | O4: 9 | P4: 10 | Q4: 11 | R4: 12 | S4: 13 | T4: 14 | U4: 15 | V4: 16 | W4: 17 | X4: 18 | Y4: 19 | Z4: 20 | AA4: 21 | AB4: 22 | AC4: 23 | AD4: 24 | AE4: 25 | AF4: 26 | AG4: 27 | AH4: 28 | AI4: 29 | AJ4: 30 | AK4: 31 | AL4: 32 | AM4: 33 | AN4: 34 | AO4: 35 | AP4: 36 | AQ4: 37
E5: Item Difficulty | G5: 39 | H5: 40 | I5: 41 | J5: 37 | K5: 41 | L5: 42 | M5: 42 | N5: 43 | O5: 46 | P5: 47 | Q5: 49 | R5: 50 | S5: 50 | T5: 57 | U5: 34 | V5: 37 | W5: 41 | X5: 42 | Y5: 45 | Z5: 50 | AA5: 38 | AB5: 43 | AC5: 44 | AD5: 51 | AE5: 53 | AF5: 60 | AG5: 38 | AH5: 44 | AI5: 48 | AJ5: 35 | AK5: 44 | AL5: 36 | AM5: 60 | AN5: 52 | AO5: 41 | AP5: 42 | AQ5: 49
E6: Skill Assessed | G6: NC | H6: NC | I6: NC | J6: NC | K6: NC | L6: NC | M6: NC | N6: NC | O6: NC | P6: NC | Q6: NC | R6: NC | S6: NC | T6: NC | U6: S | V6: S | W6: S | X6: S | Y6: S | Z6: S | AA6: M | AB6: M | AC6: M | AD6: M | AE6: M | AF6: M | AG6: CD | AH6: CD | AI6: CD | AJ6: CD | AK6: CD | AL6: N | AM6: N | AN6: N | AO6: N | AP6: N | AQ6: N
A7: required | B7: required | C7: optional | D7: required | E7: required | F7: required
A8: Date (dd/mm/yy) | B8: Yr_Lev | C8: Grp | D8: Surname | E8: First_Name | F8: Student_ID | G8: C | H8: E | I8: E | J8: C | K8: B | L8: A | M8: A | N8: D | O8: E | P8: C | Q8: D | R8: C | S8: C | T8: E | U8: A | V8: A | W8: D | X8: B | Y8: A | Z8: B | AA8: B | AB8: A | AC8: B | AD8: A | AE8: D | AF8: C | AG8: B | AH8: C | AI8: D | AJ8: B | AK8: D | AL8: B | AM8: D | AN8: C | AO8: B | AP8: A | AQ8: D | AR8: Raw Score | AS8: PAT Score
A9: 45356 | B9: 3 | C9: 3A | D9: Lname1 | E9: Fname1 | F9: XXXXX1 | AR9: =IF(D9="",0,(IF(G9=$G$8,1,0)+IF(H9=$H$8,1,0)+IF(I9=$I$8,1,0)+IF(J9=$J$8,1,0)+IF(K9=$K$8,1,0)+IF(L9=$L$8,1,0)+IF(M9=$M$8,1,0)+IF(N9=$N$8,1,0)+IF(O9=$O$8,1,0)+IF(P9=$P$8,1,0)+IF(Q9=$Q$8,1,0)+IF(R9=$R$8,1,0)+IF(S9=$S$8,1,0)+IF(T9=$T$8,1,0)+IF(U9=$U$8,1,0)+IF(V9=$V$8,1,0)+IF(W9=$W$8,1,0)+IF(X9=$X$8,1,0)+IF(Y9=$Y$8,1,0)+IF(Z9=$Z$8,1,0)+IF(AA9=$AA$8,1,0)+IF(AB9=$AB$8,1,0)+IF(AC9=$AC$8,1,0)+IF(AD9=$AD$8,1,0)+IF(AE9=$AE$8,1,0)+IF(AF9=$AF$8,1,0)+IF(AG9=$AG$8,1,0)+IF(AH9=$AH$8,1,0)+IF(AI9=$AI$8,1,0)+IF(AJ9=$AJ$8,1,0)+IF(AK9=$AK$8,1,0)+IF(AL9=$AL$8,1,0)+IF(AM9=$AM$8,1,0)+IF(AN9=$AN$8,1,0)+IF(AO9=$AO$8,1,0)+IF(AP9=$AP$8,1,0)+IF(AQ9=$AQ$8,1,0))) -> 0 | AS9: =IF(D9="","",VLOOKUP(AR9,'PAT Maths'!$L$3:$M$44,2,FALSE)) -> –2.8
A10: 45356 | B10: 3 | C10: 3A | D10: Lname2 | E10: Fname2 | F10: XXXXX2 | AR10: =IF(D10="",0,(IF(G10=$G$8,1,0)+IF(H10=$H$8,1,0)+IF(I10=$I$8,1,0)+IF(J10=$J$8,1,0)+IF(K10=$K$8,1,0)+IF(L10=$L$8,1,0)+IF(M10=$M$8,1,0)+IF(N10=$N$8,1,0)+IF(O10=$O$8,1,0)+IF(P10=$P$8,1,0)+IF(Q10=$Q$8,1,0)+IF(R10=$R$8,1,0)+IF(S10=$S$8,1,0)+IF(T10=$T$8,1,0)+IF(U10=$U$8,1,0)+IF(V10=$V$8,1,0)+IF(W10=$W$8,1,0)+IF(X10=$X$8,1,0)+IF(Y10=$Y$8,1,0)+IF(Z10=$Z$8,1,0)+IF(AA10=$AA$8,1,0)+IF(AB10=$AB$8,1,0)+IF(AC10=$AC$8,1,0)+IF(AD10=$AD$8,1,0)+IF(AE10=$AE$8,1,0)+IF(AF10=$AF$8,1,0)+IF(AG10=$AG$8,1,0)+IF(AH10=$AH$8,1,0)+IF(AI10=$AI$8,1,0)+IF(AJ10=$AJ$8,1,0)+IF(AK10=$AK$8,1,0)+IF(AL10=$AL$8,1,0)+IF(AM10=$AM$8,1,0)+IF(AN10=$AN$8,1,0)+IF(AO10=$AO$8,1,0)+IF(AP10=$AP$8,1,0)+IF(AQ10=$AQ$8,1,0))) -> 0 | AS10: =IF(D10="","",VLOOKUP(AR10,'PAT Maths'!$L$3:$M$44,2,FALSE)) -> –2.8
A11: 45356 | B11: 3 | C11: 3A | D11: Lname3 | E11: Fname3 | F11: XXXXX3 | AR11: =IF(D11="",0,(IF(G11=$G$8,1,0)+IF(H11=$H$8,1,0)+IF(I11=$I$8,1,0)+IF(J11=$J$8,1,0)+IF(K11=$K$8,1,0)+IF(L11=$L$8,1,0)+IF(M11=$M$8,1,0)+IF(N11=$N$8,1,0)+IF(O11=$O$8,1,0)+IF(P11=$P$8,1,0)+IF(Q11=$Q$8,1,0)+IF(R11=$R$8,1,0)+IF(S11=$S$8,1,0)+IF(T11=$T$8,1,0)+IF(U11=$U$8,1,0)+IF(V11=$V$8,1,0)+IF(W11=$W$8,1,0)+IF(X11=$X$8,1,0)+IF(Y11=$Y$8,1,0)+IF(Z11=$Z$8,1,0)+IF(AA11=$AA$8,1,0)+IF(AB11=$AB$8,1,0)+IF(AC11=$AC$8,1,0)+IF(AD11=$AD$8,1,0)+IF(AE11=$AE$8,1,0)+IF(AF11=$AF$8,1,0)+IF(AG11=$AG$8,1,0)+IF(AH11=$AH$8,1,0)+IF(AI11=$AI$8,1,0)+IF(AJ11=$AJ$8,1,0)+IF(AK11=$AK$8,1,0)+IF(AL11=$AL$8,1,0)+IF(AM11=$AM$8,1,0)+IF(AN11=$AN$8,1,0)+IF(AO11=$AO$8,1,0)+IF(AP11=$AP$8,1,0)+IF(AQ11=$AQ$8,1,0))) -> 0 | AS11: =IF(D11="","",VLOOKUP(AR11,'PAT Maths'!$L$3:$M$44,2,FALSE)) -> –2.8
A12: 45356 | B12: 3 | C12: 3A | D12: Lname4 | E12: Fname4 | F12: XXXXX4 | AR12: =IF(D12="",0,(IF(G12=$G$8,1,0)+IF(H12=$H$8,1,0)+IF(I12=$I$8,1,0)+IF(J12=$J$8,1,0)+IF(K12=$K$8,1,0)+IF(L12=$L$8,1,0)+IF(M12=$M$8,1,0)+IF(N12=$N$8,1,0)+IF(O12=$O$8,1,0)+IF(P12=$P$8,1,0)+IF(Q12=$Q$8,1,0)+IF(R12=$R$8,1,0)+IF(S12=$S$8,1,0)+IF(T12=$T$8,1,0)+IF(U12=$U$8,1,0)+IF(V12=$V$8,1,0)+IF(W12=$W$8,1,0)+IF(X12=$X$8,1,0)+IF(Y12=$Y$8,1,0)+IF(Z12=$Z$8,1,0)+IF(AA12=$AA$8,1,0)+IF(AB12=$AB$8,1,0)+IF(AC12=$AC$8,1,0)+IF(AD12=$AD$8,1,0)+IF(AE12=$AE$8,1,0)+IF(AF12=$AF$8,1,0)+IF(AG12=$AG$8,1,0)+IF(AH12=$AH$8,1,0)+IF(AI12=$AI$8,1,0)+IF(AJ12=$AJ$8,1,0)+IF(AK12=$AK$8,1,0)+IF(AL12=$AL$8,1,0)+IF(AM12=$AM$8,1,0)+IF(AN12=$AN$8,1,0)+IF(AO12=$AO$8,1,0)+IF(AP12=$AP$8,1,0)+IF(AQ12=$AQ$8,1,0))) -> 0 | AS12: =IF(D12="","",VLOOKUP(AR12,'PAT Maths'!$L$3:$M$44,2,FALSE)) -> –2.8
A13: 45356 | B13: 3 | C13: 3B | D13: ULname13 | E13: UFname13 | F13: UNLISTED | AR13: =IF(D13="",0,(IF(G13=$G$8,1,0)+IF(H13=$H$8,1,0)+IF(I13=$I$8,1,0)+IF(J13=$J$8,1,0)+IF(K13=$K$8,1,0)+IF(L13=$L$8,1,0)+IF(M13=$M$8,1,0)+IF(N13=$N$8,1,0)+IF(O13=$O$8,1,0)+IF(P13=$P$8,1,0)+IF(Q13=$Q$8,1,0)+IF(R13=$R$8,1,0)+IF(S13=$S$8,1,0)+IF(T13=$T$8,1,0)+IF(U13=$U$8,1,0)+IF(V13=$V$8,1,0)+IF(W13=$W$8,1,0)+IF(X13=$X$8,1,0)+IF(Y13=$Y$8,1,0)+IF(Z13=$Z$8,1,0)+IF(AA13=$AA$8,1,0)+IF(AB13=$AB$8,1,0)+IF(AC13=$AC$8,1,0)+IF(AD13=$AD$8,1,0)+IF(AE13=$AE$8,1,0)+IF(AF13=$AF$8,1,0)+IF(AG13=$AG$8,1,0)+IF(AH13=$AH$8,1,0)+IF(AI13=$AI$8,1,0)+IF(AJ13=$AJ$8,1,0)+IF(AK13=$AK$8,1,0)+IF(AL13=$AL$8,1,0)+IF(AM13=$AM$8,1,0)+IF(AN13=$AN$8,1,0)+IF(AO13=$AO$8,1,0)+IF(AP13=$AP$8,1,0)+IF(AQ13=$AQ$8,1,0))) -> 0 | AS13: =IF(D13="","",VLOOKUP(AR13,'PAT Maths'!$L$3:$M$44,2,FALSE)) -> –2.8
A14: 45356 | B14: 3 | C14: 3A | D14: Lname5 | E14: Fname5 | F14: XXXXX5 | AR14: =IF(D14="",0,(IF(G14=$G$8,1,0)+IF(H14=$H$8,1,0)+IF(I14=$I$8,1,0)+IF(J14=$J$8,1,0)+IF(K14=$K$8,1,0)+IF(L14=$L$8,1,0)+IF(M14=$M$8,1,0)+IF(N14=$N$8,1,0)+IF(O14=$O$8,1,0)+IF(P14=$P$8,1,0)+IF(Q14=$Q$8,1,0)+IF(R14=$R$8,1,0)+IF(S14=$S$8,1,0)+IF(T14=$T$8,1,0)+IF(U14=$U$8,1,0)+IF(V14=$V$8,1,0)+IF(W14=$W$8,1,0)+IF(X14=$X$8,1,0)+IF(Y14=$Y$8,1,0)+IF(Z14=$Z$8,1,0)+IF(AA14=$AA$8,1,0)+IF(AB14=$AB$8,1,0)+IF(AC14=$AC$8,1,0)+IF(AD14=$AD$8,1,0)+IF(AE14=$AE$8,1,0)+IF(AF14=$AF$8,1,0)+IF(AG14=$AG$8,1,0)+IF(AH14=$AH$8,1,0)+IF(AI14=$AI$8,1,0)+IF(AJ14=$AJ$8,1,0)+IF(AK14=$AK$8,1,0)+IF(AL14=$AL$8,1,0)+IF(AM14=$AM$8,1,0)+IF(AN14=$AN$8,1,0)+IF(AO14=$AO$8,1,0)+IF(AP14=$AP$8,1,0)+IF(AQ14=$AQ$8,1,0))) -> 0 | AS14: =IF(D14="","",VLOOKUP(AR14,'PAT Maths'!$L$3:$M$44,2,FALSE)) -> –2.8
A15: 45356 | B15: 3 | C15: 3B | D15: Lname6 | E15: Fname6 | F15: XXXXX6 | AR15: =IF(D15="",0,(IF(G15=$G$8,1,0)+IF(H15=$H$8,1,0)+IF(I15=$I$8,1,0)+IF(J15=$J$8,1,0)+IF(K15=$K$8,1,0)+IF(L15=$L$8,1,0)+IF(M15=$M$8,1,0)+IF(N15=$N$8,1,0)+IF(O15=$O$8,1,0)+IF(P15=$P$8,1,0)+IF(Q15=$Q$8,1,0)+IF(R15=$R$8,1,0)+IF(S15=$S$8,1,0)+IF(T15=$T$8,1,0)+IF(U15=$U$8,1,0)+IF(V15=$V$8,1,0)+IF(W15=$W$8,1,0)+IF(X15=$X$8,1,0)+IF(Y15=$Y$8,1,0)+IF(Z15=$Z$8,1,0)+IF(AA15=$AA$8,1,0)+IF(AB15=$AB$8,1,0)+IF(AC15=$AC$8,1,0)+IF(AD15=$AD$8,1,0)+IF(AE15=$AE$8,1,0)+IF(AF15=$AF$8,1,0)+IF(AG15=$AG$8,1,0)+IF(AH15=$AH$8,1,0)+IF(AI15=$AI$8,1,0)+IF(AJ15=$AJ$8,1,0)+IF(AK15=$AK$8,1,0)+IF(AL15=$AL$8,1,0)+IF(AM15=$AM$8,1,0)+IF(AN15=$AN$8,1,0)+IF(AO15=$AO$8,1,0)+IF(AP15=$AP$8,1,0)+IF(AQ15=$AQ$8,1,0))) -> 0 | AS15: =IF(D15="","",VLOOKUP(AR15,'PAT Maths'!$L$3:$M$44,2,FALSE)) -> –2.8
A16: 45356 | B16: 3 | C16: 3B | D16: Lname7 | E16: Fname7 | F16: XXXXX7 | AR16: =IF(D16="",0,(IF(G16=$G$8,1,0)+IF(H16=$H$8,1,0)+IF(I16=$I$8,1,0)+IF(J16=$J$8,1,0)+IF(K16=$K$8,1,0)+IF(L16=$L$8,1,0)+IF(M16=$M$8,1,0)+IF(N16=$N$8,1,0)+IF(O16=$O$8,1,0)+IF(P16=$P$8,1,0)+IF(Q16=$Q$8,1,0)+IF(R16=$R$8,1,0)+IF(S16=$S$8,1,0)+IF(T16=$T$8,1,0)+IF(U16=$U$8,1,0)+IF(V16=$V$8,1,0)+IF(W16=$W$8,1,0)+IF(X16=$X$8,1,0)+IF(Y16=$Y$8,1,0)+IF(Z16=$Z$8,1,0)+IF(AA16=$AA$8,1,0)+IF(AB16=$AB$8,1,0)+IF(AC16=$AC$8,1,0)+IF(AD16=$AD$8,1,0)+IF(AE16=$AE$8,1,0)+IF(AF16=$AF$8,1,0)+IF(AG16=$AG$8,1,0)+IF(AH16=$AH$8,1,0)+IF(AI16=$AI$8,1,0)+IF(AJ16=$AJ$8,1,0)+IF(AK16=$AK$8,1,0)+IF(AL16=$AL$8,1,0)+IF(AM16=$AM$8,1,0)+IF(AN16=$AN$8,1,0)+IF(AO16=$AO$8,1,0)+IF(AP16=$AP$8,1,0)+IF(AQ16=$AQ$8,1,0))) -> 0 | AS16: =IF(D16="","",VLOOKUP(AR16,'PAT Maths'!$L$3:$M$44,2,FALSE)) -> –2.8
A17: 45356 | B17: 3 | C17: 3B | D17: Lname8 | E17: Fname8 | F17: XXXXX8 | AR17: =IF(D17="",0,(IF(G17=$G$8,1,0)+IF(H17=$H$8,1,0)+IF(I17=$I$8,1,0)+IF(J17=$J$8,1,0)+IF(K17=$K$8,1,0)+IF(L17=$L$8,1,0)+IF(M17=$M$8,1,0)+IF(N17=$N$8,1,0)+IF(O17=$O$8,1,0)+IF(P17=$P$8,1,0)+IF(Q17=$Q$8,1,0)+IF(R17=$R$8,1,0)+IF(S17=$S$8,1,0)+IF(T17=$T$8,1,0)+IF(U17=$U$8,1,0)+IF(V17=$V$8,1,0)+IF(W17=$W$8,1,0)+IF(X17=$X$8,1,0)+IF(Y17=$Y$8,1,0)+IF(Z17=$Z$8,1,0)+IF(AA17=$AA$8,1,0)+IF(AB17=$AB$8,1,0)+IF(AC17=$AC$8,1,0)+IF(AD17=$AD$8,1,0)+IF(AE17=$AE$8,1,0)+IF(AF17=$AF$8,1,0)+IF(AG17=$AG$8,1,0)+IF(AH17=$AH$8,1,0)+IF(AI17=$AI$8,1,0)+IF(AJ17=$AJ$8,1,0)+IF(AK17=$AK$8,1,0)+IF(AL17=$AL$8,1,0)+IF(AM17=$AM$8,1,0)+IF(AN17=$AN$8,1,0)+IF(AO17=$AO$8,1,0)+IF(AP17=$AP$8,1,0)+IF(AQ17=$AQ$8,1,0))) -> 0 | AS17: =IF(D17="","",VLOOKUP(AR17,'PAT Maths'!$L$3:$M$44,2,FALSE)) -> –2.8
A18: 45356 | B18: 3 | C18: 3B | D18: Lname9 | E18: Fname9 | F18: XXXXX9 | AR18: =IF(D18="",0,(IF(G18=$G$8,1,0)+IF(H18=$H$8,1,0)+IF(I18=$I$8,1,0)+IF(J18=$J$8,1,0)+IF(K18=$K$8,1,0)+IF(L18=$L$8,1,0)+IF(M18=$M$8,1,0)+IF(N18=$N$8,1,0)+IF(O18=$O$8,1,0)+IF(P18=$P$8,1,0)+IF(Q18=$Q$8,1,0)+IF(R18=$R$8,1,0)+IF(S18=$S$8,1,0)+IF(T18=$T$8,1,0)+IF(U18=$U$8,1,0)+IF(V18=$V$8,1,0)+IF(W18=$W$8,1,0)+IF(X18=$X$8,1,0)+IF(Y18=$Y$8,1,0)+IF(Z18=$Z$8,1,0)+IF(AA18=$AA$8,1,0)+IF(AB18=$AB$8,1,0)+IF(AC18=$AC$8,1,0)+IF(AD18=$AD$8,1,0)+IF(AE18=$AE$8,1,0)+IF(AF18=$AF$8,1,0)+IF(AG18=$AG$8,1,0)+IF(AH18=$AH$8,1,0)+IF(AI18=$AI$8,1,0)+IF(AJ18=$AJ$8,1,0)+IF(AK18=$AK$8,1,0)+IF(AL18=$AL$8,1,0)+IF(AM18=$AM$8,1,0)+IF(AN18=$AN$8,1,0)+IF(AO18=$AO$8,1,0)+IF(AP18=$AP$8,1,0)+IF(AQ18=$AQ$8,1,0))) -> 0 | AS18: =IF(D18="","",VLOOKUP(AR18,'PAT Maths'!$L$3:$M$44,2,FALSE)) -> –2.8
A19: 45356 | B19: 3 | C19: 3B | D19: Lname10 | E19: Fname10 | F19: XXXXX10 | AR19: =IF(D19="",0,(IF(G19=$G$8,1,0)+IF(H19=$H$8,1,0)+IF(I19=$I$8,1,0)+IF(J19=$J$8,1,0)+IF(K19=$K$8,1,0)+IF(L19=$L$8,1,0)+IF(M19=$M$8,1,0)+IF(N19=$N$8,1,0)+IF(O19=$O$8,1,0)+IF(P19=$P$8,1,0)+IF(Q19=$Q$8,1,0)+IF(R19=$R$8,1,0)+IF(S19=$S$8,1,0)+IF(T19=$T$8,1,0)+IF(U19=$U$8,1,0)+IF(V19=$V$8,1,0)+IF(W19=$W$8,1,0)+IF(X19=$X$8,1,0)+IF(Y19=$Y$8,1,0)+IF(Z19=$Z$8,1,0)+IF(AA19=$AA$8,1,0)+IF(AB19=$AB$8,1,0)+IF(AC19=$AC$8,1,0)+IF(AD19=$AD$8,1,0)+IF(AE19=$AE$8,1,0)+IF(AF19=$AF$8,1,0)+IF(AG19=$AG$8,1,0)+IF(AH19=$AH$8,1,0)+IF(AI19=$AI$8,1,0)+IF(AJ19=$AJ$8,1,0)+IF(AK19=$AK$8,1,0)+IF(AL19=$AL$8,1,0)+IF(AM19=$AM$8,1,0)+IF(AN19=$AN$8,1,0)+IF(AO19=$AO$8,1,0)+IF(AP19=$AP$8,1,0)+IF(AQ19=$AQ$8,1,0))) -> 0 | AS19: =IF(D19="","",VLOOKUP(AR19,'PAT Maths'!$L$3:$M$44,2,FALSE)) -> –2.8
AR20: =IF(D20="",0,(IF(G20=$G$8,1,0)+IF(H20=$H$8,1,0)+IF(I20=$I$8,1,0)+IF(J20=$J$8,1,0)+IF(K20=$K$8,1,0)+IF(L20=$L$8,1,0)+IF(M20=$M$8,1,0)+IF(N20=$N$8,1,0)+IF(O20=$O$8,1,0)+IF(P20=$P$8,1,0)+IF(Q20=$Q$8,1,0)+IF(R20=$R$8,1,0)+IF(S20=$S$8,1,0)+IF(T20=$T$8,1,0)+IF(U20=$U$8,1,0)+IF(V20=$V$8,1,0)+IF(W20=$W$8,1,0)+IF(X20=$X$8,1,0)+IF(Y20=$Y$8,1,0)+IF(Z20=$Z$8,1,0)+IF(AA20=$AA$8,1,0)+IF(AB20=$AB$8,1,0)+IF(AC20=$AC$8,1,0)+IF(AD20=$AD$8,1,0)+IF(AE20=$AE$8,1,0)+IF(AF20=$AF$8,1,0)+IF(AG20=$AG$8,1,0)+IF(AH20=$AH$8,1,0)+IF(AI20=$AI$8,1,0)+IF(AJ20=$AJ$8,1,0)+IF(AK20=$AK$8,1,0)+IF(AL20=$AL$8,1,0)+IF(AM20=$AM$8,1,0)+IF(AN20=$AN$8,1,0)+IF(AO20=$AO$8,1,0)+IF(AP20=$AP$8,1,0)+IF(AQ20=$AQ$8,1,0))) -> 0 | AS20: =IF(D20="","",VLOOKUP(AR20,'PAT Maths'!$L$3:$M$44,2,FALSE))
AR21: =IF(D21="",0,(IF(G21=$G$8,1,0)+IF(H21=$H$8,1,0)+IF(I21=$I$8,1,0)+IF(J21=$J$8,1,0)+IF(K21=$K$8,1,0)+IF(L21=$L$8,1,0)+IF(M21=$M$8,1,0)+IF(N21=$N$8,1,0)+IF(O21=$O$8,1,0)+IF(P21=$P$8,1,0)+IF(Q21=$Q$8,1,0)+IF(R21=$R$8,1,0)+IF(S21=$S$8,1,0)+IF(T21=$T$8,1,0)+IF(U21=$U$8,1,0)+IF(V21=$V$8,1,0)+IF(W21=$W$8,1,0)+IF(X21=$X$8,1,0)+IF(Y21=$Y$8,1,0)+IF(Z21=$Z$8,1,0)+IF(AA21=$AA$8,1,0)+IF(AB21=$AB$8,1,0)+IF(AC21=$AC$8,1,0)+IF(AD21=$AD$8,1,0)+IF(AE21=$AE$8,1,0)+IF(AF21=$AF$8,1,0)+IF(AG21=$AG$8,1,0)+IF(AH21=$AH$8,1,0)+IF(AI21=$AI$8,1,0)+IF(AJ21=$AJ$8,1,0)+IF(AK21=$AK$8,1,0)+IF(AL21=$AL$8,1,0)+IF(AM21=$AM$8,1,0)+IF(AN21=$AN$8,1,0)+IF(AO21=$AO$8,1,0)+IF(AP21=$AP$8,1,0)+IF(AQ21=$AQ$8,1,0))) -> 0 | AS21: =IF(D21="","",VLOOKUP(AR21,'PAT Maths'!$L$3:$M$44,2,FALSE))
AR22: =IF(D22="",0,(IF(G22=$G$8,1,0)+IF(H22=$H$8,1,0)+IF(I22=$I$8,1,0)+IF(J22=$J$8,1,0)+IF(K22=$K$8,1,0)+IF(L22=$L$8,1,0)+IF(M22=$M$8,1,0)+IF(N22=$N$8,1,0)+IF(O22=$O$8,1,0)+IF(P22=$P$8,1,0)+IF(Q22=$Q$8,1,0)+IF(R22=$R$8,1,0)+IF(S22=$S$8,1,0)+IF(T22=$T$8,1,0)+IF(U22=$U$8,1,0)+IF(V22=$V$8,1,0)+IF(W22=$W$8,1,0)+IF(X22=$X$8,1,0)+IF(Y22=$Y$8,1,0)+IF(Z22=$Z$8,1,0)+IF(AA22=$AA$8,1,0)+IF(AB22=$AB$8,1,0)+IF(AC22=$AC$8,1,0)+IF(AD22=$AD$8,1,0)+IF(AE22=$AE$8,1,0)+IF(AF22=$AF$8,1,0)+IF(AG22=$AG$8,1,0)+IF(AH22=$AH$8,1,0)+IF(AI22=$AI$8,1,0)+IF(AJ22=$AJ$8,1,0)+IF(AK22=$AK$8,1,0)+IF(AL22=$AL$8,1,0)+IF(AM22=$AM$8,1,0)+IF(AN22=$AN$8,1,0)+IF(AO22=$AO$8,1,0)+IF(AP22=$AP$8,1,0)+IF(AQ22=$AQ$8,1,0))) -> 0 | AS22: =IF(D22="","",VLOOKUP(AR22,'PAT Maths'!$L$3:$M$44,2,FALSE))
AR23: =IF(D23="",0,(IF(G23=$G$8,1,0)+IF(H23=$H$8,1,0)+IF(I23=$I$8,1,0)+IF(J23=$J$8,1,0)+IF(K23=$K$8,1,0)+IF(L23=$L$8,1,0)+IF(M23=$M$8,1,0)+IF(N23=$N$8,1,0)+IF(O23=$O$8,1,0)+IF(P23=$P$8,1,0)+IF(Q23=$Q$8,1,0)+IF(R23=$R$8,1,0)+IF(S23=$S$8,1,0)+IF(T23=$T$8,1,0)+IF(U23=$U$8,1,0)+IF(V23=$V$8,1,0)+IF(W23=$W$8,1,0)+IF(X23=$X$8,1,0)+IF(Y23=$Y$8,1,0)+IF(Z23=$Z$8,1,0)+IF(AA23=$AA$8,1,0)+IF(AB23=$AB$8,1,0)+IF(AC23=$AC$8,1,0)+IF(AD23=$AD$8,1,0)+IF(AE23=$AE$8,1,0)+IF(AF23=$AF$8,1,0)+IF(AG23=$AG$8,1,0)+IF(AH23=$AH$8,1,0)+IF(AI23=$AI$8,1,0)+IF(AJ23=$AJ$8,1,0)+IF(AK23=$AK$8,1,0)+IF(AL23=$AL$8,1,0)+IF(AM23=$AM$8,1,0)+IF(AN23=$AN$8,1,0)+IF(AO23=$AO$8,1,0)+IF(AP23=$AP$8,1,0)+IF(AQ23=$AQ$8,1,0))) -> 0 | AS23: =IF(D23="","",VLOOKUP(AR23,'PAT Maths'!$L$3:$M$44,2,FALSE))
AR24: =IF(D24="",0,(IF(G24=$G$8,1,0)+IF(H24=$H$8,1,0)+IF(I24=$I$8,1,0)+IF(J24=$J$8,1,0)+IF(K24=$K$8,1,0)+IF(L24=$L$8,1,0)+IF(M24=$M$8,1,0)+IF(N24=$N$8,1,0)+IF(O24=$O$8,1,0)+IF(P24=$P$8,1,0)+IF(Q24=$Q$8,1,0)+IF(R24=$R$8,1,0)+IF(S24=$S$8,1,0)+IF(T24=$T$8,1,0)+IF(U24=$U$8,1,0)+IF(V24=$V$8,1,0)+IF(W24=$W$8,1,0)+IF(X24=$X$8,1,0)+IF(Y24=$Y$8,1,0)+IF(Z24=$Z$8,1,0)+IF(AA24=$AA$8,1,0)+IF(AB24=$AB$8,1,0)+IF(AC24=$AC$8,1,0)+IF(AD24=$AD$8,1,0)+IF(AE24=$AE$8,1,0)+IF(AF24=$AF$8,1,0)+IF(AG24=$AG$8,1,0)+IF(AH24=$AH$8,1,0)+IF(AI24=$AI$8,1,0)+IF(AJ24=$AJ$8,1,0)+IF(AK24=$AK$8,1,0)+IF(AL24=$AL$8,1,0)+IF(AM24=$AM$8,1,0)+IF(AN24=$AN$8,1,0)+IF(AO24=$AO$8,1,0)+IF(AP24=$AP$8,1,0)+IF(AQ24=$AQ$8,1,0))) -> 0 | AS24: =IF(D24="","",VLOOKUP(AR24,'PAT Maths'!$L$3:$M$44,2,FALSE))
AR25: =IF(D25="",0,(IF(G25=$G$8,1,0)+IF(H25=$H$8,1,0)+IF(I25=$I$8,1,0)+IF(J25=$J$8,1,0)+IF(K25=$K$8,1,0)+IF(L25=$L$8,1,0)+IF(M25=$M$8,1,0)+IF(N25=$N$8,1,0)+IF(O25=$O$8,1,0)+IF(P25=$P$8,1,0)+IF(Q25=$Q$8,1,0)+IF(R25=$R$8,1,0)+IF(S25=$S$8,1,0)+IF(T25=$T$8,1,0)+IF(U25=$U$8,1,0)+IF(V25=$V$8,1,0)+IF(W25=$W$8,1,0)+IF(X25=$X$8,1,0)+IF(Y25=$Y$8,1,0)+IF(Z25=$Z$8,1,0)+IF(AA25=$AA$8,1,0)+IF(AB25=$AB$8,1,0)+IF(AC25=$AC$8,1,0)+IF(AD25=$AD$8,1,0)+IF(AE25=$AE$8,1,0)+IF(AF25=$AF$8,1,0)+IF(AG25=$AG$8,1,0)+IF(AH25=$AH$8,1,0)+IF(AI25=$AI$8,1,0)+IF(AJ25=$AJ$8,1,0)+IF(AK25=$AK$8,1,0)+IF(AL25=$AL$8,1,0)+IF(AM25=$AM$8,1,0)+IF(AN25=$AN$8,1,0)+IF(AO25=$AO$8,1,0)+IF(AP25=$AP$8,1,0)+IF(AQ25=$AQ$8,1,0))) -> 0 | AS25: =IF(D25="","",VLOOKUP(AR25,'PAT Maths'!$L$3:$M$44,2,FALSE))
AR26: =IF(D26="",0,(IF(G26=$G$8,1,0)+IF(H26=$H$8,1,0)+IF(I26=$I$8,1,0)+IF(J26=$J$8,1,0)+IF(K26=$K$8,1,0)+IF(L26=$L$8,1,0)+IF(M26=$M$8,1,0)+IF(N26=$N$8,1,0)+IF(O26=$O$8,1,0)+IF(P26=$P$8,1,0)+IF(Q26=$Q$8,1,0)+IF(R26=$R$8,1,0)+IF(S26=$S$8,1,0)+IF(T26=$T$8,1,0)+IF(U26=$U$8,1,0)+IF(V26=$V$8,1,0)+IF(W26=$W$8,1,0)+IF(X26=$X$8,1,0)+IF(Y26=$Y$8,1,0)+IF(Z26=$Z$8,1,0)+IF(AA26=$AA$8,1,0)+IF(AB26=$AB$8,1,0)+IF(AC26=$AC$8,1,0)+IF(AD26=$AD$8,1,0)+IF(AE26=$AE$8,1,0)+IF(AF26=$AF$8,1,0)+IF(AG26=$AG$8,1,0)+IF(AH26=$AH$8,1,0)+IF(AI26=$AI$8,1,0)+IF(AJ26=$AJ$8,1,0)+IF(AK26=$AK$8,1,0)+IF(AL26=$AL$8,1,0)+IF(AM26=$AM$8,1,0)+IF(AN26=$AN$8,1,0)+IF(AO26=$AO$8,1,0)+IF(AP26=$AP$8,1,0)+IF(AQ26=$AQ$8,1,0))) -> 0 | AS26: =IF(D26="","",VLOOKUP(AR26,'PAT Maths'!$L$3:$M$44,2,FALSE))
AR27: =IF(D27="",0,(IF(G27=$G$8,1,0)+IF(H27=$H$8,1,0)+IF(I27=$I$8,1,0)+IF(J27=$J$8,1,0)+IF(K27=$K$8,1,0)+IF(L27=$L$8,1,0)+IF(M27=$M$8,1,0)+IF(N27=$N$8,1,0)+IF(O27=$O$8,1,0)+IF(P27=$P$8,1,0)+IF(Q27=$Q$8,1,0)+IF(R27=$R$8,1,0)+IF(S27=$S$8,1,0)+IF(T27=$T$8,1,0)+IF(U27=$U$8,1,0)+IF(V27=$V$8,1,0)+IF(W27=$W$8,1,0)+IF(X27=$X$8,1,0)+IF(Y27=$Y$8,1,0)+IF(Z27=$Z$8,1,0)+IF(AA27=$AA$8,1,0)+IF(AB27=$AB$8,1,0)+IF(AC27=$AC$8,1,0)+IF(AD27=$AD$8,1,0)+IF(AE27=$AE$8,1,0)+IF(AF27=$AF$8,1,0)+IF(AG27=$AG$8,1,0)+IF(AH27=$AH$8,1,0)+IF(AI27=$AI$8,1,0)+IF(AJ27=$AJ$8,1,0)+IF(AK27=$AK$8,1,0)+IF(AL27=$AL$8,1,0)+IF(AM27=$AM$8,1,0)+IF(AN27=$AN$8,1,0)+IF(AO27=$AO$8,1,0)+IF(AP27=$AP$8,1,0)+IF(AQ27=$AQ$8,1,0))) -> 0 | AS27: =IF(D27="","",VLOOKUP(AR27,'PAT Maths'!$L$3:$M$44,2,FALSE))
AR28: =IF(D28="",0,(IF(G28=$G$8,1,0)+IF(H28=$H$8,1,0)+IF(I28=$I$8,1,0)+IF(J28=$J$8,1,0)+IF(K28=$K$8,1,0)+IF(L28=$L$8,1,0)+IF(M28=$M$8,1,0)+IF(N28=$N$8,1,0)+IF(O28=$O$8,1,0)+IF(P28=$P$8,1,0)+IF(Q28=$Q$8,1,0)+IF(R28=$R$8,1,0)+IF(S28=$S$8,1,0)+IF(T28=$T$8,1,0)+IF(U28=$U$8,1,0)+IF(V28=$V$8,1,0)+IF(W28=$W$8,1,0)+IF(X28=$X$8,1,0)+IF(Y28=$Y$8,1,0)+IF(Z28=$Z$8,1,0)+IF(AA28=$AA$8,1,0)+IF(AB28=$AB$8,1,0)+IF(AC28=$AC$8,1,0)+IF(AD28=$AD$8,1,0)+IF(AE28=$AE$8,1,0)+IF(AF28=$AF$8,1,0)+IF(AG28=$AG$8,1,0)+IF(AH28=$AH$8,1,0)+IF(AI28=$AI$8,1,0)+IF(AJ28=$AJ$8,1,0)+IF(AK28=$AK$8,1,0)+IF(AL28=$AL$8,1,0)+IF(AM28=$AM$8,1,0)+IF(AN28=$AN$8,1,0)+IF(AO28=$AO$8,1,0)+IF(AP28=$AP$8,1,0)+IF(AQ28=$AQ$8,1,0))) -> 0 | AS28: =IF(D28="","",VLOOKUP(AR28,'PAT Maths'!$L$3:$M$44,2,FALSE))
AR29: =IF(D29="",0,(IF(G29=$G$8,1,0)+IF(H29=$H$8,1,0)+IF(I29=$I$8,1,0)+IF(J29=$J$8,1,0)+IF(K29=$K$8,1,0)+IF(L29=$L$8,1,0)+IF(M29=$M$8,1,0)+IF(N29=$N$8,1,0)+IF(O29=$O$8,1,0)+IF(P29=$P$8,1,0)+IF(Q29=$Q$8,1,0)+IF(R29=$R$8,1,0)+IF(S29=$S$8,1,0)+IF(T29=$T$8,1,0)+IF(U29=$U$8,1,0)+IF(V29=$V$8,1,0)+IF(W29=$W$8,1,0)+IF(X29=$X$8,1,0)+IF(Y29=$Y$8,1,0)+IF(Z29=$Z$8,1,0)+IF(AA29=$AA$8,1,0)+IF(AB29=$AB$8,1,0)+IF(AC29=$AC$8,1,0)+IF(AD29=$AD$8,1,0)+IF(AE29=$AE$8,1,0)+IF(AF29=$AF$8,1,0)+IF(AG29=$AG$8,1,0)+IF(AH29=$AH$8,1,0)+IF(AI29=$AI$8,1,0)+IF(AJ29=$AJ$8,1,0)+IF(AK29=$AK$8,1,0)+IF(AL29=$AL$8,1,0)+IF(AM29=$AM$8,1,0)+IF(AN29=$AN$8,1,0)+IF(AO29=$AO$8,1,0)+IF(AP29=$AP$8,1,0)+IF(AQ29=$AQ$8,1,0))) -> 0 | AS29: =IF(D29="","",VLOOKUP(AR29,'PAT Maths'!$L$3:$M$44,2,FALSE))
AR30: =IF(D30="",0,(IF(G30=$G$8,1,0)+IF(H30=$H$8,1,0)+IF(I30=$I$8,1,0)+IF(J30=$J$8,1,0)+IF(K30=$K$8,1,0)+IF(L30=$L$8,1,0)+IF(M30=$M$8,1,0)+IF(N30=$N$8,1,0)+IF(O30=$O$8,1,0)+IF(P30=$P$8,1,0)+IF(Q30=$Q$8,1,0)+IF(R30=$R$8,1,0)+IF(S30=$S$8,1,0)+IF(T30=$T$8,1,0)+IF(U30=$U$8,1,0)+IF(V30=$V$8,1,0)+IF(W30=$W$8,1,0)+IF(X30=$X$8,1,0)+IF(Y30=$Y$8,1,0)+IF(Z30=$Z$8,1,0)+IF(AA30=$AA$8,1,0)+IF(AB30=$AB$8,1,0)+IF(AC30=$AC$8,1,0)+IF(AD30=$AD$8,1,0)+IF(AE30=$AE$8,1,0)+IF(AF30=$AF$8,1,0)+IF(AG30=$AG$8,1,0)+IF(AH30=$AH$8,1,0)+IF(AI30=$AI$8,1,0)+IF(AJ30=$AJ$8,1,0)+IF(AK30=$AK$8,1,0)+IF(AL30=$AL$8,1,0)+IF(AM30=$AM$8,1,0)+IF(AN30=$AN$8,1,0)+IF(AO30=$AO$8,1,0)+IF(AP30=$AP$8,1,0)+IF(AQ30=$AQ$8,1,0))) -> 0 | AS30: =IF(D30="","",VLOOKUP(AR30,'PAT Maths'!$L$3:$M$44,2,FALSE))
AR31: =IF(D31="",0,(IF(G31=$G$8,1,0)+IF(H31=$H$8,1,0)+IF(I31=$I$8,1,0)+IF(J31=$J$8,1,0)+IF(K31=$K$8,1,0)+IF(L31=$L$8,1,0)+IF(M31=$M$8,1,0)+IF(N31=$N$8,1,0)+IF(O31=$O$8,1,0)+IF(P31=$P$8,1,0)+IF(Q31=$Q$8,1,0)+IF(R31=$R$8,1,0)+IF(S31=$S$8,1,0)+IF(T31=$T$8,1,0)+IF(U31=$U$8,1,0)+IF(V31=$V$8,1,0)+IF(W31=$W$8,1,0)+IF(X31=$X$8,1,0)+IF(Y31=$Y$8,1,0)+IF(Z31=$Z$8,1,0)+IF(AA31=$AA$8,1,0)+IF(AB31=$AB$8,1,0)+IF(AC31=$AC$8,1,0)+IF(AD31=$AD$8,1,0)+IF(AE31=$AE$8,1,0)+IF(AF31=$AF$8,1,0)+IF(AG31=$AG$8,1,0)+IF(AH31=$AH$8,1,0)+IF(AI31=$AI$8,1,0)+IF(AJ31=$AJ$8,1,0)+IF(AK31=$AK$8,1,0)+IF(AL31=$AL$8,1,0)+IF(AM31=$AM$8,1,0)+IF(AN31=$AN$8,1,0)+IF(AO31=$AO$8,1,0)+IF(AP31=$AP$8,1,0)+IF(AQ31=$AQ$8,1,0))) -> 0 | AS31: =IF(D31="","",VLOOKUP(AR31,'PAT Maths'!$L$3:$M$44,2,FALSE))
... AR349: =IF(D349="",0,(IF(G349=$G$8,1,0)+IF(H349=$H$8,1,0)+IF(I349=$I$8,1,0)+IF(J349=$J$8,1,0)+IF(K349=$K$8,1,0)+IF(L349=$L$8,1,0)+IF(M349=$M$8,1,0)+IF(N349=$N$8,1,0)+IF(O349=$O$8,1,0)+IF(P349=$P$8,1,0)+IF(Q349=$Q$8,1,0)+IF(R349=$R$8,1,0)+IF(S349=$S$8,1,0)+IF(T349=$T$8,1,0)+IF(U349=$U$8,1,0)+IF(V349=$V$8,1,0)+IF(W349=$W$8,1,0)+IF(X349=$X$8,1,0)+IF(Y349=$Y$8,1,0)+IF(Z349=$Z$8,1,0)+IF(AA349=$AA$8,1,0)+IF(AB349=$AB$8,1,0)+IF(AC349=$AC$8,1,0)+IF(AD349=$AD$8,1,0)+IF(AE349=$AE$8,1,0)+IF(AF349=$AF$8,1,0)+IF(AG349=$AG$8,1,0)+IF(AH349=$AH$8,1,0)+IF(AI349=$AI$8,1,0)+IF(AJ349=$AJ$8,1,0)+IF(AK349=$AK$8,1,0)+IF(AL349=$AL$8,1,0)+IF(AM349=$AM$8,1,0)+IF(AN349=$AN$8,1,0)+IF(AO349=$AO$8,1,0)+IF(AP349=$AP$8,1,0)+IF(AQ349=$AQ$8,1,0))) -> 0 | AS349: =IF(D349="","",VLOOKUP(AR349,'PAT Maths'!$L$3:$M$44,2,FALSE))

Sheet PATM TB4
A1: PAT-Maths - Test Booklet 4
G3: QUESTION No. and ANSWER KEY (Enter the student's response - "A" or "B" or "C" or "D" or "E")
E4: Question Number | G4: 1 | H4: 2 | I4: 3 | J4: 4 | K4: 5 | L4: 6 | M4: 7 | N4: 8 | O4: 9 | P4: 10 | Q4: 11 | R4: 12 | S4: 13 | T4: 14 | U4: 15 | V4: 16 | W4: 17 | X4: 18 | Y4: 19 | Z4: 20 | AA4: 21 | AB4: 22 | AC4: 23 | AD4: 24 | AE4: 25 | AF4: 26 | AG4: 27 | AH4: 28 | AI4: 29 | AJ4: 30 | AK4: 31 | AL4: 32 | AM4: 33 | AN4: 34 | AO4: 35 | AP4: 36 | AQ4: 37 | AR4: 38
E5: Item Difficulty | G5: 32 | H5: 40 | I5: 43 | J5: 44 | K5: 49 | L5: 50 | M5: 52 | N5: 52 | O5: 55 | P5: 56 | Q5: 56 | R5: 64 | S5: 37 | T5: 45 | U5: 47 | V5: 48 | W5: 52 | X5: 61 | Y5: 71 | Z5: 38 | AA5: 39 | AB5: 39 | AC5: 48 | AD5: 52 | AE5: 51 | AF5: 56 | AG5: 40 | AH5: 46 | AI5: 45 | AJ5: 50 | AK5: 59 | AL5: 42 | AM5: 43 | AN5: 49 | AO5: 55 | AP5: 58 | AQ5: 58 | AR5: 62
E6: Skill Assessed | G6: NC | H6: NC | I6: NC | J6: NC | K6: NC | L6: NC | M6: NC | N6: NC | O6: NC | P6: NC | Q6: NC | R6: NC | S6: S | T6: S | U6: S | V6: S | W6: S | X6: S | Y6: S | Z6: M | AA6: M | AB6: M | AC6: M | AD6: M | AE6: M | AF6: M | AG6: CD | AH6: CD | AI6: CD | AJ6: CD | AK6: CD | AL6: N | AM6: N | AN6: N | AO6: N | AP6: N | AQ6: N | AR6: N
A7: required | B7: required | C7: optional | D7: required | E7: required | F7: required
A8: Date (dd/mm/yy) | B8: Yr_Lev | C8: Grp | D8: Surname | E8: First_Name | F8: Student_ID | G8: A | H8: C | I8: B | J8: B | K8: C | L8: C | M8: D | N8: A | O8: D | P8: B | Q8: B | R8: C | S8: A | T8: D | U8: A | V8: D | W8: A | X8: D | Y8: E | Z8: B | AA8: B | AB8: E | AC8: B | AD8: D | AE8: D | AF8: E | AG8: D | AH8: A | AI8: C | AJ8: A | AK8: C | AL8: B | AM8: C | AN8: C | AO8: D | AP8: A | AQ8: C | AR8: C | AS8: Raw Score | AT8: PAT Score
AS9: =IF(D9="",0,(IF(G9=$G$8,1,0)+IF(H9=$H$8,1,0)+IF(I9=$I$8,1,0)+IF(J9=$J$8,1,0)+IF(K9=$K$8,1,0)+IF(L9=$L$8,1,0)+IF(M9=$M$8,1,0)+IF(N9=$N$8,1,0)+IF(O9=$O$8,1,0)+IF(P9=$P$8,1,0)+IF(Q9=$Q$8,1,0)+IF(R9=$R$8,1,0)+IF(S9=$S$8,1,0)+IF(T9=$T$8,1,0)+IF(U9=$U$8,1,0)+IF(V9=$V$8,1,0)+IF(W9=$W$8,1,0)+IF(X9=$X$8,1,0)+IF(Y9=$Y$8,1,0)+IF(Z9=$Z$8,1,0)+IF(AA9=$AA$8,1,0)+IF(AB9=$AB$8,1,0)+IF(AC9=$AC$8,1,0)+IF(AD9=$AD$8,1,0)+IF(AE9=$AE$8,1,0)+IF(AF9=$AF$8,1,0)+IF(AG9=$AG$8,1,0)+IF(AH9=$AH$8,1,0)+IF(AI9=$AI$8,1,0)+IF(AJ9=$AJ$8,1,0)+IF(AK9=$AK$8,1,0)+IF(AL9=$AL$8,1,0)+IF(AM9=$AM$8,1,0)+IF(AN9=$AN$8,1,0)+IF(AO9=$AO$8,1,0)+IF(AP9=$AP$8,1,0)+IF(AQ9=$AQ$8,1,0)+IF(AR9=$AR$8,1,0))) -> 0 | AT9: =IF(D9="","",VLOOKUP(AS9,'PAT Maths'!$N$3:$O$44,2,FALSE))
AS10: =IF(D10="",0,(IF(G10=$G$8,1,0)+IF(H10=$H$8,1,0)+IF(I10=$I$8,1,0)+IF(J10=$J$8,1,0)+IF(K10=$K$8,1,0)+IF(L10=$L$8,1,0)+IF(M10=$M$8,1,0)+IF(N10=$N$8,1,0)+IF(O10=$O$8,1,0)+IF(P10=$P$8,1,0)+IF(Q10=$Q$8,1,0)+IF(R10=$R$8,1,0)+IF(S10=$S$8,1,0)+IF(T10=$T$8,1,0)+IF(U10=$U$8,1,0)+IF(V10=$V$8,1,0)+IF(W10=$W$8,1,0)+IF(X10=$X$8,1,0)+IF(Y10=$Y$8,1,0)+IF(Z10=$Z$8,1,0)+IF(AA10=$AA$8,1,0)+IF(AB10=$AB$8,1,0)+IF(AC10=$AC$8,1,0)+IF(AD10=$AD$8,1,0)+IF(AE10=$AE$8,1,0)+IF(AF10=$AF$8,1,0)+IF(AG10=$AG$8,1,0)+IF(AH10=$AH$8,1,0)+IF(AI10=$AI$8,1,0)+IF(AJ10=$AJ$8,1,0)+IF(AK10=$AK$8,1,0)+IF(AL10=$AL$8,1,0)+IF(AM10=$AM$8,1,0)+IF(AN10=$AN$8,1,0)+IF(AO10=$AO$8,1,0)+IF(AP10=$AP$8,1,0)+IF(AQ10=$AQ$8,1,0)+IF(AR10=$AR$8,1,0))) -> 0 | AT10: =IF(D10="","",VLOOKUP(AS10,'PAT Maths'!$N$3:$O$44,2,FALSE))
AS11: =IF(D11="",0,(IF(G11=$G$8,1,0)+IF(H11=$H$8,1,0)+IF(I11=$I$8,1,0)+IF(J11=$J$8,1,0)+IF(K11=$K$8,1,0)+IF(L11=$L$8,1,0)+IF(M11=$M$8,1,0)+IF(N11=$N$8,1,0)+IF(O11=$O$8,1,0)+IF(P11=$P$8,1,0)+IF(Q11=$Q$8,1,0)+IF(R11=$R$8,1,0)+IF(S11=$S$8,1,0)+IF(T11=$T$8,1,0)+IF(U11=$U$8,1,0)+IF(V11=$V$8,1,0)+IF(W11=$W$8,1,0)+IF(X11=$X$8,1,0)+IF(Y11=$Y$8,1,0)+IF(Z11=$Z$8,1,0)+IF(AA11=$AA$8,1,0)+IF(AB11=$AB$8,1,0)+IF(AC11=$AC$8,1,0)+IF(AD11=$AD$8,1,0)+IF(AE11=$AE$8,1,0)+IF(AF11=$AF$8,1,0)+IF(AG11=$AG$8,1,0)+IF(AH11=$AH$8,1,0)+IF(AI11=$AI$8,1,0)+IF(AJ11=$AJ$8,1,0)+IF(AK11=$AK$8,1,0)+IF(AL11=$AL$8,1,0)+IF(AM11=$AM$8,1,0)+IF(AN11=$AN$8,1,0)+IF(AO11=$AO$8,1,0)+IF(AP11=$AP$8,1,0)+IF(AQ11=$AQ$8,1,0)+IF(AR11=$AR$8,1,0))) -> 0 | AT11: =IF(D11="","",VLOOKUP(AS11,'PAT Maths'!$N$3:$O$44,2,FALSE))
AS12: =IF(D12="",0,(IF(G12=$G$8,1,0)+IF(H12=$H$8,1,0)+IF(I12=$I$8,1,0)+IF(J12=$J$8,1,0)+IF(K12=$K$8,1,0)+IF(L12=$L$8,1,0)+IF(M12=$M$8,1,0)+IF(N12=$N$8,1,0)+IF(O12=$O$8,1,0)+IF(P12=$P$8,1,0)+IF(Q12=$Q$8,1,0)+IF(R12=$R$8,1,0)+IF(S12=$S$8,1,0)+IF(T12=$T$8,1,0)+IF(U12=$U$8,1,0)+IF(V12=$V$8,1,0)+IF(W12=$W$8,1,0)+IF(X12=$X$8,1,0)+IF(Y12=$Y$8,1,0)+IF(Z12=$Z$8,1,0)+IF(AA12=$AA$8,1,0)+IF(AB12=$AB$8,1,0)+IF(AC12=$AC$8,1,0)+IF(AD12=$AD$8,1,0)+IF(AE12=$AE$8,1,0)+IF(AF12=$AF$8,1,0)+IF(AG12=$AG$8,1,0)+IF(AH12=$AH$8,1,0)+IF(AI12=$AI$8,1,0)+IF(AJ12=$AJ$8,1,0)+IF(AK12=$AK$8,1,0)+IF(AL12=$AL$8,1,0)+IF(AM12=$AM$8,1,0)+IF(AN12=$AN$8,1,0)+IF(AO12=$AO$8,1,0)+IF(AP12=$AP$8,1,0)+IF(AQ12=$AQ$8,1,0)+IF(AR12=$AR$8,1,0))) -> 0 | AT12: =IF(D12="","",VLOOKUP(AS12,'PAT Maths'!$N$3:$O$44,2,FALSE))
AS13: =IF(D13="",0,(IF(G13=$G$8,1,0)+IF(H13=$H$8,1,0)+IF(I13=$I$8,1,0)+IF(J13=$J$8,1,0)+IF(K13=$K$8,1,0)+IF(L13=$L$8,1,0)+IF(M13=$M$8,1,0)+IF(N13=$N$8,1,0)+IF(O13=$O$8,1,0)+IF(P13=$P$8,1,0)+IF(Q13=$Q$8,1,0)+IF(R13=$R$8,1,0)+IF(S13=$S$8,1,0)+IF(T13=$T$8,1,0)+IF(U13=$U$8,1,0)+IF(V13=$V$8,1,0)+IF(W13=$W$8,1,0)+IF(X13=$X$8,1,0)+IF(Y13=$Y$8,1,0)+IF(Z13=$Z$8,1,0)+IF(AA13=$AA$8,1,0)+IF(AB13=$AB$8,1,0)+IF(AC13=$AC$8,1,0)+IF(AD13=$AD$8,1,0)+IF(AE13=$AE$8,1,0)+IF(AF13=$AF$8,1,0)+IF(AG13=$AG$8,1,0)+IF(AH13=$AH$8,1,0)+IF(AI13=$AI$8,1,0)+IF(AJ13=$AJ$8,1,0)+IF(AK13=$AK$8,1,0)+IF(AL13=$AL$8,1,0)+IF(AM13=$AM$8,1,0)+IF(AN13=$AN$8,1,0)+IF(AO13=$AO$8,1,0)+IF(AP13=$AP$8,1,0)+IF(AQ13=$AQ$8,1,0)+IF(AR13=$AR$8,1,0))) -> 0 | AT13: =IF(D13="","",VLOOKUP(AS13,'PAT Maths'!$N$3:$O$44,2,FALSE))
AS14: =IF(D14="",0,(IF(G14=$G$8,1,0)+IF(H14=$H$8,1,0)+IF(I14=$I$8,1,0)+IF(J14=$J$8,1,0)+IF(K14=$K$8,1,0)+IF(L14=$L$8,1,0)+IF(M14=$M$8,1,0)+IF(N14=$N$8,1,0)+IF(O14=$O$8,1,0)+IF(P14=$P$8,1,0)+IF(Q14=$Q$8,1,0)+IF(R14=$R$8,1,0)+IF(S14=$S$8,1,0)+IF(T14=$T$8,1,0)+IF(U14=$U$8,1,0)+IF(V14=$V$8,1,0)+IF(W14=$W$8,1,0)+IF(X14=$X$8,1,0)+IF(Y14=$Y$8,1,0)+IF(Z14=$Z$8,1,0)+IF(AA14=$AA$8,1,0)+IF(AB14=$AB$8,1,0)+IF(AC14=$AC$8,1,0)+IF(AD14=$AD$8,1,0)+IF(AE14=$AE$8,1,0)+IF(AF14=$AF$8,1,0)+IF(AG14=$AG$8,1,0)+IF(AH14=$AH$8,1,0)+IF(AI14=$AI$8,1,0)+IF(AJ14=$AJ$8,1,0)+IF(AK14=$AK$8,1,0)+IF(AL14=$AL$8,1,0)+IF(AM14=$AM$8,1,0)+IF(AN14=$AN$8,1,0)+IF(AO14=$AO$8,1,0)+IF(AP14=$AP$8,1,0)+IF(AQ14=$AQ$8,1,0)+IF(AR14=$AR$8,1,0))) -> 0 | AT14: =IF(D14="","",VLOOKUP(AS14,'PAT Maths'!$N$3:$O$44,2,FALSE))
AS15: =IF(D15="",0,(IF(G15=$G$8,1,0)+IF(H15=$H$8,1,0)+IF(I15=$I$8,1,0)+IF(J15=$J$8,1,0)+IF(K15=$K$8,1,0)+IF(L15=$L$8,1,0)+IF(M15=$M$8,1,0)+IF(N15=$N$8,1,0)+IF(O15=$O$8,1,0)+IF(P15=$P$8,1,0)+IF(Q15=$Q$8,1,0)+IF(R15=$R$8,1,0)+IF(S15=$S$8,1,0)+IF(T15=$T$8,1,0)+IF(U15=$U$8,1,0)+IF(V15=$V$8,1,0)+IF(W15=$W$8,1,0)+IF(X15=$X$8,1,0)+IF(Y15=$Y$8,1,0)+IF(Z15=$Z$8,1,0)+IF(AA15=$AA$8,1,0)+IF(AB15=$AB$8,1,0)+IF(AC15=$AC$8,1,0)+IF(AD15=$AD$8,1,0)+IF(AE15=$AE$8,1,0)+IF(AF15=$AF$8,1,0)+IF(AG15=$AG$8,1,0)+IF(AH15=$AH$8,1,0)+IF(AI15=$AI$8,1,0)+IF(AJ15=$AJ$8,1,0)+IF(AK15=$AK$8,1,0)+IF(AL15=$AL$8,1,0)+IF(AM15=$AM$8,1,0)+IF(AN15=$AN$8,1,0)+IF(AO15=$AO$8,1,0)+IF(AP15=$AP$8,1,0)+IF(AQ15=$AQ$8,1,0)+IF(AR15=$AR$8,1,0))) -> 0 | AT15: =IF(D15="","",VLOOKUP(AS15,'PAT Maths'!$N$3:$O$44,2,FALSE))
AS16: =IF(D16="",0,(IF(G16=$G$8,1,0)+IF(H16=$H$8,1,0)+IF(I16=$I$8,1,0)+IF(J16=$J$8,1,0)+IF(K16=$K$8,1,0)+IF(L16=$L$8,1,0)+IF(M16=$M$8,1,0)+IF(N16=$N$8,1,0)+IF(O16=$O$8,1,0)+IF(P16=$P$8,1,0)+IF(Q16=$Q$8,1,0)+IF(R16=$R$8,1,0)+IF(S16=$S$8,1,0)+IF(T16=$T$8,1,0)+IF(U16=$U$8,1,0)+IF(V16=$V$8,1,0)+IF(W16=$W$8,1,0)+IF(X16=$X$8,1,0)+IF(Y16=$Y$8,1,0)+IF(Z16=$Z$8,1,0)+IF(AA16=$AA$8,1,0)+IF(AB16=$AB$8,1,0)+IF(AC16=$AC$8,1,0)+IF(AD16=$AD$8,1,0)+IF(AE16=$AE$8,1,0)+IF(AF16=$AF$8,1,0)+IF(AG16=$AG$8,1,0)+IF(AH16=$AH$8,1,0)+IF(AI16=$AI$8,1,0)+IF(AJ16=$AJ$8,1,0)+IF(AK16=$AK$8,1,0)+IF(AL16=$AL$8,1,0)+IF(AM16=$AM$8,1,0)+IF(AN16=$AN$8,1,0)+IF(AO16=$AO$8,1,0)+IF(AP16=$AP$8,1,0)+IF(AQ16=$AQ$8,1,0)+IF(AR16=$AR$8,1,0))) -> 0 | AT16: =IF(D16="","",VLOOKUP(AS16,'PAT Maths'!$N$3:$O$44,2,FALSE))
AS17: =IF(D17="",0,(IF(G17=$G$8,1,0)+IF(H17=$H$8,1,0)+IF(I17=$I$8,1,0)+IF(J17=$J$8,1,0)+IF(K17=$K$8,1,0)+IF(L17=$L$8,1,0)+IF(M17=$M$8,1,0)+IF(N17=$N$8,1,0)+IF(O17=$O$8,1,0)+IF(P17=$P$8,1,0)+IF(Q17=$Q$8,1,0)+IF(R17=$R$8,1,0)+IF(S17=$S$8,1,0)+IF(T17=$T$8,1,0)+IF(U17=$U$8,1,0)+IF(V17=$V$8,1,0)+IF(W17=$W$8,1,0)+IF(X17=$X$8,1,0)+IF(Y17=$Y$8,1,0)+IF(Z17=$Z$8,1,0)+IF(AA17=$AA$8,1,0)+IF(AB17=$AB$8,1,0)+IF(AC17=$AC$8,1,0)+IF(AD17=$AD$8,1,0)+IF(AE17=$AE$8,1,0)+IF(AF17=$AF$8,1,0)+IF(AG17=$AG$8,1,0)+IF(AH17=$AH$8,1,0)+IF(AI17=$AI$8,1,0)+IF(AJ17=$AJ$8,1,0)+IF(AK17=$AK$8,1,0)+IF(AL17=$AL$8,1,0)+IF(AM17=$AM$8,1,0)+IF(AN17=$AN$8,1,0)+IF(AO17=$AO$8,1,0)+IF(AP17=$AP$8,1,0)+IF(AQ17=$AQ$8,1,0)+IF(AR17=$AR$8,1,0))) -> 0 | AT17: =IF(D17="","",VLOOKUP(AS17,'PAT Maths'!$N$3:$O$44,2,FALSE))
AS18: =IF(D18="",0,(IF(G18=$G$8,1,0)+IF(H18=$H$8,1,0)+IF(I18=$I$8,1,0)+IF(J18=$J$8,1,0)+IF(K18=$K$8,1,0)+IF(L18=$L$8,1,0)+IF(M18=$M$8,1,0)+IF(N18=$N$8,1,0)+IF(O18=$O$8,1,0)+IF(P18=$P$8,1,0)+IF(Q18=$Q$8,1,0)+IF(R18=$R$8,1,0)+IF(S18=$S$8,1,0)+IF(T18=$T$8,1,0)+IF(U18=$U$8,1,0)+IF(V18=$V$8,1,0)+IF(W18=$W$8,1,0)+IF(X18=$X$8,1,0)+IF(Y18=$Y$8,1,0)+IF(Z18=$Z$8,1,0)+IF(AA18=$AA$8,1,0)+IF(AB18=$AB$8,1,0)+IF(AC18=$AC$8,1,0)+IF(AD18=$AD$8,1,0)+IF(AE18=$AE$8,1,0)+IF(AF18=$AF$8,1,0)+IF(AG18=$AG$8,1,0)+IF(AH18=$AH$8,1,0)+IF(AI18=$AI$8,1,0)+IF(AJ18=$AJ$8,1,0)+IF(AK18=$AK$8,1,0)+IF(AL18=$AL$8,1,0)+IF(AM18=$AM$8,1,0)+IF(AN18=$AN$8,1,0)+IF(AO18=$AO$8,1,0)+IF(AP18=$AP$8,1,0)+IF(AQ18=$AQ$8,1,0)+IF(AR18=$AR$8,1,0))) -> 0 | AT18: =IF(D18="","",VLOOKUP(AS18,'PAT Maths'!$N$3:$O$44,2,FALSE))
AS19: =IF(D19="",0,(IF(G19=$G$8,1,0)+IF(H19=$H$8,1,0)+IF(I19=$I$8,1,0)+IF(J19=$J$8,1,0)+IF(K19=$K$8,1,0)+IF(L19=$L$8,1,0)+IF(M19=$M$8,1,0)+IF(N19=$N$8,1,0)+IF(O19=$O$8,1,0)+IF(P19=$P$8,1,0)+IF(Q19=$Q$8,1,0)+IF(R19=$R$8,1,0)+IF(S19=$S$8,1,0)+IF(T19=$T$8,1,0)+IF(U19=$U$8,1,0)+IF(V19=$V$8,1,0)+IF(W19=$W$8,1,0)+IF(X19=$X$8,1,0)+IF(Y19=$Y$8,1,0)+IF(Z19=$Z$8,1,0)+IF(AA19=$AA$8,1,0)+IF(AB19=$AB$8,1,0)+IF(AC19=$AC$8,1,0)+IF(AD19=$AD$8,1,0)+IF(AE19=$AE$8,1,0)+IF(AF19=$AF$8,1,0)+IF(AG19=$AG$8,1,0)+IF(AH19=$AH$8,1,0)+IF(AI19=$AI$8,1,0)+IF(AJ19=$AJ$8,1,0)+IF(AK19=$AK$8,1,0)+IF(AL19=$AL$8,1,0)+IF(AM19=$AM$8,1,0)+IF(AN19=$AN$8,1,0)+IF(AO19=$AO$8,1,0)+IF(AP19=$AP$8,1,0)+IF(AQ19=$AQ$8,1,0)+IF(AR19=$AR$8,1,0))) -> 0 | AT19: =IF(D19="","",VLOOKUP(AS19,'PAT Maths'!$N$3:$O$44,2,FALSE))
AS20: =IF(D20="",0,(IF(G20=$G$8,1,0)+IF(H20=$H$8,1,0)+IF(I20=$I$8,1,0)+IF(J20=$J$8,1,0)+IF(K20=$K$8,1,0)+IF(L20=$L$8,1,0)+IF(M20=$M$8,1,0)+IF(N20=$N$8,1,0)+IF(O20=$O$8,1,0)+IF(P20=$P$8,1,0)+IF(Q20=$Q$8,1,0)+IF(R20=$R$8,1,0)+IF(S20=$S$8,1,0)+IF(T20=$T$8,1,0)+IF(U20=$U$8,1,0)+IF(V20=$V$8,1,0)+IF(W20=$W$8,1,0)+IF(X20=$X$8,1,0)+IF(Y20=$Y$8,1,0)+IF(Z20=$Z$8,1,0)+IF(AA20=$AA$8,1,0)+IF(AB20=$AB$8,1,0)+IF(AC20=$AC$8,1,0)+IF(AD20=$AD$8,1,0)+IF(AE20=$AE$8,1,0)+IF(AF20=$AF$8,1,0)+IF(AG20=$AG$8,1,0)+IF(AH20=$AH$8,1,0)+IF(AI20=$AI$8,1,0)+IF(AJ20=$AJ$8,1,0)+IF(AK20=$AK$8,1,0)+IF(AL20=$AL$8,1,0)+IF(AM20=$AM$8,1,0)+IF(AN20=$AN$8,1,0)+IF(AO20=$AO$8,1,0)+IF(AP20=$AP$8,1,0)+IF(AQ20=$AQ$8,1,0)+IF(AR20=$AR$8,1,0))) -> 0 | AT20: =IF(D20="","",VLOOKUP(AS20,'PAT Maths'!$N$3:$O$44,2,FALSE))
... AS401: =IF(D401="",0,(IF(G401=$G$8,1,0)+IF(H401=$H$8,1,0)+IF(I401=$I$8,1,0)+IF(J401=$J$8,1,0)+IF(K401=$K$8,1,0)+IF(L401=$L$8,1,0)+IF(M401=$M$8,1,0)+IF(N401=$N$8,1,0)+IF(O401=$O$8,1,0)+IF(P401=$P$8,1,0)+IF(Q401=$Q$8,1,0)+IF(R401=$R$8,1,0)+IF(S401=$S$8,1,0)+IF(T401=$T$8,1,0)+IF(U401=$U$8,1,0)+IF(V401=$V$8,1,0)+IF(W401=$W$8,1,0)+IF(X401=$X$8,1,0)+IF(Y401=$Y$8,1,0)+IF(Z401=$Z$8,1,0)+IF(AA401=$AA$8,1,0)+IF(AB401=$AB$8,1,0)+IF(AC401=$AC$8,1,0)+IF(AD401=$AD$8,1,0)+IF(AE401=$AE$8,1,0)+IF(AF401=$AF$8,1,0)+IF(AG401=$AG$8,1,0)+IF(AH401=$AH$8,1,0)+IF(AI401=$AI$8,1,0)+IF(AJ401=$AJ$8,1,0)+IF(AK401=$AK$8,1,0)+IF(AL401=$AL$8,1,0)+IF(AM401=$AM$8,1,0)+IF(AN401=$AN$8,1,0)+IF(AO401=$AO$8,1,0)+IF(AP401=$AP$8,1,0)+IF(AQ401=$AQ$8,1,0)+IF(AR401=$AR$8,1,0))) -> 0 | AT401: =IF(D401="","",VLOOKUP(AS401,'PAT Maths'!$N$3:$O$44,2,FALSE))

Sheet PATM TB5
A1: PAT-Maths - Test Booklet 5
G3: QUESTION No. and ANSWER KEY (Enter the student's response - "A" or "B" or "C" or "D" or "E")
E4: Question Number | G4: 1 | H4: 2 | I4: 3 | J4: 4 | K4: 5 | L4: 6 | M4: 7 | N4: 8 | O4: 9 | P4: 10 | Q4: 11 | R4: 12 | S4: 13 | T4: 14 | U4: 15 | V4: 16 | W4: 17 | X4: 18 | Y4: 19 | Z4: 20 | AA4: 21 | AB4: 22 | AC4: 23 | AD4: 24 | AE4: 25 | AF4: 26 | AG4: 27 | AH4: 28 | AI4: 29 | AJ4: 30 | AK4: 31 | AL4: 32 | AM4: 33 | AN4: 34 | AO4: 35 | AP4: 36 | AQ4: 37 | AR4: 38 | AS4: 39
E5: Item Difficulty | G5: 49 | H5: 51 | I5: 51 | J5: 52 | K5: 53 | L5: 55 | M5: 56 | N5: 56 | O5: 60 | P5: 69 | Q5: 72 | R5: 70 | S5: 41 | T5: 53 | U5: 41 | V5: 46 | W5: 60 | X5: 61 | Y5: 59 | Z5: 45 | AA5: 51 | AB5: 52 | AC5: 56 | AD5: 58 | AE5: 59 | AF5: 62 | AG5: 41 | AH5: 60 | AI5: 53 | AJ5: 48 | AK5: 52 | AL5: 59 | AM5: 49 | AN5: 51 | AO5: 54 | AP5: 55 | AQ5: 55 | AR5: 57 | AS5: 69
E6: Skill Assessed | G6: NC | H6: NC | I6: NC | J6: NC | K6: NC | L6: NC | M6: NC | N6: NC | O6: NC | P6: NC | Q6: NC | R6: NC | S6: S | T6: S | U6: S | V6: S | W6: S | X6: S | Y6: S | Z6: M | AA6: M | AB6: M | AC6: M | AD6: M | AE6: M | AF6: M | AG6: CD | AH6: CD | AI6: CD | AJ6: CD | AK6: CD | AL6: CD | AM6: N | AN6: N | AO6: N | AP6: N | AQ6: N | AR6: N | AS6: N
A7: required | B7: required | C7: optional | D7: required | E7: required | F7: required
A8: Date (dd/mm/yy) | B8: Yr_Lev | C8: Grp | D8: Surname | E8: First_Name | F8: Student_ID | G8: B | H8: B | I8: B | J8: C | K8: D | L8: A | M8: C | N8: B | O8: A | P8: C | Q8: A | R8: A | S8: D | T8: E | U8: A | V8: E | W8: A | X8: D | Y8: A | Z8: E | AA8: D | AB8: B | AC8: C | AD8: D | AE8: B | AF8: B | AG8: B | AH8: A | AI8: D | AJ8: C | AK8: C | AL8: C | AM8: B | AN8: E | AO8: C | AP8: D | AQ8: D | AR8: B | AS8: E | AT8: Raw Score | AU8: PAT Score
A9: 45356 | B9: 3 | C9: 3A | D9: Lname1 | E9: Fname1 | F9: XXXXX1 | AT9: =IF(D9="",0,(IF(G9=$G$8,1,0)+IF(H9=$H$8,1,0)+IF(I9=$I$8,1,0)+IF(J9=$J$8,1,0)+IF(K9=$K$8,1,0)+IF(L9=$L$8,1,0)+IF(M9=$M$8,1,0)+IF(N9=$N$8,1,0)+IF(O9=$O$8,1,0)+IF(P9=$P$8,1,0)+IF(Q9=$Q$8,1,0)+IF(R9=$R$8,1,0)+IF(S9=$S$8,1,0)+IF(T9=$T$8,1,0)+IF(U9=$U$8,1,0)+IF(V9=$V$8,1,0)+IF(W9=$W$8,1,0)+IF(X9=$X$8,1,0)+IF(Y9=$Y$8,1,0)+IF(Z9=$Z$8,1,0)+IF(AA9=$AA$8,1,0)+IF(AB9=$AB$8,1,0)+IF(AC9=$AC$8,1,0)+IF(AD9=$AD$8,1,0)+IF(AE9=$AE$8,1,0)+IF(AF9=$AF$8,1,0)+IF(AG9=$AG$8,1,0)+IF(AH9=$AH$8,1,0)+IF(AI9=$AI$8,1,0)+IF(AJ9=$AJ$8,1,0)+IF(AK9=$AK$8,1,0)+IF(AL9=$AL$8,1,0)+IF(AM9=$AM$8,1,0)+IF(AN9=$AN$8,1,0)+IF(AO9=$AO$8,1,0)+IF(AP9=$AP$8,1,0)+IF(AQ9=$AQ$8,1,0)+IF(AR9=$AR$8,1,0)+IF(AS9=$AS$8,1,0))) -> 0 | AU9: =IF(D9="","",VLOOKUP(AT9,'PAT Maths'!$P$3:$Q$44,2,FALSE)) -> 6
A10: 45356 | B10: 3 | C10: 3A | D10: Lname2 | E10: Fname2 | F10: XXXXX2 | AT10: =IF(D10="",0,(IF(G10=$G$8,1,0)+IF(H10=$H$8,1,0)+IF(I10=$I$8,1,0)+IF(J10=$J$8,1,0)+IF(K10=$K$8,1,0)+IF(L10=$L$8,1,0)+IF(M10=$M$8,1,0)+IF(N10=$N$8,1,0)+IF(O10=$O$8,1,0)+IF(P10=$P$8,1,0)+IF(Q10=$Q$8,1,0)+IF(R10=$R$8,1,0)+IF(S10=$S$8,1,0)+IF(T10=$T$8,1,0)+IF(U10=$U$8,1,0)+IF(V10=$V$8,1,0)+IF(W10=$W$8,1,0)+IF(X10=$X$8,1,0)+IF(Y10=$Y$8,1,0)+IF(Z10=$Z$8,1,0)+IF(AA10=$AA$8,1,0)+IF(AB10=$AB$8,1,0)+IF(AC10=$AC$8,1,0)+IF(AD10=$AD$8,1,0)+IF(AE10=$AE$8,1,0)+IF(AF10=$AF$8,1,0)+IF(AG10=$AG$8,1,0)+IF(AH10=$AH$8,1,0)+IF(AI10=$AI$8,1,0)+IF(AJ10=$AJ$8,1,0)+IF(AK10=$AK$8,1,0)+IF(AL10=$AL$8,1,0)+IF(AM10=$AM$8,1,0)+IF(AN10=$AN$8,1,0)+IF(AO10=$AO$8,1,0)+IF(AP10=$AP$8,1,0)+IF(AQ10=$AQ$8,1,0)+IF(AR10=$AR$8,1,0)+IF(AS10=$AS$8,1,0))) -> 0 | AU10: =IF(D10="","",VLOOKUP(AT10,'PAT Maths'!$P$3:$Q$44,2,FALSE)) -> 6
A11: 45356 | B11: 3 | C11: 3A | D11: Lname3 | E11: Fname3 | F11: XXXXX3 | AT11: =IF(D11="",0,(IF(G11=$G$8,1,0)+IF(H11=$H$8,1,0)+IF(I11=$I$8,1,0)+IF(J11=$J$8,1,0)+IF(K11=$K$8,1,0)+IF(L11=$L$8,1,0)+IF(M11=$M$8,1,0)+IF(N11=$N$8,1,0)+IF(O11=$O$8,1,0)+IF(P11=$P$8,1,0)+IF(Q11=$Q$8,1,0)+IF(R11=$R$8,1,0)+IF(S11=$S$8,1,0)+IF(T11=$T$8,1,0)+IF(U11=$U$8,1,0)+IF(V11=$V$8,1,0)+IF(W11=$W$8,1,0)+IF(X11=$X$8,1,0)+IF(Y11=$Y$8,1,0)+IF(Z11=$Z$8,1,0)+IF(AA11=$AA$8,1,0)+IF(AB11=$AB$8,1,0)+IF(AC11=$AC$8,1,0)+IF(AD11=$AD$8,1,0)+IF(AE11=$AE$8,1,0)+IF(AF11=$AF$8,1,0)+IF(AG11=$AG$8,1,0)+IF(AH11=$AH$8,1,0)+IF(AI11=$AI$8,1,0)+IF(AJ11=$AJ$8,1,0)+IF(AK11=$AK$8,1,0)+IF(AL11=$AL$8,1,0)+IF(AM11=$AM$8,1,0)+IF(AN11=$AN$8,1,0)+IF(AO11=$AO$8,1,0)+IF(AP11=$AP$8,1,0)+IF(AQ11=$AQ$8,1,0)+IF(AR11=$AR$8,1,0)+IF(AS11=$AS$8,1,0))) -> 0 | AU11: =IF(D11="","",VLOOKUP(AT11,'PAT Maths'!$P$3:$Q$44,2,FALSE)) -> 6
A12: 45356 | B12: 3 | C12: 3A | D12: Lname4 | E12: Fname4 | F12: XXXXX4 | AT12: =IF(D12="",0,(IF(G12=$G$8,1,0)+IF(H12=$H$8,1,0)+IF(I12=$I$8,1,0)+IF(J12=$J$8,1,0)+IF(K12=$K$8,1,0)+IF(L12=$L$8,1,0)+IF(M12=$M$8,1,0)+IF(N12=$N$8,1,0)+IF(O12=$O$8,1,0)+IF(P12=$P$8,1,0)+IF(Q12=$Q$8,1,0)+IF(R12=$R$8,1,0)+IF(S12=$S$8,1,0)+IF(T12=$T$8,1,0)+IF(U12=$U$8,1,0)+IF(V12=$V$8,1,0)+IF(W12=$W$8,1,0)+IF(X12=$X$8,1,0)+IF(Y12=$Y$8,1,0)+IF(Z12=$Z$8,1,0)+IF(AA12=$AA$8,1,0)+IF(AB12=$AB$8,1,0)+IF(AC12=$AC$8,1,0)+IF(AD12=$AD$8,1,0)+IF(AE12=$AE$8,1,0)+IF(AF12=$AF$8,1,0)+IF(AG12=$AG$8,1,0)+IF(AH12=$AH$8,1,0)+IF(AI12=$AI$8,1,0)+IF(AJ12=$AJ$8,1,0)+IF(AK12=$AK$8,1,0)+IF(AL12=$AL$8,1,0)+IF(AM12=$AM$8,1,0)+IF(AN12=$AN$8,1,0)+IF(AO12=$AO$8,1,0)+IF(AP12=$AP$8,1,0)+IF(AQ12=$AQ$8,1,0)+IF(AR12=$AR$8,1,0)+IF(AS12=$AS$8,1,0))) -> 0 | AU12: =IF(D12="","",VLOOKUP(AT12,'PAT Maths'!$P$3:$Q$44,2,FALSE)) -> 6
A13: 45356 | B13: 3 | C13: 3B | D13: ULname13 | E13: UFname13 | F13: UNLISTED | AT13: =IF(D13="",0,(IF(G13=$G$8,1,0)+IF(H13=$H$8,1,0)+IF(I13=$I$8,1,0)+IF(J13=$J$8,1,0)+IF(K13=$K$8,1,0)+IF(L13=$L$8,1,0)+IF(M13=$M$8,1,0)+IF(N13=$N$8,1,0)+IF(O13=$O$8,1,0)+IF(P13=$P$8,1,0)+IF(Q13=$Q$8,1,0)+IF(R13=$R$8,1,0)+IF(S13=$S$8,1,0)+IF(T13=$T$8,1,0)+IF(U13=$U$8,1,0)+IF(V13=$V$8,1,0)+IF(W13=$W$8,1,0)+IF(X13=$X$8,1,0)+IF(Y13=$Y$8,1,0)+IF(Z13=$Z$8,1,0)+IF(AA13=$AA$8,1,0)+IF(AB13=$AB$8,1,0)+IF(AC13=$AC$8,1,0)+IF(AD13=$AD$8,1,0)+IF(AE13=$AE$8,1,0)+IF(AF13=$AF$8,1,0)+IF(AG13=$AG$8,1,0)+IF(AH13=$AH$8,1,0)+IF(AI13=$AI$8,1,0)+IF(AJ13=$AJ$8,1,0)+IF(AK13=$AK$8,1,0)+IF(AL13=$AL$8,1,0)+IF(AM13=$AM$8,1,0)+IF(AN13=$AN$8,1,0)+IF(AO13=$AO$8,1,0)+IF(AP13=$AP$8,1,0)+IF(AQ13=$AQ$8,1,0)+IF(AR13=$AR$8,1,0)+IF(AS13=$AS$8,1,0))) -> 0 | AU13: =IF(D13="","",VLOOKUP(AT13,'PAT Maths'!$P$3:$Q$44,2,FALSE)) -> 6
A14: 45356 | B14: 3 | C14: 3A | D14: Lname5 | E14: Fname5 | F14: XXXXX5 | AT14: =IF(D14="",0,(IF(G14=$G$8,1,0)+IF(H14=$H$8,1,0)+IF(I14=$I$8,1,0)+IF(J14=$J$8,1,0)+IF(K14=$K$8,1,0)+IF(L14=$L$8,1,0)+IF(M14=$M$8,1,0)+IF(N14=$N$8,1,0)+IF(O14=$O$8,1,0)+IF(P14=$P$8,1,0)+IF(Q14=$Q$8,1,0)+IF(R14=$R$8,1,0)+IF(S14=$S$8,1,0)+IF(T14=$T$8,1,0)+IF(U14=$U$8,1,0)+IF(V14=$V$8,1,0)+IF(W14=$W$8,1,0)+IF(X14=$X$8,1,0)+IF(Y14=$Y$8,1,0)+IF(Z14=$Z$8,1,0)+IF(AA14=$AA$8,1,0)+IF(AB14=$AB$8,1,0)+IF(AC14=$AC$8,1,0)+IF(AD14=$AD$8,1,0)+IF(AE14=$AE$8,1,0)+IF(AF14=$AF$8,1,0)+IF(AG14=$AG$8,1,0)+IF(AH14=$AH$8,1,0)+IF(AI14=$AI$8,1,0)+IF(AJ14=$AJ$8,1,0)+IF(AK14=$AK$8,1,0)+IF(AL14=$AL$8,1,0)+IF(AM14=$AM$8,1,0)+IF(AN14=$AN$8,1,0)+IF(AO14=$AO$8,1,0)+IF(AP14=$AP$8,1,0)+IF(AQ14=$AQ$8,1,0)+IF(AR14=$AR$8,1,0)+IF(AS14=$AS$8,1,0))) -> 0 | AU14: =IF(D14="","",VLOOKUP(AT14,'PAT Maths'!$P$3:$Q$44,2,FALSE)) -> 6
A15: 45356 | B15: 3 | C15: 3B | D15: Lname6 | E15: Fname6 | F15: XXXXX6 | AT15: =IF(D15="",0,(IF(G15=$G$8,1,0)+IF(H15=$H$8,1,0)+IF(I15=$I$8,1,0)+IF(J15=$J$8,1,0)+IF(K15=$K$8,1,0)+IF(L15=$L$8,1,0)+IF(M15=$M$8,1,0)+IF(N15=$N$8,1,0)+IF(O15=$O$8,1,0)+IF(P15=$P$8,1,0)+IF(Q15=$Q$8,1,0)+IF(R15=$R$8,1,0)+IF(S15=$S$8,1,0)+IF(T15=$T$8,1,0)+IF(U15=$U$8,1,0)+IF(V15=$V$8,1,0)+IF(W15=$W$8,1,0)+IF(X15=$X$8,1,0)+IF(Y15=$Y$8,1,0)+IF(Z15=$Z$8,1,0)+IF(AA15=$AA$8,1,0)+IF(AB15=$AB$8,1,0)+IF(AC15=$AC$8,1,0)+IF(AD15=$AD$8,1,0)+IF(AE15=$AE$8,1,0)+IF(AF15=$AF$8,1,0)+IF(AG15=$AG$8,1,0)+IF(AH15=$AH$8,1,0)+IF(AI15=$AI$8,1,0)+IF(AJ15=$AJ$8,1,0)+IF(AK15=$AK$8,1,0)+IF(AL15=$AL$8,1,0)+IF(AM15=$AM$8,1,0)+IF(AN15=$AN$8,1,0)+IF(AO15=$AO$8,1,0)+IF(AP15=$AP$8,1,0)+IF(AQ15=$AQ$8,1,0)+IF(AR15=$AR$8,1,0)+IF(AS15=$AS$8,1,0))) -> 0 | AU15: =IF(D15="","",VLOOKUP(AT15,'PAT Maths'!$P$3:$Q$44,2,FALSE)) -> 6
A16: 45356 | B16: 3 | C16: 3B | D16: Lname7 | E16: Fname7 | F16: XXXXX7 | AT16: =IF(D16="",0,(IF(G16=$G$8,1,0)+IF(H16=$H$8,1,0)+IF(I16=$I$8,1,0)+IF(J16=$J$8,1,0)+IF(K16=$K$8,1,0)+IF(L16=$L$8,1,0)+IF(M16=$M$8,1,0)+IF(N16=$N$8,1,0)+IF(O16=$O$8,1,0)+IF(P16=$P$8,1,0)+IF(Q16=$Q$8,1,0)+IF(R16=$R$8,1,0)+IF(S16=$S$8,1,0)+IF(T16=$T$8,1,0)+IF(U16=$U$8,1,0)+IF(V16=$V$8,1,0)+IF(W16=$W$8,1,0)+IF(X16=$X$8,1,0)+IF(Y16=$Y$8,1,0)+IF(Z16=$Z$8,1,0)+IF(AA16=$AA$8,1,0)+IF(AB16=$AB$8,1,0)+IF(AC16=$AC$8,1,0)+IF(AD16=$AD$8,1,0)+IF(AE16=$AE$8,1,0)+IF(AF16=$AF$8,1,0)+IF(AG16=$AG$8,1,0)+IF(AH16=$AH$8,1,0)+IF(AI16=$AI$8,1,0)+IF(AJ16=$AJ$8,1,0)+IF(AK16=$AK$8,1,0)+IF(AL16=$AL$8,1,0)+IF(AM16=$AM$8,1,0)+IF(AN16=$AN$8,1,0)+IF(AO16=$AO$8,1,0)+IF(AP16=$AP$8,1,0)+IF(AQ16=$AQ$8,1,0)+IF(AR16=$AR$8,1,0)+IF(AS16=$AS$8,1,0))) -> 0 | AU16: =IF(D16="","",VLOOKUP(AT16,'PAT Maths'!$P$3:$Q$44,2,FALSE)) -> 6
A17: 45356 | B17: 3 | C17: 3B | D17: Lname8 | E17: Fname8 | F17: XXXXX8 | AT17: =IF(D17="",0,(IF(G17=$G$8,1,0)+IF(H17=$H$8,1,0)+IF(I17=$I$8,1,0)+IF(J17=$J$8,1,0)+IF(K17=$K$8,1,0)+IF(L17=$L$8,1,0)+IF(M17=$M$8,1,0)+IF(N17=$N$8,1,0)+IF(O17=$O$8,1,0)+IF(P17=$P$8,1,0)+IF(Q17=$Q$8,1,0)+IF(R17=$R$8,1,0)+IF(S17=$S$8,1,0)+IF(T17=$T$8,1,0)+IF(U17=$U$8,1,0)+IF(V17=$V$8,1,0)+IF(W17=$W$8,1,0)+IF(X17=$X$8,1,0)+IF(Y17=$Y$8,1,0)+IF(Z17=$Z$8,1,0)+IF(AA17=$AA$8,1,0)+IF(AB17=$AB$8,1,0)+IF(AC17=$AC$8,1,0)+IF(AD17=$AD$8,1,0)+IF(AE17=$AE$8,1,0)+IF(AF17=$AF$8,1,0)+IF(AG17=$AG$8,1,0)+IF(AH17=$AH$8,1,0)+IF(AI17=$AI$8,1,0)+IF(AJ17=$AJ$8,1,0)+IF(AK17=$AK$8,1,0)+IF(AL17=$AL$8,1,0)+IF(AM17=$AM$8,1,0)+IF(AN17=$AN$8,1,0)+IF(AO17=$AO$8,1,0)+IF(AP17=$AP$8,1,0)+IF(AQ17=$AQ$8,1,0)+IF(AR17=$AR$8,1,0)+IF(AS17=$AS$8,1,0))) -> 0 | AU17: =IF(D17="","",VLOOKUP(AT17,'PAT Maths'!$P$3:$Q$44,2,FALSE)) -> 6
A18: 45356 | B18: 3 | C18: 3B | D18: Lname9 | E18: Fname9 | F18: XXXXX9 | AT18: =IF(D18="",0,(IF(G18=$G$8,1,0)+IF(H18=$H$8,1,0)+IF(I18=$I$8,1,0)+IF(J18=$J$8,1,0)+IF(K18=$K$8,1,0)+IF(L18=$L$8,1,0)+IF(M18=$M$8,1,0)+IF(N18=$N$8,1,0)+IF(O18=$O$8,1,0)+IF(P18=$P$8,1,0)+IF(Q18=$Q$8,1,0)+IF(R18=$R$8,1,0)+IF(S18=$S$8,1,0)+IF(T18=$T$8,1,0)+IF(U18=$U$8,1,0)+IF(V18=$V$8,1,0)+IF(W18=$W$8,1,0)+IF(X18=$X$8,1,0)+IF(Y18=$Y$8,1,0)+IF(Z18=$Z$8,1,0)+IF(AA18=$AA$8,1,0)+IF(AB18=$AB$8,1,0)+IF(AC18=$AC$8,1,0)+IF(AD18=$AD$8,1,0)+IF(AE18=$AE$8,1,0)+IF(AF18=$AF$8,1,0)+IF(AG18=$AG$8,1,0)+IF(AH18=$AH$8,1,0)+IF(AI18=$AI$8,1,0)+IF(AJ18=$AJ$8,1,0)+IF(AK18=$AK$8,1,0)+IF(AL18=$AL$8,1,0)+IF(AM18=$AM$8,1,0)+IF(AN18=$AN$8,1,0)+IF(AO18=$AO$8,1,0)+IF(AP18=$AP$8,1,0)+IF(AQ18=$AQ$8,1,0)+IF(AR18=$AR$8,1,0)+IF(AS18=$AS$8,1,0))) -> 0 | AU18: =IF(D18="","",VLOOKUP(AT18,'PAT Maths'!$P$3:$Q$44,2,FALSE)) -> 6
A19: 45356 | B19: 3 | C19: 3B | D19: Lname10 | E19: Fname10 | F19: XXXXX10 | AT19: =IF(D19="",0,(IF(G19=$G$8,1,0)+IF(H19=$H$8,1,0)+IF(I19=$I$8,1,0)+IF(J19=$J$8,1,0)+IF(K19=$K$8,1,0)+IF(L19=$L$8,1,0)+IF(M19=$M$8,1,0)+IF(N19=$N$8,1,0)+IF(O19=$O$8,1,0)+IF(P19=$P$8,1,0)+IF(Q19=$Q$8,1,0)+IF(R19=$R$8,1,0)+IF(S19=$S$8,1,0)+IF(T19=$T$8,1,0)+IF(U19=$U$8,1,0)+IF(V19=$V$8,1,0)+IF(W19=$W$8,1,0)+IF(X19=$X$8,1,0)+IF(Y19=$Y$8,1,0)+IF(Z19=$Z$8,1,0)+IF(AA19=$AA$8,1,0)+IF(AB19=$AB$8,1,0)+IF(AC19=$AC$8,1,0)+IF(AD19=$AD$8,1,0)+IF(AE19=$AE$8,1,0)+IF(AF19=$AF$8,1,0)+IF(AG19=$AG$8,1,0)+IF(AH19=$AH$8,1,0)+IF(AI19=$AI$8,1,0)+IF(AJ19=$AJ$8,1,0)+IF(AK19=$AK$8,1,0)+IF(AL19=$AL$8,1,0)+IF(AM19=$AM$8,1,0)+IF(AN19=$AN$8,1,0)+IF(AO19=$AO$8,1,0)+IF(AP19=$AP$8,1,0)+IF(AQ19=$AQ$8,1,0)+IF(AR19=$AR$8,1,0)+IF(AS19=$AS$8,1,0))) -> 0 | AU19: =IF(D19="","",VLOOKUP(AT19,'PAT Maths'!$P$3:$Q$44,2,FALSE)) -> 6
AT20: =IF(D20="",0,(IF(G20=$G$8,1,0)+IF(H20=$H$8,1,0)+IF(I20=$I$8,1,0)+IF(J20=$J$8,1,0)+IF(K20=$K$8,1,0)+IF(L20=$L$8,1,0)+IF(M20=$M$8,1,0)+IF(N20=$N$8,1,0)+IF(O20=$O$8,1,0)+IF(P20=$P$8,1,0)+IF(Q20=$Q$8,1,0)+IF(R20=$R$8,1,0)+IF(S20=$S$8,1,0)+IF(T20=$T$8,1,0)+IF(U20=$U$8,1,0)+IF(V20=$V$8,1,0)+IF(W20=$W$8,1,0)+IF(X20=$X$8,1,0)+IF(Y20=$Y$8,1,0)+IF(Z20=$Z$8,1,0)+IF(AA20=$AA$8,1,0)+IF(AB20=$AB$8,1,0)+IF(AC20=$AC$8,1,0)+IF(AD20=$AD$8,1,0)+IF(AE20=$AE$8,1,0)+IF(AF20=$AF$8,1,0)+IF(AG20=$AG$8,1,0)+IF(AH20=$AH$8,1,0)+IF(AI20=$AI$8,1,0)+IF(AJ20=$AJ$8,1,0)+IF(AK20=$AK$8,1,0)+IF(AL20=$AL$8,1,0)+IF(AM20=$AM$8,1,0)+IF(AN20=$AN$8,1,0)+IF(AO20=$AO$8,1,0)+IF(AP20=$AP$8,1,0)+IF(AQ20=$AQ$8,1,0)+IF(AR20=$AR$8,1,0)+IF(AS20=$AS$8,1,0))) -> 0 | AU20: =IF(D20="","",VLOOKUP(AT20,'PAT Maths'!$P$3:$Q$44,2,FALSE))
AT21: =IF(D21="",0,(IF(G21=$G$8,1,0)+IF(H21=$H$8,1,0)+IF(I21=$I$8,1,0)+IF(J21=$J$8,1,0)+IF(K21=$K$8,1,0)+IF(L21=$L$8,1,0)+IF(M21=$M$8,1,0)+IF(N21=$N$8,1,0)+IF(O21=$O$8,1,0)+IF(P21=$P$8,1,0)+IF(Q21=$Q$8,1,0)+IF(R21=$R$8,1,0)+IF(S21=$S$8,1,0)+IF(T21=$T$8,1,0)+IF(U21=$U$8,1,0)+IF(V21=$V$8,1,0)+IF(W21=$W$8,1,0)+IF(X21=$X$8,1,0)+IF(Y21=$Y$8,1,0)+IF(Z21=$Z$8,1,0)+IF(AA21=$AA$8,1,0)+IF(AB21=$AB$8,1,0)+IF(AC21=$AC$8,1,0)+IF(AD21=$AD$8,1,0)+IF(AE21=$AE$8,1,0)+IF(AF21=$AF$8,1,0)+IF(AG21=$AG$8,1,0)+IF(AH21=$AH$8,1,0)+IF(AI21=$AI$8,1,0)+IF(AJ21=$AJ$8,1,0)+IF(AK21=$AK$8,1,0)+IF(AL21=$AL$8,1,0)+IF(AM21=$AM$8,1,0)+IF(AN21=$AN$8,1,0)+IF(AO21=$AO$8,1,0)+IF(AP21=$AP$8,1,0)+IF(AQ21=$AQ$8,1,0)+IF(AR21=$AR$8,1,0)+IF(AS21=$AS$8,1,0))) -> 0 | AU21: =IF(D21="","",VLOOKUP(AT21,'PAT Maths'!$P$3:$Q$44,2,FALSE))
AT22: =IF(D22="",0,(IF(G22=$G$8,1,0)+IF(H22=$H$8,1,0)+IF(I22=$I$8,1,0)+IF(J22=$J$8,1,0)+IF(K22=$K$8,1,0)+IF(L22=$L$8,1,0)+IF(M22=$M$8,1,0)+IF(N22=$N$8,1,0)+IF(O22=$O$8,1,0)+IF(P22=$P$8,1,0)+IF(Q22=$Q$8,1,0)+IF(R22=$R$8,1,0)+IF(S22=$S$8,1,0)+IF(T22=$T$8,1,0)+IF(U22=$U$8,1,0)+IF(V22=$V$8,1,0)+IF(W22=$W$8,1,0)+IF(X22=$X$8,1,0)+IF(Y22=$Y$8,1,0)+IF(Z22=$Z$8,1,0)+IF(AA22=$AA$8,1,0)+IF(AB22=$AB$8,1,0)+IF(AC22=$AC$8,1,0)+IF(AD22=$AD$8,1,0)+IF(AE22=$AE$8,1,0)+IF(AF22=$AF$8,1,0)+IF(AG22=$AG$8,1,0)+IF(AH22=$AH$8,1,0)+IF(AI22=$AI$8,1,0)+IF(AJ22=$AJ$8,1,0)+IF(AK22=$AK$8,1,0)+IF(AL22=$AL$8,1,0)+IF(AM22=$AM$8,1,0)+IF(AN22=$AN$8,1,0)+IF(AO22=$AO$8,1,0)+IF(AP22=$AP$8,1,0)+IF(AQ22=$AQ$8,1,0)+IF(AR22=$AR$8,1,0)+IF(AS22=$AS$8,1,0))) -> 0 | AU22: =IF(D22="","",VLOOKUP(AT22,'PAT Maths'!$P$3:$Q$44,2,FALSE))
AT23: =IF(D23="",0,(IF(G23=$G$8,1,0)+IF(H23=$H$8,1,0)+IF(I23=$I$8,1,0)+IF(J23=$J$8,1,0)+IF(K23=$K$8,1,0)+IF(L23=$L$8,1,0)+IF(M23=$M$8,1,0)+IF(N23=$N$8,1,0)+IF(O23=$O$8,1,0)+IF(P23=$P$8,1,0)+IF(Q23=$Q$8,1,0)+IF(R23=$R$8,1,0)+IF(S23=$S$8,1,0)+IF(T23=$T$8,1,0)+IF(U23=$U$8,1,0)+IF(V23=$V$8,1,0)+IF(W23=$W$8,1,0)+IF(X23=$X$8,1,0)+IF(Y23=$Y$8,1,0)+IF(Z23=$Z$8,1,0)+IF(AA23=$AA$8,1,0)+IF(AB23=$AB$8,1,0)+IF(AC23=$AC$8,1,0)+IF(AD23=$AD$8,1,0)+IF(AE23=$AE$8,1,0)+IF(AF23=$AF$8,1,0)+IF(AG23=$AG$8,1,0)+IF(AH23=$AH$8,1,0)+IF(AI23=$AI$8,1,0)+IF(AJ23=$AJ$8,1,0)+IF(AK23=$AK$8,1,0)+IF(AL23=$AL$8,1,0)+IF(AM23=$AM$8,1,0)+IF(AN23=$AN$8,1,0)+IF(AO23=$AO$8,1,0)+IF(AP23=$AP$8,1,0)+IF(AQ23=$AQ$8,1,0)+IF(AR23=$AR$8,1,0)+IF(AS23=$AS$8,1,0))) -> 0 | AU23: =IF(D23="","",VLOOKUP(AT23,'PAT Maths'!$P$3:$Q$44,2,FALSE))
AT24: =IF(D24="",0,(IF(G24=$G$8,1,0)+IF(H24=$H$8,1,0)+IF(I24=$I$8,1,0)+IF(J24=$J$8,1,0)+IF(K24=$K$8,1,0)+IF(L24=$L$8,1,0)+IF(M24=$M$8,1,0)+IF(N24=$N$8,1,0)+IF(O24=$O$8,1,0)+IF(P24=$P$8,1,0)+IF(Q24=$Q$8,1,0)+IF(R24=$R$8,1,0)+IF(S24=$S$8,1,0)+IF(T24=$T$8,1,0)+IF(U24=$U$8,1,0)+IF(V24=$V$8,1,0)+IF(W24=$W$8,1,0)+IF(X24=$X$8,1,0)+IF(Y24=$Y$8,1,0)+IF(Z24=$Z$8,1,0)+IF(AA24=$AA$8,1,0)+IF(AB24=$AB$8,1,0)+IF(AC24=$AC$8,1,0)+IF(AD24=$AD$8,1,0)+IF(AE24=$AE$8,1,0)+IF(AF24=$AF$8,1,0)+IF(AG24=$AG$8,1,0)+IF(AH24=$AH$8,1,0)+IF(AI24=$AI$8,1,0)+IF(AJ24=$AJ$8,1,0)+IF(AK24=$AK$8,1,0)+IF(AL24=$AL$8,1,0)+IF(AM24=$AM$8,1,0)+IF(AN24=$AN$8,1,0)+IF(AO24=$AO$8,1,0)+IF(AP24=$AP$8,1,0)+IF(AQ24=$AQ$8,1,0)+IF(AR24=$AR$8,1,0)+IF(AS24=$AS$8,1,0))) -> 0 | AU24: =IF(D24="","",VLOOKUP(AT24,'PAT Maths'!$P$3:$Q$44,2,FALSE))
AT25: =IF(D25="",0,(IF(G25=$G$8,1,0)+IF(H25=$H$8,1,0)+IF(I25=$I$8,1,0)+IF(J25=$J$8,1,0)+IF(K25=$K$8,1,0)+IF(L25=$L$8,1,0)+IF(M25=$M$8,1,0)+IF(N25=$N$8,1,0)+IF(O25=$O$8,1,0)+IF(P25=$P$8,1,0)+IF(Q25=$Q$8,1,0)+IF(R25=$R$8,1,0)+IF(S25=$S$8,1,0)+IF(T25=$T$8,1,0)+IF(U25=$U$8,1,0)+IF(V25=$V$8,1,0)+IF(W25=$W$8,1,0)+IF(X25=$X$8,1,0)+IF(Y25=$Y$8,1,0)+IF(Z25=$Z$8,1,0)+IF(AA25=$AA$8,1,0)+IF(AB25=$AB$8,1,0)+IF(AC25=$AC$8,1,0)+IF(AD25=$AD$8,1,0)+IF(AE25=$AE$8,1,0)+IF(AF25=$AF$8,1,0)+IF(AG25=$AG$8,1,0)+IF(AH25=$AH$8,1,0)+IF(AI25=$AI$8,1,0)+IF(AJ25=$AJ$8,1,0)+IF(AK25=$AK$8,1,0)+IF(AL25=$AL$8,1,0)+IF(AM25=$AM$8,1,0)+IF(AN25=$AN$8,1,0)+IF(AO25=$AO$8,1,0)+IF(AP25=$AP$8,1,0)+IF(AQ25=$AQ$8,1,0)+IF(AR25=$AR$8,1,0)+IF(AS25=$AS$8,1,0))) -> 0 | AU25: =IF(D25="","",VLOOKUP(AT25,'PAT Maths'!$P$3:$Q$44,2,FALSE))
AT26: =IF(D26="",0,(IF(G26=$G$8,1,0)+IF(H26=$H$8,1,0)+IF(I26=$I$8,1,0)+IF(J26=$J$8,1,0)+IF(K26=$K$8,1,0)+IF(L26=$L$8,1,0)+IF(M26=$M$8,1,0)+IF(N26=$N$8,1,0)+IF(O26=$O$8,1,0)+IF(P26=$P$8,1,0)+IF(Q26=$Q$8,1,0)+IF(R26=$R$8,1,0)+IF(S26=$S$8,1,0)+IF(T26=$T$8,1,0)+IF(U26=$U$8,1,0)+IF(V26=$V$8,1,0)+IF(W26=$W$8,1,0)+IF(X26=$X$8,1,0)+IF(Y26=$Y$8,1,0)+IF(Z26=$Z$8,1,0)+IF(AA26=$AA$8,1,0)+IF(AB26=$AB$8,1,0)+IF(AC26=$AC$8,1,0)+IF(AD26=$AD$8,1,0)+IF(AE26=$AE$8,1,0)+IF(AF26=$AF$8,1,0)+IF(AG26=$AG$8,1,0)+IF(AH26=$AH$8,1,0)+IF(AI26=$AI$8,1,0)+IF(AJ26=$AJ$8,1,0)+IF(AK26=$AK$8,1,0)+IF(AL26=$AL$8,1,0)+IF(AM26=$AM$8,1,0)+IF(AN26=$AN$8,1,0)+IF(AO26=$AO$8,1,0)+IF(AP26=$AP$8,1,0)+IF(AQ26=$AQ$8,1,0)+IF(AR26=$AR$8,1,0)+IF(AS26=$AS$8,1,0))) -> 0 | AU26: =IF(D26="","",VLOOKUP(AT26,'PAT Maths'!$P$3:$Q$44,2,FALSE))
AT27: =IF(D27="",0,(IF(G27=$G$8,1,0)+IF(H27=$H$8,1,0)+IF(I27=$I$8,1,0)+IF(J27=$J$8,1,0)+IF(K27=$K$8,1,0)+IF(L27=$L$8,1,0)+IF(M27=$M$8,1,0)+IF(N27=$N$8,1,0)+IF(O27=$O$8,1,0)+IF(P27=$P$8,1,0)+IF(Q27=$Q$8,1,0)+IF(R27=$R$8,1,0)+IF(S27=$S$8,1,0)+IF(T27=$T$8,1,0)+IF(U27=$U$8,1,0)+IF(V27=$V$8,1,0)+IF(W27=$W$8,1,0)+IF(X27=$X$8,1,0)+IF(Y27=$Y$8,1,0)+IF(Z27=$Z$8,1,0)+IF(AA27=$AA$8,1,0)+IF(AB27=$AB$8,1,0)+IF(AC27=$AC$8,1,0)+IF(AD27=$AD$8,1,0)+IF(AE27=$AE$8,1,0)+IF(AF27=$AF$8,1,0)+IF(AG27=$AG$8,1,0)+IF(AH27=$AH$8,1,0)+IF(AI27=$AI$8,1,0)+IF(AJ27=$AJ$8,1,0)+IF(AK27=$AK$8,1,0)+IF(AL27=$AL$8,1,0)+IF(AM27=$AM$8,1,0)+IF(AN27=$AN$8,1,0)+IF(AO27=$AO$8,1,0)+IF(AP27=$AP$8,1,0)+IF(AQ27=$AQ$8,1,0)+IF(AR27=$AR$8,1,0)+IF(AS27=$AS$8,1,0))) -> 0 | AU27: =IF(D27="","",VLOOKUP(AT27,'PAT Maths'!$P$3:$Q$44,2,FALSE))
AT28: =IF(D28="",0,(IF(G28=$G$8,1,0)+IF(H28=$H$8,1,0)+IF(I28=$I$8,1,0)+IF(J28=$J$8,1,0)+IF(K28=$K$8,1,0)+IF(L28=$L$8,1,0)+IF(M28=$M$8,1,0)+IF(N28=$N$8,1,0)+IF(O28=$O$8,1,0)+IF(P28=$P$8,1,0)+IF(Q28=$Q$8,1,0)+IF(R28=$R$8,1,0)+IF(S28=$S$8,1,0)+IF(T28=$T$8,1,0)+IF(U28=$U$8,1,0)+IF(V28=$V$8,1,0)+IF(W28=$W$8,1,0)+IF(X28=$X$8,1,0)+IF(Y28=$Y$8,1,0)+IF(Z28=$Z$8,1,0)+IF(AA28=$AA$8,1,0)+IF(AB28=$AB$8,1,0)+IF(AC28=$AC$8,1,0)+IF(AD28=$AD$8,1,0)+IF(AE28=$AE$8,1,0)+IF(AF28=$AF$8,1,0)+IF(AG28=$AG$8,1,0)+IF(AH28=$AH$8,1,0)+IF(AI28=$AI$8,1,0)+IF(AJ28=$AJ$8,1,0)+IF(AK28=$AK$8,1,0)+IF(AL28=$AL$8,1,0)+IF(AM28=$AM$8,1,0)+IF(AN28=$AN$8,1,0)+IF(AO28=$AO$8,1,0)+IF(AP28=$AP$8,1,0)+IF(AQ28=$AQ$8,1,0)+IF(AR28=$AR$8,1,0)+IF(AS28=$AS$8,1,0))) -> 0 | AU28: =IF(D28="","",VLOOKUP(AT28,'PAT Maths'!$P$3:$Q$44,2,FALSE))
AT29: =IF(D29="",0,(IF(G29=$G$8,1,0)+IF(H29=$H$8,1,0)+IF(I29=$I$8,1,0)+IF(J29=$J$8,1,0)+IF(K29=$K$8,1,0)+IF(L29=$L$8,1,0)+IF(M29=$M$8,1,0)+IF(N29=$N$8,1,0)+IF(O29=$O$8,1,0)+IF(P29=$P$8,1,0)+IF(Q29=$Q$8,1,0)+IF(R29=$R$8,1,0)+IF(S29=$S$8,1,0)+IF(T29=$T$8,1,0)+IF(U29=$U$8,1,0)+IF(V29=$V$8,1,0)+IF(W29=$W$8,1,0)+IF(X29=$X$8,1,0)+IF(Y29=$Y$8,1,0)+IF(Z29=$Z$8,1,0)+IF(AA29=$AA$8,1,0)+IF(AB29=$AB$8,1,0)+IF(AC29=$AC$8,1,0)+IF(AD29=$AD$8,1,0)+IF(AE29=$AE$8,1,0)+IF(AF29=$AF$8,1,0)+IF(AG29=$AG$8,1,0)+IF(AH29=$AH$8,1,0)+IF(AI29=$AI$8,1,0)+IF(AJ29=$AJ$8,1,0)+IF(AK29=$AK$8,1,0)+IF(AL29=$AL$8,1,0)+IF(AM29=$AM$8,1,0)+IF(AN29=$AN$8,1,0)+IF(AO29=$AO$8,1,0)+IF(AP29=$AP$8,1,0)+IF(AQ29=$AQ$8,1,0)+IF(AR29=$AR$8,1,0)+IF(AS29=$AS$8,1,0))) -> 0 | AU29: =IF(D29="","",VLOOKUP(AT29,'PAT Maths'!$P$3:$Q$44,2,FALSE))
AT30: =IF(D30="",0,(IF(G30=$G$8,1,0)+IF(H30=$H$8,1,0)+IF(I30=$I$8,1,0)+IF(J30=$J$8,1,0)+IF(K30=$K$8,1,0)+IF(L30=$L$8,1,0)+IF(M30=$M$8,1,0)+IF(N30=$N$8,1,0)+IF(O30=$O$8,1,0)+IF(P30=$P$8,1,0)+IF(Q30=$Q$8,1,0)+IF(R30=$R$8,1,0)+IF(S30=$S$8,1,0)+IF(T30=$T$8,1,0)+IF(U30=$U$8,1,0)+IF(V30=$V$8,1,0)+IF(W30=$W$8,1,0)+IF(X30=$X$8,1,0)+IF(Y30=$Y$8,1,0)+IF(Z30=$Z$8,1,0)+IF(AA30=$AA$8,1,0)+IF(AB30=$AB$8,1,0)+IF(AC30=$AC$8,1,0)+IF(AD30=$AD$8,1,0)+IF(AE30=$AE$8,1,0)+IF(AF30=$AF$8,1,0)+IF(AG30=$AG$8,1,0)+IF(AH30=$AH$8,1,0)+IF(AI30=$AI$8,1,0)+IF(AJ30=$AJ$8,1,0)+IF(AK30=$AK$8,1,0)+IF(AL30=$AL$8,1,0)+IF(AM30=$AM$8,1,0)+IF(AN30=$AN$8,1,0)+IF(AO30=$AO$8,1,0)+IF(AP30=$AP$8,1,0)+IF(AQ30=$AQ$8,1,0)+IF(AR30=$AR$8,1,0)+IF(AS30=$AS$8,1,0))) -> 0 | AU30: =IF(D30="","",VLOOKUP(AT30,'PAT Maths'!$P$3:$Q$44,2,FALSE))
AT31: =IF(D31="",0,(IF(G31=$G$8,1,0)+IF(H31=$H$8,1,0)+IF(I31=$I$8,1,0)+IF(J31=$J$8,1,0)+IF(K31=$K$8,1,0)+IF(L31=$L$8,1,0)+IF(M31=$M$8,1,0)+IF(N31=$N$8,1,0)+IF(O31=$O$8,1,0)+IF(P31=$P$8,1,0)+IF(Q31=$Q$8,1,0)+IF(R31=$R$8,1,0)+IF(S31=$S$8,1,0)+IF(T31=$T$8,1,0)+IF(U31=$U$8,1,0)+IF(V31=$V$8,1,0)+IF(W31=$W$8,1,0)+IF(X31=$X$8,1,0)+IF(Y31=$Y$8,1,0)+IF(Z31=$Z$8,1,0)+IF(AA31=$AA$8,1,0)+IF(AB31=$AB$8,1,0)+IF(AC31=$AC$8,1,0)+IF(AD31=$AD$8,1,0)+IF(AE31=$AE$8,1,0)+IF(AF31=$AF$8,1,0)+IF(AG31=$AG$8,1,0)+IF(AH31=$AH$8,1,0)+IF(AI31=$AI$8,1,0)+IF(AJ31=$AJ$8,1,0)+IF(AK31=$AK$8,1,0)+IF(AL31=$AL$8,1,0)+IF(AM31=$AM$8,1,0)+IF(AN31=$AN$8,1,0)+IF(AO31=$AO$8,1,0)+IF(AP31=$AP$8,1,0)+IF(AQ31=$AQ$8,1,0)+IF(AR31=$AR$8,1,0)+IF(AS31=$AS$8,1,0))) -> 0 | AU31: =IF(D31="","",VLOOKUP(AT31,'PAT Maths'!$P$3:$Q$44,2,FALSE))
... AT497: =IF(D497="",0,(IF(G497=$G$8,1,0)+IF(H497=$H$8,1,0)+IF(I497=$I$8,1,0)+IF(J497=$J$8,1,0)+IF(K497=$K$8,1,0)+IF(L497=$L$8,1,0)+IF(M497=$M$8,1,0)+IF(N497=$N$8,1,0)+IF(O497=$O$8,1,0)+IF(P497=$P$8,1,0)+IF(Q497=$Q$8,1,0)+IF(R497=$R$8,1,0)+IF(S497=$S$8,1,0)+IF(T497=$T$8,1,0)+IF(U497=$U$8,1,0)+IF(V497=$V$8,1,0)+IF(W497=$W$8,1,0)+IF(X497=$X$8,1,0)+IF(Y497=$Y$8,1,0)+IF(Z497=$Z$8,1,0)+IF(AA497=$AA$8,1,0)+IF(AB497=$AB$8,1,0)+IF(AC497=$AC$8,1,0)+IF(AD497=$AD$8,1,0)+IF(AE497=$AE$8,1,0)+IF(AF497=$AF$8,1,0)+IF(AG497=$AG$8,1,0)+IF(AH497=$AH$8,1,0)+IF(AI497=$AI$8,1,0)+IF(AJ497=$AJ$8,1,0)+IF(AK497=$AK$8,1,0)+IF(AL497=$AL$8,1,0)+IF(AM497=$AM$8,1,0)+IF(AN497=$AN$8,1,0)+IF(AO497=$AO$8,1,0)+IF(AP497=$AP$8,1,0)+IF(AQ497=$AQ$8,1,0)+IF(AR497=$AR$8,1,0)+IF(AS497=$AS$8,1,0))) -> 0 | AU497: =IF(D497="","",VLOOKUP(AT497,'PAT Maths'!$P$3:$Q$44,2,FALSE))

Sheet PATM TB6
A1: PAT-Maths - Test Booklet 6
G3: QUESTION No. and ANSWER KEY (Enter the student's response - "A" or "B" or "C" or "D" or "E")
E4: Question Number | G4: 1 | H4: 2 | I4: 3 | J4: 4 | K4: 5 | L4: 6 | M4: 7 | N4: 8 | O4: 9 | P4: 10 | Q4: 11 | R4: 12 | S4: 13 | T4: 14 | U4: 15 | V4: 16 | W4: 17 | X4: 18 | Y4: 19 | Z4: 20 | AA4: 21 | AB4: 22 | AC4: 23 | AD4: 24 | AE4: 25 | AF4: 26 | AG4: 27 | AH4: 28 | AI4: 29 | AJ4: 30 | AK4: 31 | AL4: 32 | AM4: 33 | AN4: 34 | AO4: 35 | AP4: 36 | AQ4: 37 | AR4: 38 | AS4: 39 | AT4: 40
E5: Item Difficulty | G5: 54 | H5: 54 | I5: 44 | J5: 58 | K5: 64 | L5: 63 | M5: 75 | N5: 55 | O5: 72 | P5: 71 | Q5: 43 | R5: 52 | S5: 54 | T5: 54 | U5: 59 | V5: 64 | W5: 62 | X5: 72 | Y5: 54 | Z5: 55 | AA5: 57 | AB5: 66 | AC5: 52 | AD5: 62 | AE5: 67 | AF5: 69 | AG5: 58 | AH5: 51 | AI5: 60 | AJ5: 61 | AK5: 66 | AL5: 70 | AM5: 46 | AN5: 51 | AO5: 60 | AP5: 63 | AQ5: 64 | AR5: 67 | AS5: 68 | AT5: 70
E6: Skill Assessed | G6: NC | H6: NC | I6: NC | J6: NC | K6: NC | L6: NC | M6: NC | N6: NC | O6: NC | P6: NC | Q6: S | R6: S | S6: S | T6: S | U6: S | V6: S | W6: S | X6: S | Y6: M | Z6: M | AA6: M | AB6: M | AC6: M | AD6: M | AE6: M | AF6: M | AG6: CD | AH6: CD | AI6: CD | AJ6: CD | AK6: CD | AL6: CD | AM6: A | AN6: A | AO6: A | AP6: A | AQ6: A | AR6: A | AS6: A | AT6: A
A7: required | B7: required | C7: optional | D7: required | E7: required | F7: required
A8: Date (dd/mm/yy) | B8: Yr_Lev | C8: Grp | D8: Surname | E8: First_Name | F8: Student_ID | G8: C | H8: D | I8: E | J8: B | K8: A | L8: B | M8: B | N8: D | O8: D | P8: B | Q8: A | R8: A | S8: B | T8: A | U8: A | V8: C | W8: E | X8: D | Y8: A | Z8: D | AA8: A | AB8: C | AC8: C | AD8: B | AE8: B | AF8: D | AG8: C | AH8: C | AI8: B | AJ8: E | AK8: E | AL8: B | AM8: B | AN8: C | AO8: B | AP8: E | AQ8: D | AR8: C | AS8: D | AT8: E | AU8: Raw Score | AV8: PAT Score
A9: 45356 | B9: 3 | C9: 3A | D9: Lname1 | E9: Fname1 | F9: XXXXX1 | AU9: =IF(D9="",0,(IF(G9=$G$8,1,0)+IF(H9=$H$8,1,0)+IF(I9=$I$8,1,0)+IF(J9=$J$8,1,0)+IF(K9=$K$8,1,0)+IF(L9=$L$8,1,0)+IF(M9=$M$8,1,0)+IF(N9=$N$8,1,0)+IF(O9=$O$8,1,0)+IF(P9=$P$8,1,0)+IF(Q9=$Q$8,1,0)+IF(R9=$R$8,1,0)+IF(S9=$S$8,1,0)+IF(T9=$T$8,1,0)+IF(U9=$U$8,1,0)+IF(V9=$V$8,1,0)+IF(W9=$W$8,1,0)+IF(X9=$X$8,1,0)+IF(Y9=$Y$8,1,0)+IF(Z9=$Z$8,1,0)+IF(AA9=$AA$8,1,0)+IF(AB9=$AB$8,1,0)+IF(AC9=$AC$8,1,0)+IF(AD9=$AD$8,1,0)+IF(AE9=$AE$8,1,0)+IF(AF9=$AF$8,1,0)+IF(AG9=$AG$8,1,0)+IF(AH9=$AH$8,1,0)+IF(AI9=$AI$8,1,0)+IF(AJ9=$AJ$8,1,0)+IF(AK9=$AK$8,1,0)+IF(AL9=$AL$8,1,0)+IF(AM9=$AM$8,1,0)+IF(AN9=$AN$8,1,0)+IF(AO9=$AO$8,1,0)+IF(AP9=$AP$8,1,0)+IF(AQ9=$AQ$8,1,0)+IF(AR9=$AR$8,1,0)+IF(AS9=$AS$8,1,0)+IF(AT9=$AT$8,1,0))) -> 0 | AV9: =IF(D9="","",VLOOKUP(AU9,'PAT Maths'!$R$3:$S$44,2,FALSE)) -> 10.3
A10: 45356 | B10: 3 | C10: 3A | D10: Lname2 | E10: Fname2 | F10: XXXXX2 | AU10: =IF(D10="",0,(IF(G10=$G$8,1,0)+IF(H10=$H$8,1,0)+IF(I10=$I$8,1,0)+IF(J10=$J$8,1,0)+IF(K10=$K$8,1,0)+IF(L10=$L$8,1,0)+IF(M10=$M$8,1,0)+IF(N10=$N$8,1,0)+IF(O10=$O$8,1,0)+IF(P10=$P$8,1,0)+IF(Q10=$Q$8,1,0)+IF(R10=$R$8,1,0)+IF(S10=$S$8,1,0)+IF(T10=$T$8,1,0)+IF(U10=$U$8,1,0)+IF(V10=$V$8,1,0)+IF(W10=$W$8,1,0)+IF(X10=$X$8,1,0)+IF(Y10=$Y$8,1,0)+IF(Z10=$Z$8,1,0)+IF(AA10=$AA$8,1,0)+IF(AB10=$AB$8,1,0)+IF(AC10=$AC$8,1,0)+IF(AD10=$AD$8,1,0)+IF(AE10=$AE$8,1,0)+IF(AF10=$AF$8,1,0)+IF(AG10=$AG$8,1,0)+IF(AH10=$AH$8,1,0)+IF(AI10=$AI$8,1,0)+IF(AJ10=$AJ$8,1,0)+IF(AK10=$AK$8,1,0)+IF(AL10=$AL$8,1,0)+IF(AM10=$AM$8,1,0)+IF(AN10=$AN$8,1,0)+IF(AO10=$AO$8,1,0)+IF(AP10=$AP$8,1,0)+IF(AQ10=$AQ$8,1,0)+IF(AR10=$AR$8,1,0)+IF(AS10=$AS$8,1,0)+IF(AT10=$AT$8,1,0))) -> 0 | AV10: =IF(D10="","",VLOOKUP(AU10,'PAT Maths'!$R$3:$S$44,2,FALSE)) -> 10.3
A11: 45356 | B11: 3 | C11: 3A | D11: Lname3 | E11: Fname3 | F11: XXXXX3 | AU11: =IF(D11="",0,(IF(G11=$G$8,1,0)+IF(H11=$H$8,1,0)+IF(I11=$I$8,1,0)+IF(J11=$J$8,1,0)+IF(K11=$K$8,1,0)+IF(L11=$L$8,1,0)+IF(M11=$M$8,1,0)+IF(N11=$N$8,1,0)+IF(O11=$O$8,1,0)+IF(P11=$P$8,1,0)+IF(Q11=$Q$8,1,0)+IF(R11=$R$8,1,0)+IF(S11=$S$8,1,0)+IF(T11=$T$8,1,0)+IF(U11=$U$8,1,0)+IF(V11=$V$8,1,0)+IF(W11=$W$8,1,0)+IF(X11=$X$8,1,0)+IF(Y11=$Y$8,1,0)+IF(Z11=$Z$8,1,0)+IF(AA11=$AA$8,1,0)+IF(AB11=$AB$8,1,0)+IF(AC11=$AC$8,1,0)+IF(AD11=$AD$8,1,0)+IF(AE11=$AE$8,1,0)+IF(AF11=$AF$8,1,0)+IF(AG11=$AG$8,1,0)+IF(AH11=$AH$8,1,0)+IF(AI11=$AI$8,1,0)+IF(AJ11=$AJ$8,1,0)+IF(AK11=$AK$8,1,0)+IF(AL11=$AL$8,1,0)+IF(AM11=$AM$8,1,0)+IF(AN11=$AN$8,1,0)+IF(AO11=$AO$8,1,0)+IF(AP11=$AP$8,1,0)+IF(AQ11=$AQ$8,1,0)+IF(AR11=$AR$8,1,0)+IF(AS11=$AS$8,1,0)+IF(AT11=$AT$8,1,0))) -> 0 | AV11: =IF(D11="","",VLOOKUP(AU11,'PAT Maths'!$R$3:$S$44,2,FALSE)) -> 10.3
A12: 45356 | B12: 3 | C12: 3A | D12: Lname4 | E12: Fname4 | F12: XXXXX4 | AU12: =IF(D12="",0,(IF(G12=$G$8,1,0)+IF(H12=$H$8,1,0)+IF(I12=$I$8,1,0)+IF(J12=$J$8,1,0)+IF(K12=$K$8,1,0)+IF(L12=$L$8,1,0)+IF(M12=$M$8,1,0)+IF(N12=$N$8,1,0)+IF(O12=$O$8,1,0)+IF(P12=$P$8,1,0)+IF(Q12=$Q$8,1,0)+IF(R12=$R$8,1,0)+IF(S12=$S$8,1,0)+IF(T12=$T$8,1,0)+IF(U12=$U$8,1,0)+IF(V12=$V$8,1,0)+IF(W12=$W$8,1,0)+IF(X12=$X$8,1,0)+IF(Y12=$Y$8,1,0)+IF(Z12=$Z$8,1,0)+IF(AA12=$AA$8,1,0)+IF(AB12=$AB$8,1,0)+IF(AC12=$AC$8,1,0)+IF(AD12=$AD$8,1,0)+IF(AE12=$AE$8,1,0)+IF(AF12=$AF$8,1,0)+IF(AG12=$AG$8,1,0)+IF(AH12=$AH$8,1,0)+IF(AI12=$AI$8,1,0)+IF(AJ12=$AJ$8,1,0)+IF(AK12=$AK$8,1,0)+IF(AL12=$AL$8,1,0)+IF(AM12=$AM$8,1,0)+IF(AN12=$AN$8,1,0)+IF(AO12=$AO$8,1,0)+IF(AP12=$AP$8,1,0)+IF(AQ12=$AQ$8,1,0)+IF(AR12=$AR$8,1,0)+IF(AS12=$AS$8,1,0)+IF(AT12=$AT$8,1,0))) -> 0 | AV12: =IF(D12="","",VLOOKUP(AU12,'PAT Maths'!$R$3:$S$44,2,FALSE)) -> 10.3
A13: 45356 | B13: 3 | C13: 3B | D13: ULname13 | E13: UFname13 | F13: UNLISTED | AU13: =IF(D13="",0,(IF(G13=$G$8,1,0)+IF(H13=$H$8,1,0)+IF(I13=$I$8,1,0)+IF(J13=$J$8,1,0)+IF(K13=$K$8,1,0)+IF(L13=$L$8,1,0)+IF(M13=$M$8,1,0)+IF(N13=$N$8,1,0)+IF(O13=$O$8,1,0)+IF(P13=$P$8,1,0)+IF(Q13=$Q$8,1,0)+IF(R13=$R$8,1,0)+IF(S13=$S$8,1,0)+IF(T13=$T$8,1,0)+IF(U13=$U$8,1,0)+IF(V13=$V$8,1,0)+IF(W13=$W$8,1,0)+IF(X13=$X$8,1,0)+IF(Y13=$Y$8,1,0)+IF(Z13=$Z$8,1,0)+IF(AA13=$AA$8,1,0)+IF(AB13=$AB$8,1,0)+IF(AC13=$AC$8,1,0)+IF(AD13=$AD$8,1,0)+IF(AE13=$AE$8,1,0)+IF(AF13=$AF$8,1,0)+IF(AG13=$AG$8,1,0)+IF(AH13=$AH$8,1,0)+IF(AI13=$AI$8,1,0)+IF(AJ13=$AJ$8,1,0)+IF(AK13=$AK$8,1,0)+IF(AL13=$AL$8,1,0)+IF(AM13=$AM$8,1,0)+IF(AN13=$AN$8,1,0)+IF(AO13=$AO$8,1,0)+IF(AP13=$AP$8,1,0)+IF(AQ13=$AQ$8,1,0)+IF(AR13=$AR$8,1,0)+IF(AS13=$AS$8,1,0)+IF(AT13=$AT$8,1,0))) -> 0 | AV13: =IF(D13="","",VLOOKUP(AU13,'PAT Maths'!$R$3:$S$44,2,FALSE)) -> 10.3
A14: 45356 | B14: 3 | C14: 3A | D14: Lname5 | E14: Fname5 | F14: XXXXX5 | AU14: =IF(D14="",0,(IF(G14=$G$8,1,0)+IF(H14=$H$8,1,0)+IF(I14=$I$8,1,0)+IF(J14=$J$8,1,0)+IF(K14=$K$8,1,0)+IF(L14=$L$8,1,0)+IF(M14=$M$8,1,0)+IF(N14=$N$8,1,0)+IF(O14=$O$8,1,0)+IF(P14=$P$8,1,0)+IF(Q14=$Q$8,1,0)+IF(R14=$R$8,1,0)+IF(S14=$S$8,1,0)+IF(T14=$T$8,1,0)+IF(U14=$U$8,1,0)+IF(V14=$V$8,1,0)+IF(W14=$W$8,1,0)+IF(X14=$X$8,1,0)+IF(Y14=$Y$8,1,0)+IF(Z14=$Z$8,1,0)+IF(AA14=$AA$8,1,0)+IF(AB14=$AB$8,1,0)+IF(AC14=$AC$8,1,0)+IF(AD14=$AD$8,1,0)+IF(AE14=$AE$8,1,0)+IF(AF14=$AF$8,1,0)+IF(AG14=$AG$8,1,0)+IF(AH14=$AH$8,1,0)+IF(AI14=$AI$8,1,0)+IF(AJ14=$AJ$8,1,0)+IF(AK14=$AK$8,1,0)+IF(AL14=$AL$8,1,0)+IF(AM14=$AM$8,1,0)+IF(AN14=$AN$8,1,0)+IF(AO14=$AO$8,1,0)+IF(AP14=$AP$8,1,0)+IF(AQ14=$AQ$8,1,0)+IF(AR14=$AR$8,1,0)+IF(AS14=$AS$8,1,0)+IF(AT14=$AT$8,1,0))) -> 0 | AV14: =IF(D14="","",VLOOKUP(AU14,'PAT Maths'!$R$3:$S$44,2,FALSE)) -> 10.3
A15: 45356 | B15: 3 | C15: 3B | D15: Lname6 | E15: Fname6 | F15: XXXXX6 | AU15: =IF(D15="",0,(IF(G15=$G$8,1,0)+IF(H15=$H$8,1,0)+IF(I15=$I$8,1,0)+IF(J15=$J$8,1,0)+IF(K15=$K$8,1,0)+IF(L15=$L$8,1,0)+IF(M15=$M$8,1,0)+IF(N15=$N$8,1,0)+IF(O15=$O$8,1,0)+IF(P15=$P$8,1,0)+IF(Q15=$Q$8,1,0)+IF(R15=$R$8,1,0)+IF(S15=$S$8,1,0)+IF(T15=$T$8,1,0)+IF(U15=$U$8,1,0)+IF(V15=$V$8,1,0)+IF(W15=$W$8,1,0)+IF(X15=$X$8,1,0)+IF(Y15=$Y$8,1,0)+IF(Z15=$Z$8,1,0)+IF(AA15=$AA$8,1,0)+IF(AB15=$AB$8,1,0)+IF(AC15=$AC$8,1,0)+IF(AD15=$AD$8,1,0)+IF(AE15=$AE$8,1,0)+IF(AF15=$AF$8,1,0)+IF(AG15=$AG$8,1,0)+IF(AH15=$AH$8,1,0)+IF(AI15=$AI$8,1,0)+IF(AJ15=$AJ$8,1,0)+IF(AK15=$AK$8,1,0)+IF(AL15=$AL$8,1,0)+IF(AM15=$AM$8,1,0)+IF(AN15=$AN$8,1,0)+IF(AO15=$AO$8,1,0)+IF(AP15=$AP$8,1,0)+IF(AQ15=$AQ$8,1,0)+IF(AR15=$AR$8,1,0)+IF(AS15=$AS$8,1,0)+IF(AT15=$AT$8,1,0))) -> 0 | AV15: =IF(D15="","",VLOOKUP(AU15,'PAT Maths'!$R$3:$S$44,2,FALSE)) -> 10.3
A16: 45356 | B16: 3 | C16: 3B | D16: Lname7 | E16: Fname7 | F16: XXXXX7 | AU16: =IF(D16="",0,(IF(G16=$G$8,1,0)+IF(H16=$H$8,1,0)+IF(I16=$I$8,1,0)+IF(J16=$J$8,1,0)+IF(K16=$K$8,1,0)+IF(L16=$L$8,1,0)+IF(M16=$M$8,1,0)+IF(N16=$N$8,1,0)+IF(O16=$O$8,1,0)+IF(P16=$P$8,1,0)+IF(Q16=$Q$8,1,0)+IF(R16=$R$8,1,0)+IF(S16=$S$8,1,0)+IF(T16=$T$8,1,0)+IF(U16=$U$8,1,0)+IF(V16=$V$8,1,0)+IF(W16=$W$8,1,0)+IF(X16=$X$8,1,0)+IF(Y16=$Y$8,1,0)+IF(Z16=$Z$8,1,0)+IF(AA16=$AA$8,1,0)+IF(AB16=$AB$8,1,0)+IF(AC16=$AC$8,1,0)+IF(AD16=$AD$8,1,0)+IF(AE16=$AE$8,1,0)+IF(AF16=$AF$8,1,0)+IF(AG16=$AG$8,1,0)+IF(AH16=$AH$8,1,0)+IF(AI16=$AI$8,1,0)+IF(AJ16=$AJ$8,1,0)+IF(AK16=$AK$8,1,0)+IF(AL16=$AL$8,1,0)+IF(AM16=$AM$8,1,0)+IF(AN16=$AN$8,1,0)+IF(AO16=$AO$8,1,0)+IF(AP16=$AP$8,1,0)+IF(AQ16=$AQ$8,1,0)+IF(AR16=$AR$8,1,0)+IF(AS16=$AS$8,1,0)+IF(AT16=$AT$8,1,0))) -> 0 | AV16: =IF(D16="","",VLOOKUP(AU16,'PAT Maths'!$R$3:$S$44,2,FALSE)) -> 10.3
A17: 45356 | B17: 3 | C17: 3B | D17: Lname8 | E17: Fname8 | F17: XXXXX8 | AU17: =IF(D17="",0,(IF(G17=$G$8,1,0)+IF(H17=$H$8,1,0)+IF(I17=$I$8,1,0)+IF(J17=$J$8,1,0)+IF(K17=$K$8,1,0)+IF(L17=$L$8,1,0)+IF(M17=$M$8,1,0)+IF(N17=$N$8,1,0)+IF(O17=$O$8,1,0)+IF(P17=$P$8,1,0)+IF(Q17=$Q$8,1,0)+IF(R17=$R$8,1,0)+IF(S17=$S$8,1,0)+IF(T17=$T$8,1,0)+IF(U17=$U$8,1,0)+IF(V17=$V$8,1,0)+IF(W17=$W$8,1,0)+IF(X17=$X$8,1,0)+IF(Y17=$Y$8,1,0)+IF(Z17=$Z$8,1,0)+IF(AA17=$AA$8,1,0)+IF(AB17=$AB$8,1,0)+IF(AC17=$AC$8,1,0)+IF(AD17=$AD$8,1,0)+IF(AE17=$AE$8,1,0)+IF(AF17=$AF$8,1,0)+IF(AG17=$AG$8,1,0)+IF(AH17=$AH$8,1,0)+IF(AI17=$AI$8,1,0)+IF(AJ17=$AJ$8,1,0)+IF(AK17=$AK$8,1,0)+IF(AL17=$AL$8,1,0)+IF(AM17=$AM$8,1,0)+IF(AN17=$AN$8,1,0)+IF(AO17=$AO$8,1,0)+IF(AP17=$AP$8,1,0)+IF(AQ17=$AQ$8,1,0)+IF(AR17=$AR$8,1,0)+IF(AS17=$AS$8,1,0)+IF(AT17=$AT$8,1,0))) -> 0 | AV17: =IF(D17="","",VLOOKUP(AU17,'PAT Maths'!$R$3:$S$44,2,FALSE)) -> 10.3
A18: 45356 | B18: 3 | C18: 3B | D18: Lname9 | E18: Fname9 | F18: XXXXX9 | AU18: =IF(D18="",0,(IF(G18=$G$8,1,0)+IF(H18=$H$8,1,0)+IF(I18=$I$8,1,0)+IF(J18=$J$8,1,0)+IF(K18=$K$8,1,0)+IF(L18=$L$8,1,0)+IF(M18=$M$8,1,0)+IF(N18=$N$8,1,0)+IF(O18=$O$8,1,0)+IF(P18=$P$8,1,0)+IF(Q18=$Q$8,1,0)+IF(R18=$R$8,1,0)+IF(S18=$S$8,1,0)+IF(T18=$T$8,1,0)+IF(U18=$U$8,1,0)+IF(V18=$V$8,1,0)+IF(W18=$W$8,1,0)+IF(X18=$X$8,1,0)+IF(Y18=$Y$8,1,0)+IF(Z18=$Z$8,1,0)+IF(AA18=$AA$8,1,0)+IF(AB18=$AB$8,1,0)+IF(AC18=$AC$8,1,0)+IF(AD18=$AD$8,1,0)+IF(AE18=$AE$8,1,0)+IF(AF18=$AF$8,1,0)+IF(AG18=$AG$8,1,0)+IF(AH18=$AH$8,1,0)+IF(AI18=$AI$8,1,0)+IF(AJ18=$AJ$8,1,0)+IF(AK18=$AK$8,1,0)+IF(AL18=$AL$8,1,0)+IF(AM18=$AM$8,1,0)+IF(AN18=$AN$8,1,0)+IF(AO18=$AO$8,1,0)+IF(AP18=$AP$8,1,0)+IF(AQ18=$AQ$8,1,0)+IF(AR18=$AR$8,1,0)+IF(AS18=$AS$8,1,0)+IF(AT18=$AT$8,1,0))) -> 0 | AV18: =IF(D18="","",VLOOKUP(AU18,'PAT Maths'!$R$3:$S$44,2,FALSE)) -> 10.3
A19: 45356 | B19: 3 | C19: 3B | D19: Lname10 | E19: Fname10 | F19: XXXXX10 | AU19: =IF(D19="",0,(IF(G19=$G$8,1,0)+IF(H19=$H$8,1,0)+IF(I19=$I$8,1,0)+IF(J19=$J$8,1,0)+IF(K19=$K$8,1,0)+IF(L19=$L$8,1,0)+IF(M19=$M$8,1,0)+IF(N19=$N$8,1,0)+IF(O19=$O$8,1,0)+IF(P19=$P$8,1,0)+IF(Q19=$Q$8,1,0)+IF(R19=$R$8,1,0)+IF(S19=$S$8,1,0)+IF(T19=$T$8,1,0)+IF(U19=$U$8,1,0)+IF(V19=$V$8,1,0)+IF(W19=$W$8,1,0)+IF(X19=$X$8,1,0)+IF(Y19=$Y$8,1,0)+IF(Z19=$Z$8,1,0)+IF(AA19=$AA$8,1,0)+IF(AB19=$AB$8,1,0)+IF(AC19=$AC$8,1,0)+IF(AD19=$AD$8,1,0)+IF(AE19=$AE$8,1,0)+IF(AF19=$AF$8,1,0)+IF(AG19=$AG$8,1,0)+IF(AH19=$AH$8,1,0)+IF(AI19=$AI$8,1,0)+IF(AJ19=$AJ$8,1,0)+IF(AK19=$AK$8,1,0)+IF(AL19=$AL$8,1,0)+IF(AM19=$AM$8,1,0)+IF(AN19=$AN$8,1,0)+IF(AO19=$AO$8,1,0)+IF(AP19=$AP$8,1,0)+IF(AQ19=$AQ$8,1,0)+IF(AR19=$AR$8,1,0)+IF(AS19=$AS$8,1,0)+IF(AT19=$AT$8,1,0))) -> 0 | AV19: =IF(D19="","",VLOOKUP(AU19,'PAT Maths'!$R$3:$S$44,2,FALSE)) -> 10.3
AU20: =IF(D20="",0,(IF(G20=$G$8,1,0)+IF(H20=$H$8,1,0)+IF(I20=$I$8,1,0)+IF(J20=$J$8,1,0)+IF(K20=$K$8,1,0)+IF(L20=$L$8,1,0)+IF(M20=$M$8,1,0)+IF(N20=$N$8,1,0)+IF(O20=$O$8,1,0)+IF(P20=$P$8,1,0)+IF(Q20=$Q$8,1,0)+IF(R20=$R$8,1,0)+IF(S20=$S$8,1,0)+IF(T20=$T$8,1,0)+IF(U20=$U$8,1,0)+IF(V20=$V$8,1,0)+IF(W20=$W$8,1,0)+IF(X20=$X$8,1,0)+IF(Y20=$Y$8,1,0)+IF(Z20=$Z$8,1,0)+IF(AA20=$AA$8,1,0)+IF(AB20=$AB$8,1,0)+IF(AC20=$AC$8,1,0)+IF(AD20=$AD$8,1,0)+IF(AE20=$AE$8,1,0)+IF(AF20=$AF$8,1,0)+IF(AG20=$AG$8,1,0)+IF(AH20=$AH$8,1,0)+IF(AI20=$AI$8,1,0)+IF(AJ20=$AJ$8,1,0)+IF(AK20=$AK$8,1,0)+IF(AL20=$AL$8,1,0)+IF(AM20=$AM$8,1,0)+IF(AN20=$AN$8,1,0)+IF(AO20=$AO$8,1,0)+IF(AP20=$AP$8,1,0)+IF(AQ20=$AQ$8,1,0)+IF(AR20=$AR$8,1,0)+IF(AS20=$AS$8,1,0)+IF(AT20=$AT$8,1,0))) -> 0 | AV20: =IF(D20="","",VLOOKUP(AU20,'PAT Maths'!$R$3:$S$44,2,FALSE))
AU21: =IF(D21="",0,(IF(G21=$G$8,1,0)+IF(H21=$H$8,1,0)+IF(I21=$I$8,1,0)+IF(J21=$J$8,1,0)+IF(K21=$K$8,1,0)+IF(L21=$L$8,1,0)+IF(M21=$M$8,1,0)+IF(N21=$N$8,1,0)+IF(O21=$O$8,1,0)+IF(P21=$P$8,1,0)+IF(Q21=$Q$8,1,0)+IF(R21=$R$8,1,0)+IF(S21=$S$8,1,0)+IF(T21=$T$8,1,0)+IF(U21=$U$8,1,0)+IF(V21=$V$8,1,0)+IF(W21=$W$8,1,0)+IF(X21=$X$8,1,0)+IF(Y21=$Y$8,1,0)+IF(Z21=$Z$8,1,0)+IF(AA21=$AA$8,1,0)+IF(AB21=$AB$8,1,0)+IF(AC21=$AC$8,1,0)+IF(AD21=$AD$8,1,0)+IF(AE21=$AE$8,1,0)+IF(AF21=$AF$8,1,0)+IF(AG21=$AG$8,1,0)+IF(AH21=$AH$8,1,0)+IF(AI21=$AI$8,1,0)+IF(AJ21=$AJ$8,1,0)+IF(AK21=$AK$8,1,0)+IF(AL21=$AL$8,1,0)+IF(AM21=$AM$8,1,0)+IF(AN21=$AN$8,1,0)+IF(AO21=$AO$8,1,0)+IF(AP21=$AP$8,1,0)+IF(AQ21=$AQ$8,1,0)+IF(AR21=$AR$8,1,0)+IF(AS21=$AS$8,1,0)+IF(AT21=$AT$8,1,0))) -> 0 | AV21: =IF(D21="","",VLOOKUP(AU21,'PAT Maths'!$R$3:$S$44,2,FALSE))
AU22: =IF(D22="",0,(IF(G22=$G$8,1,0)+IF(H22=$H$8,1,0)+IF(I22=$I$8,1,0)+IF(J22=$J$8,1,0)+IF(K22=$K$8,1,0)+IF(L22=$L$8,1,0)+IF(M22=$M$8,1,0)+IF(N22=$N$8,1,0)+IF(O22=$O$8,1,0)+IF(P22=$P$8,1,0)+IF(Q22=$Q$8,1,0)+IF(R22=$R$8,1,0)+IF(S22=$S$8,1,0)+IF(T22=$T$8,1,0)+IF(U22=$U$8,1,0)+IF(V22=$V$8,1,0)+IF(W22=$W$8,1,0)+IF(X22=$X$8,1,0)+IF(Y22=$Y$8,1,0)+IF(Z22=$Z$8,1,0)+IF(AA22=$AA$8,1,0)+IF(AB22=$AB$8,1,0)+IF(AC22=$AC$8,1,0)+IF(AD22=$AD$8,1,0)+IF(AE22=$AE$8,1,0)+IF(AF22=$AF$8,1,0)+IF(AG22=$AG$8,1,0)+IF(AH22=$AH$8,1,0)+IF(AI22=$AI$8,1,0)+IF(AJ22=$AJ$8,1,0)+IF(AK22=$AK$8,1,0)+IF(AL22=$AL$8,1,0)+IF(AM22=$AM$8,1,0)+IF(AN22=$AN$8,1,0)+IF(AO22=$AO$8,1,0)+IF(AP22=$AP$8,1,0)+IF(AQ22=$AQ$8,1,0)+IF(AR22=$AR$8,1,0)+IF(AS22=$AS$8,1,0)+IF(AT22=$AT$8,1,0))) -> 0 | AV22: =IF(D22="","",VLOOKUP(AU22,'PAT Maths'!$R$3:$S$44,2,FALSE))
AU23: =IF(D23="",0,(IF(G23=$G$8,1,0)+IF(H23=$H$8,1,0)+IF(I23=$I$8,1,0)+IF(J23=$J$8,1,0)+IF(K23=$K$8,1,0)+IF(L23=$L$8,1,0)+IF(M23=$M$8,1,0)+IF(N23=$N$8,1,0)+IF(O23=$O$8,1,0)+IF(P23=$P$8,1,0)+IF(Q23=$Q$8,1,0)+IF(R23=$R$8,1,0)+IF(S23=$S$8,1,0)+IF(T23=$T$8,1,0)+IF(U23=$U$8,1,0)+IF(V23=$V$8,1,0)+IF(W23=$W$8,1,0)+IF(X23=$X$8,1,0)+IF(Y23=$Y$8,1,0)+IF(Z23=$Z$8,1,0)+IF(AA23=$AA$8,1,0)+IF(AB23=$AB$8,1,0)+IF(AC23=$AC$8,1,0)+IF(AD23=$AD$8,1,0)+IF(AE23=$AE$8,1,0)+IF(AF23=$AF$8,1,0)+IF(AG23=$AG$8,1,0)+IF(AH23=$AH$8,1,0)+IF(AI23=$AI$8,1,0)+IF(AJ23=$AJ$8,1,0)+IF(AK23=$AK$8,1,0)+IF(AL23=$AL$8,1,0)+IF(AM23=$AM$8,1,0)+IF(AN23=$AN$8,1,0)+IF(AO23=$AO$8,1,0)+IF(AP23=$AP$8,1,0)+IF(AQ23=$AQ$8,1,0)+IF(AR23=$AR$8,1,0)+IF(AS23=$AS$8,1,0)+IF(AT23=$AT$8,1,0))) -> 0 | AV23: =IF(D23="","",VLOOKUP(AU23,'PAT Maths'!$R$3:$S$44,2,FALSE))
AU24: =IF(D24="",0,(IF(G24=$G$8,1,0)+IF(H24=$H$8,1,0)+IF(I24=$I$8,1,0)+IF(J24=$J$8,1,0)+IF(K24=$K$8,1,0)+IF(L24=$L$8,1,0)+IF(M24=$M$8,1,0)+IF(N24=$N$8,1,0)+IF(O24=$O$8,1,0)+IF(P24=$P$8,1,0)+IF(Q24=$Q$8,1,0)+IF(R24=$R$8,1,0)+IF(S24=$S$8,1,0)+IF(T24=$T$8,1,0)+IF(U24=$U$8,1,0)+IF(V24=$V$8,1,0)+IF(W24=$W$8,1,0)+IF(X24=$X$8,1,0)+IF(Y24=$Y$8,1,0)+IF(Z24=$Z$8,1,0)+IF(AA24=$AA$8,1,0)+IF(AB24=$AB$8,1,0)+IF(AC24=$AC$8,1,0)+IF(AD24=$AD$8,1,0)+IF(AE24=$AE$8,1,0)+IF(AF24=$AF$8,1,0)+IF(AG24=$AG$8,1,0)+IF(AH24=$AH$8,1,0)+IF(AI24=$AI$8,1,0)+IF(AJ24=$AJ$8,1,0)+IF(AK24=$AK$8,1,0)+IF(AL24=$AL$8,1,0)+IF(AM24=$AM$8,1,0)+IF(AN24=$AN$8,1,0)+IF(AO24=$AO$8,1,0)+IF(AP24=$AP$8,1,0)+IF(AQ24=$AQ$8,1,0)+IF(AR24=$AR$8,1,0)+IF(AS24=$AS$8,1,0)+IF(AT24=$AT$8,1,0))) -> 0 | AV24: =IF(D24="","",VLOOKUP(AU24,'PAT Maths'!$R$3:$S$44,2,FALSE))
AU25: =IF(D25="",0,(IF(G25=$G$8,1,0)+IF(H25=$H$8,1,0)+IF(I25=$I$8,1,0)+IF(J25=$J$8,1,0)+IF(K25=$K$8,1,0)+IF(L25=$L$8,1,0)+IF(M25=$M$8,1,0)+IF(N25=$N$8,1,0)+IF(O25=$O$8,1,0)+IF(P25=$P$8,1,0)+IF(Q25=$Q$8,1,0)+IF(R25=$R$8,1,0)+IF(S25=$S$8,1,0)+IF(T25=$T$8,1,0)+IF(U25=$U$8,1,0)+IF(V25=$V$8,1,0)+IF(W25=$W$8,1,0)+IF(X25=$X$8,1,0)+IF(Y25=$Y$8,1,0)+IF(Z25=$Z$8,1,0)+IF(AA25=$AA$8,1,0)+IF(AB25=$AB$8,1,0)+IF(AC25=$AC$8,1,0)+IF(AD25=$AD$8,1,0)+IF(AE25=$AE$8,1,0)+IF(AF25=$AF$8,1,0)+IF(AG25=$AG$8,1,0)+IF(AH25=$AH$8,1,0)+IF(AI25=$AI$8,1,0)+IF(AJ25=$AJ$8,1,0)+IF(AK25=$AK$8,1,0)+IF(AL25=$AL$8,1,0)+IF(AM25=$AM$8,1,0)+IF(AN25=$AN$8,1,0)+IF(AO25=$AO$8,1,0)+IF(AP25=$AP$8,1,0)+IF(AQ25=$AQ$8,1,0)+IF(AR25=$AR$8,1,0)+IF(AS25=$AS$8,1,0)+IF(AT25=$AT$8,1,0))) -> 0 | AV25: =IF(D25="","",VLOOKUP(AU25,'PAT Maths'!$R$3:$S$44,2,FALSE))
AU26: =IF(D26="",0,(IF(G26=$G$8,1,0)+IF(H26=$H$8,1,0)+IF(I26=$I$8,1,0)+IF(J26=$J$8,1,0)+IF(K26=$K$8,1,0)+IF(L26=$L$8,1,0)+IF(M26=$M$8,1,0)+IF(N26=$N$8,1,0)+IF(O26=$O$8,1,0)+IF(P26=$P$8,1,0)+IF(Q26=$Q$8,1,0)+IF(R26=$R$8,1,0)+IF(S26=$S$8,1,0)+IF(T26=$T$8,1,0)+IF(U26=$U$8,1,0)+IF(V26=$V$8,1,0)+IF(W26=$W$8,1,0)+IF(X26=$X$8,1,0)+IF(Y26=$Y$8,1,0)+IF(Z26=$Z$8,1,0)+IF(AA26=$AA$8,1,0)+IF(AB26=$AB$8,1,0)+IF(AC26=$AC$8,1,0)+IF(AD26=$AD$8,1,0)+IF(AE26=$AE$8,1,0)+IF(AF26=$AF$8,1,0)+IF(AG26=$AG$8,1,0)+IF(AH26=$AH$8,1,0)+IF(AI26=$AI$8,1,0)+IF(AJ26=$AJ$8,1,0)+IF(AK26=$AK$8,1,0)+IF(AL26=$AL$8,1,0)+IF(AM26=$AM$8,1,0)+IF(AN26=$AN$8,1,0)+IF(AO26=$AO$8,1,0)+IF(AP26=$AP$8,1,0)+IF(AQ26=$AQ$8,1,0)+IF(AR26=$AR$8,1,0)+IF(AS26=$AS$8,1,0)+IF(AT26=$AT$8,1,0))) -> 0 | AV26: =IF(D26="","",VLOOKUP(AU26,'PAT Maths'!$R$3:$S$44,2,FALSE))
AU27: =IF(D27="",0,(IF(G27=$G$8,1,0)+IF(H27=$H$8,1,0)+IF(I27=$I$8,1,0)+IF(J27=$J$8,1,0)+IF(K27=$K$8,1,0)+IF(L27=$L$8,1,0)+IF(M27=$M$8,1,0)+IF(N27=$N$8,1,0)+IF(O27=$O$8,1,0)+IF(P27=$P$8,1,0)+IF(Q27=$Q$8,1,0)+IF(R27=$R$8,1,0)+IF(S27=$S$8,1,0)+IF(T27=$T$8,1,0)+IF(U27=$U$8,1,0)+IF(V27=$V$8,1,0)+IF(W27=$W$8,1,0)+IF(X27=$X$8,1,0)+IF(Y27=$Y$8,1,0)+IF(Z27=$Z$8,1,0)+IF(AA27=$AA$8,1,0)+IF(AB27=$AB$8,1,0)+IF(AC27=$AC$8,1,0)+IF(AD27=$AD$8,1,0)+IF(AE27=$AE$8,1,0)+IF(AF27=$AF$8,1,0)+IF(AG27=$AG$8,1,0)+IF(AH27=$AH$8,1,0)+IF(AI27=$AI$8,1,0)+IF(AJ27=$AJ$8,1,0)+IF(AK27=$AK$8,1,0)+IF(AL27=$AL$8,1,0)+IF(AM27=$AM$8,1,0)+IF(AN27=$AN$8,1,0)+IF(AO27=$AO$8,1,0)+IF(AP27=$AP$8,1,0)+IF(AQ27=$AQ$8,1,0)+IF(AR27=$AR$8,1,0)+IF(AS27=$AS$8,1,0)+IF(AT27=$AT$8,1,0))) -> 0 | AV27: =IF(D27="","",VLOOKUP(AU27,'PAT Maths'!$R$3:$S$44,2,FALSE))
AU28: =IF(D28="",0,(IF(G28=$G$8,1,0)+IF(H28=$H$8,1,0)+IF(I28=$I$8,1,0)+IF(J28=$J$8,1,0)+IF(K28=$K$8,1,0)+IF(L28=$L$8,1,0)+IF(M28=$M$8,1,0)+IF(N28=$N$8,1,0)+IF(O28=$O$8,1,0)+IF(P28=$P$8,1,0)+IF(Q28=$Q$8,1,0)+IF(R28=$R$8,1,0)+IF(S28=$S$8,1,0)+IF(T28=$T$8,1,0)+IF(U28=$U$8,1,0)+IF(V28=$V$8,1,0)+IF(W28=$W$8,1,0)+IF(X28=$X$8,1,0)+IF(Y28=$Y$8,1,0)+IF(Z28=$Z$8,1,0)+IF(AA28=$AA$8,1,0)+IF(AB28=$AB$8,1,0)+IF(AC28=$AC$8,1,0)+IF(AD28=$AD$8,1,0)+IF(AE28=$AE$8,1,0)+IF(AF28=$AF$8,1,0)+IF(AG28=$AG$8,1,0)+IF(AH28=$AH$8,1,0)+IF(AI28=$AI$8,1,0)+IF(AJ28=$AJ$8,1,0)+IF(AK28=$AK$8,1,0)+IF(AL28=$AL$8,1,0)+IF(AM28=$AM$8,1,0)+IF(AN28=$AN$8,1,0)+IF(AO28=$AO$8,1,0)+IF(AP28=$AP$8,1,0)+IF(AQ28=$AQ$8,1,0)+IF(AR28=$AR$8,1,0)+IF(AS28=$AS$8,1,0)+IF(AT28=$AT$8,1,0))) -> 0 | AV28: =IF(D28="","",VLOOKUP(AU28,'PAT Maths'!$R$3:$S$44,2,FALSE))
AU29: =IF(D29="",0,(IF(G29=$G$8,1,0)+IF(H29=$H$8,1,0)+IF(I29=$I$8,1,0)+IF(J29=$J$8,1,0)+IF(K29=$K$8,1,0)+IF(L29=$L$8,1,0)+IF(M29=$M$8,1,0)+IF(N29=$N$8,1,0)+IF(O29=$O$8,1,0)+IF(P29=$P$8,1,0)+IF(Q29=$Q$8,1,0)+IF(R29=$R$8,1,0)+IF(S29=$S$8,1,0)+IF(T29=$T$8,1,0)+IF(U29=$U$8,1,0)+IF(V29=$V$8,1,0)+IF(W29=$W$8,1,0)+IF(X29=$X$8,1,0)+IF(Y29=$Y$8,1,0)+IF(Z29=$Z$8,1,0)+IF(AA29=$AA$8,1,0)+IF(AB29=$AB$8,1,0)+IF(AC29=$AC$8,1,0)+IF(AD29=$AD$8,1,0)+IF(AE29=$AE$8,1,0)+IF(AF29=$AF$8,1,0)+IF(AG29=$AG$8,1,0)+IF(AH29=$AH$8,1,0)+IF(AI29=$AI$8,1,0)+IF(AJ29=$AJ$8,1,0)+IF(AK29=$AK$8,1,0)+IF(AL29=$AL$8,1,0)+IF(AM29=$AM$8,1,0)+IF(AN29=$AN$8,1,0)+IF(AO29=$AO$8,1,0)+IF(AP29=$AP$8,1,0)+IF(AQ29=$AQ$8,1,0)+IF(AR29=$AR$8,1,0)+IF(AS29=$AS$8,1,0)+IF(AT29=$AT$8,1,0))) -> 0 | AV29: =IF(D29="","",VLOOKUP(AU29,'PAT Maths'!$R$3:$S$44,2,FALSE))
AU30: =IF(D30="",0,(IF(G30=$G$8,1,0)+IF(H30=$H$8,1,0)+IF(I30=$I$8,1,0)+IF(J30=$J$8,1,0)+IF(K30=$K$8,1,0)+IF(L30=$L$8,1,0)+IF(M30=$M$8,1,0)+IF(N30=$N$8,1,0)+IF(O30=$O$8,1,0)+IF(P30=$P$8,1,0)+IF(Q30=$Q$8,1,0)+IF(R30=$R$8,1,0)+IF(S30=$S$8,1,0)+IF(T30=$T$8,1,0)+IF(U30=$U$8,1,0)+IF(V30=$V$8,1,0)+IF(W30=$W$8,1,0)+IF(X30=$X$8,1,0)+IF(Y30=$Y$8,1,0)+IF(Z30=$Z$8,1,0)+IF(AA30=$AA$8,1,0)+IF(AB30=$AB$8,1,0)+IF(AC30=$AC$8,1,0)+IF(AD30=$AD$8,1,0)+IF(AE30=$AE$8,1,0)+IF(AF30=$AF$8,1,0)+IF(AG30=$AG$8,1,0)+IF(AH30=$AH$8,1,0)+IF(AI30=$AI$8,1,0)+IF(AJ30=$AJ$8,1,0)+IF(AK30=$AK$8,1,0)+IF(AL30=$AL$8,1,0)+IF(AM30=$AM$8,1,0)+IF(AN30=$AN$8,1,0)+IF(AO30=$AO$8,1,0)+IF(AP30=$AP$8,1,0)+IF(AQ30=$AQ$8,1,0)+IF(AR30=$AR$8,1,0)+IF(AS30=$AS$8,1,0)+IF(AT30=$AT$8,1,0))) -> 0 | AV30: =IF(D30="","",VLOOKUP(AU30,'PAT Maths'!$R$3:$S$44,2,FALSE))
AU31: =IF(D31="",0,(IF(G31=$G$8,1,0)+IF(H31=$H$8,1,0)+IF(I31=$I$8,1,0)+IF(J31=$J$8,1,0)+IF(K31=$K$8,1,0)+IF(L31=$L$8,1,0)+IF(M31=$M$8,1,0)+IF(N31=$N$8,1,0)+IF(O31=$O$8,1,0)+IF(P31=$P$8,1,0)+IF(Q31=$Q$8,1,0)+IF(R31=$R$8,1,0)+IF(S31=$S$8,1,0)+IF(T31=$T$8,1,0)+IF(U31=$U$8,1,0)+IF(V31=$V$8,1,0)+IF(W31=$W$8,1,0)+IF(X31=$X$8,1,0)+IF(Y31=$Y$8,1,0)+IF(Z31=$Z$8,1,0)+IF(AA31=$AA$8,1,0)+IF(AB31=$AB$8,1,0)+IF(AC31=$AC$8,1,0)+IF(AD31=$AD$8,1,0)+IF(AE31=$AE$8,1,0)+IF(AF31=$AF$8,1,0)+IF(AG31=$AG$8,1,0)+IF(AH31=$AH$8,1,0)+IF(AI31=$AI$8,1,0)+IF(AJ31=$AJ$8,1,0)+IF(AK31=$AK$8,1,0)+IF(AL31=$AL$8,1,0)+IF(AM31=$AM$8,1,0)+IF(AN31=$AN$8,1,0)+IF(AO31=$AO$8,1,0)+IF(AP31=$AP$8,1,0)+IF(AQ31=$AQ$8,1,0)+IF(AR31=$AR$8,1,0)+IF(AS31=$AS$8,1,0)+IF(AT31=$AT$8,1,0))) -> 0 | AV31: =IF(D31="","",VLOOKUP(AU31,'PAT Maths'!$R$3:$S$44,2,FALSE))
... AU497: =IF(D497="",0,(IF(G497=$G$8,1,0)+IF(H497=$H$8,1,0)+IF(I497=$I$8,1,0)+IF(J497=$J$8,1,0)+IF(K497=$K$8,1,0)+IF(L497=$L$8,1,0)+IF(M497=$M$8,1,0)+IF(N497=$N$8,1,0)+IF(O497=$O$8,1,0)+IF(P497=$P$8,1,0)+IF(Q497=$Q$8,1,0)+IF(R497=$R$8,1,0)+IF(S497=$S$8,1,0)+IF(T497=$T$8,1,0)+IF(U497=$U$8,1,0)+IF(V497=$V$8,1,0)+IF(W497=$W$8,1,0)+IF(X497=$X$8,1,0)+IF(Y497=$Y$8,1,0)+IF(Z497=$Z$8,1,0)+IF(AA497=$AA$8,1,0)+IF(AB497=$AB$8,1,0)+IF(AC497=$AC$8,1,0)+IF(AD497=$AD$8,1,0)+IF(AE497=$AE$8,1,0)+IF(AF497=$AF$8,1,0)+IF(AG497=$AG$8,1,0)+IF(AH497=$AH$8,1,0)+IF(AI497=$AI$8,1,0)+IF(AJ497=$AJ$8,1,0)+IF(AK497=$AK$8,1,0)+IF(AL497=$AL$8,1,0)+IF(AM497=$AM$8,1,0)+IF(AN497=$AN$8,1,0)+IF(AO497=$AO$8,1,0)+IF(AP497=$AP$8,1,0)+IF(AQ497=$AQ$8,1,0)+IF(AR497=$AR$8,1,0)+IF(AS497=$AS$8,1,0)+IF(AT497=$AT$8,1,0))) -> 0 | AV497: =IF(D497="","",VLOOKUP(AU497,'PAT Maths'!$R$3:$S$44,2,FALSE))

Sheet PATM TB7
A1: PAT-Maths - Test Booklet 7
G3: QUESTION No. and ANSWER KEY (Enter the student's response - "A" or "B" or "C" or "D" or "E")
E4: Question Number | G4: 1 | H4: 2 | I4: 3 | J4: 4 | K4: 5 | L4: 6 | M4: 7 | N4: 8 | O4: 9 | P4: 10 | Q4: 11 | R4: 12 | S4: 13 | T4: 14 | U4: 15 | V4: 16 | W4: 17 | X4: 18 | Y4: 19 | Z4: 20 | AA4: 21 | AB4: 22 | AC4: 23 | AD4: 24 | AE4: 25 | AF4: 26 | AG4: 27 | AH4: 28 | AI4: 29 | AJ4: 30 | AK4: 31 | AL4: 32 | AM4: 33 | AN4: 34 | AO4: 35 | AP4: 36 | AQ4: 37 | AR4: 38 | AS4: 39 | AT4: 40 | AU4: 41
E5: Item Difficulty | G5: 58 | H5: 59 | I5: 61 | J5: 63 | K5: 65 | L5: 67 | M5: 63 | N5: 70 | O5: 56 | P5: 79 | Q5: 54 | R5: 57 | S5: 61 | T5: 63 | U5: 63 | V5: 71 | W5: 76 | X5: 80 | Y5: 58 | Z5: 64 | AA5: 61 | AB5: 65 | AC5: 68 | AD5: 73 | AE5: 77 | AF5: 72 | AG5: 51 | AH5: 46 | AI5: 66 | AJ5: 73 | AK5: 68 | AL5: 61 | AM5: 83 | AN5: 54 | AO5: 58 | AP5: 62 | AQ5: 63 | AR5: 64 | AS5: 65 | AT5: 75 | AU5: 76
E6: Skill Assessed | G6: NC | H6: NC | I6: NC | J6: NC | K6: NC | L6: NC | M6: NC | N6: NC | O6: NC | P6: NC | Q6: S | R6: S | S6: S | T6: S | U6: S | V6: S | W6: S | X6: S | Y6: M | Z6: M | AA6: M | AB6: M | AC6: M | AD6: M | AE6: M | AF6: M | AG6: CD | AH6: CD | AI6: CD | AJ6: CD | AK6: CD | AL6: CD | AM6: CD | AN6: A | AO6: A | AP6: A | AQ6: A | AR6: A | AS6: A | AT6: A | AU6: A
A7: required | B7: required | C7: optional | D7: required | E7: required | F7: required
A8: Date (dd/mm/yy) | B8: Yr_Lev | C8: Grp | D8: Surname | E8: First_Name | F8: Student_ID | G8: D | H8: C | I8: E | J8: E | K8: B | L8: C | M8: D | N8: A | O8: B | P8: B | Q8: A | R8: C | S8: C | T8: A | U8: C | V8: B | W8: B | X8: D | Y8: E | Z8: D | AA8: D | AB8: B | AC8: D | AD8: E | AE8: E | AF8: A | AG8: B | AH8: D | AI8: A | AJ8: C | AK8: C | AL8: D | AM8: A | AN8: B | AO8: B | AP8: A | AQ8: C | AR8: B | AS8: C | AT8: D | AU8: A | AV8: Raw Score | AW8: PAT Score
A9: 45356 | B9: 3 | C9: 3A | D9: Lname1 | E9: Fname1 | F9: XXXXX1 | AV9: =IF(D9="",0,(IF(G9=$G$8,1,0)+IF(H9=$H$8,1,0)+IF(I9=$I$8,1,0)+IF(J9=$J$8,1,0)+IF(K9=$K$8,1,0)+IF(L9=$L$8,1,0)+IF(M9=$M$8,1,0)+IF(N9=$N$8,1,0)+IF(O9=$O$8,1,0)+IF(P9=$P$8,1,0)+IF(Q9=$Q$8,1,0)+IF(R9=$R$8,1,0)+IF(S9=$S$8,1,0)+IF(T9=$T$8,1,0)+IF(U9=$U$8,1,0)+IF(V9=$V$8,1,0)+IF(W9=$W$8,1,0)+IF(X9=$X$8,1,0)+IF(Y9=$Y$8,1,0)+IF(Z9=$Z$8,1,0)+IF(AA9=$AA$8,1,0)+IF(AB9=$AB$8,1,0)+IF(AC9=$AC$8,1,0)+IF(AD9=$AD$8,1,0)+IF(AE9=$AE$8,1,0)+IF(AF9=$AF$8,1,0)+IF(AG9=$AG$8,1,0)+IF(AH9=$AH$8,1,0)+IF(AI9=$AI$8,1,0)+IF(AJ9=$AJ$8,1,0)+IF(AK9=$AK$8,1,0)+IF(AL9=$AL$8,1,0)+IF(AM9=$AM$8,1,0)+IF(AN9=$AN$8,1,0)+IF(AO9=$AO$8,1,0)+IF(AP9=$AP$8,1,0)+IF(AQ9=$AQ$8,1,0)+IF(AR9=$AR$8,1,0)+IF(AS9=$AS$8,1,0)+IF(AT9=$AT$8,1,0)+IF(AU9=$AU$8,1,0))) -> 0 | AW9: =IF(D9="","",VLOOKUP(AV9,'PAT Maths'!$T$3:$U$44,2,FALSE)) -> 15
A10: 45356 | B10: 3 | C10: 3A | D10: Lname2 | E10: Fname2 | F10: XXXXX2 | AV10: =IF(D10="",0,(IF(G10=$G$8,1,0)+IF(H10=$H$8,1,0)+IF(I10=$I$8,1,0)+IF(J10=$J$8,1,0)+IF(K10=$K$8,1,0)+IF(L10=$L$8,1,0)+IF(M10=$M$8,1,0)+IF(N10=$N$8,1,0)+IF(O10=$O$8,1,0)+IF(P10=$P$8,1,0)+IF(Q10=$Q$8,1,0)+IF(R10=$R$8,1,0)+IF(S10=$S$8,1,0)+IF(T10=$T$8,1,0)+IF(U10=$U$8,1,0)+IF(V10=$V$8,1,0)+IF(W10=$W$8,1,0)+IF(X10=$X$8,1,0)+IF(Y10=$Y$8,1,0)+IF(Z10=$Z$8,1,0)+IF(AA10=$AA$8,1,0)+IF(AB10=$AB$8,1,0)+IF(AC10=$AC$8,1,0)+IF(AD10=$AD$8,1,0)+IF(AE10=$AE$8,1,0)+IF(AF10=$AF$8,1,0)+IF(AG10=$AG$8,1,0)+IF(AH10=$AH$8,1,0)+IF(AI10=$AI$8,1,0)+IF(AJ10=$AJ$8,1,0)+IF(AK10=$AK$8,1,0)+IF(AL10=$AL$8,1,0)+IF(AM10=$AM$8,1,0)+IF(AN10=$AN$8,1,0)+IF(AO10=$AO$8,1,0)+IF(AP10=$AP$8,1,0)+IF(AQ10=$AQ$8,1,0)+IF(AR10=$AR$8,1,0)+IF(AS10=$AS$8,1,0)+IF(AT10=$AT$8,1,0)+IF(AU10=$AU$8,1,0))) -> 0 | AW10: =IF(D10="","",VLOOKUP(AV10,'PAT Maths'!$T$3:$U$44,2,FALSE)) -> 15
A11: 45356 | B11: 3 | C11: 3A | D11: Lname3 | E11: Fname3 | F11: XXXXX3 | AV11: =IF(D11="",0,(IF(G11=$G$8,1,0)+IF(H11=$H$8,1,0)+IF(I11=$I$8,1,0)+IF(J11=$J$8,1,0)+IF(K11=$K$8,1,0)+IF(L11=$L$8,1,0)+IF(M11=$M$8,1,0)+IF(N11=$N$8,1,0)+IF(O11=$O$8,1,0)+IF(P11=$P$8,1,0)+IF(Q11=$Q$8,1,0)+IF(R11=$R$8,1,0)+IF(S11=$S$8,1,0)+IF(T11=$T$8,1,0)+IF(U11=$U$8,1,0)+IF(V11=$V$8,1,0)+IF(W11=$W$8,1,0)+IF(X11=$X$8,1,0)+IF(Y11=$Y$8,1,0)+IF(Z11=$Z$8,1,0)+IF(AA11=$AA$8,1,0)+IF(AB11=$AB$8,1,0)+IF(AC11=$AC$8,1,0)+IF(AD11=$AD$8,1,0)+IF(AE11=$AE$8,1,0)+IF(AF11=$AF$8,1,0)+IF(AG11=$AG$8,1,0)+IF(AH11=$AH$8,1,0)+IF(AI11=$AI$8,1,0)+IF(AJ11=$AJ$8,1,0)+IF(AK11=$AK$8,1,0)+IF(AL11=$AL$8,1,0)+IF(AM11=$AM$8,1,0)+IF(AN11=$AN$8,1,0)+IF(AO11=$AO$8,1,0)+IF(AP11=$AP$8,1,0)+IF(AQ11=$AQ$8,1,0)+IF(AR11=$AR$8,1,0)+IF(AS11=$AS$8,1,0)+IF(AT11=$AT$8,1,0)+IF(AU11=$AU$8,1,0))) -> 0 | AW11: =IF(D11="","",VLOOKUP(AV11,'PAT Maths'!$T$3:$U$44,2,FALSE)) -> 15
A12: 45356 | B12: 3 | C12: 3A | D12: Lname4 | E12: Fname4 | F12: XXXXX4 | AV12: =IF(D12="",0,(IF(G12=$G$8,1,0)+IF(H12=$H$8,1,0)+IF(I12=$I$8,1,0)+IF(J12=$J$8,1,0)+IF(K12=$K$8,1,0)+IF(L12=$L$8,1,0)+IF(M12=$M$8,1,0)+IF(N12=$N$8,1,0)+IF(O12=$O$8,1,0)+IF(P12=$P$8,1,0)+IF(Q12=$Q$8,1,0)+IF(R12=$R$8,1,0)+IF(S12=$S$8,1,0)+IF(T12=$T$8,1,0)+IF(U12=$U$8,1,0)+IF(V12=$V$8,1,0)+IF(W12=$W$8,1,0)+IF(X12=$X$8,1,0)+IF(Y12=$Y$8,1,0)+IF(Z12=$Z$8,1,0)+IF(AA12=$AA$8,1,0)+IF(AB12=$AB$8,1,0)+IF(AC12=$AC$8,1,0)+IF(AD12=$AD$8,1,0)+IF(AE12=$AE$8,1,0)+IF(AF12=$AF$8,1,0)+IF(AG12=$AG$8,1,0)+IF(AH12=$AH$8,1,0)+IF(AI12=$AI$8,1,0)+IF(AJ12=$AJ$8,1,0)+IF(AK12=$AK$8,1,0)+IF(AL12=$AL$8,1,0)+IF(AM12=$AM$8,1,0)+IF(AN12=$AN$8,1,0)+IF(AO12=$AO$8,1,0)+IF(AP12=$AP$8,1,0)+IF(AQ12=$AQ$8,1,0)+IF(AR12=$AR$8,1,0)+IF(AS12=$AS$8,1,0)+IF(AT12=$AT$8,1,0)+IF(AU12=$AU$8,1,0))) -> 0 | AW12: =IF(D12="","",VLOOKUP(AV12,'PAT Maths'!$T$3:$U$44,2,FALSE)) -> 15
A13: 45356 | B13: 3 | C13: 3B | D13: ULname13 | E13: UFname13 | F13: UNLISTED | AV13: =IF(D13="",0,(IF(G13=$G$8,1,0)+IF(H13=$H$8,1,0)+IF(I13=$I$8,1,0)+IF(J13=$J$8,1,0)+IF(K13=$K$8,1,0)+IF(L13=$L$8,1,0)+IF(M13=$M$8,1,0)+IF(N13=$N$8,1,0)+IF(O13=$O$8,1,0)+IF(P13=$P$8,1,0)+IF(Q13=$Q$8,1,0)+IF(R13=$R$8,1,0)+IF(S13=$S$8,1,0)+IF(T13=$T$8,1,0)+IF(U13=$U$8,1,0)+IF(V13=$V$8,1,0)+IF(W13=$W$8,1,0)+IF(X13=$X$8,1,0)+IF(Y13=$Y$8,1,0)+IF(Z13=$Z$8,1,0)+IF(AA13=$AA$8,1,0)+IF(AB13=$AB$8,1,0)+IF(AC13=$AC$8,1,0)+IF(AD13=$AD$8,1,0)+IF(AE13=$AE$8,1,0)+IF(AF13=$AF$8,1,0)+IF(AG13=$AG$8,1,0)+IF(AH13=$AH$8,1,0)+IF(AI13=$AI$8,1,0)+IF(AJ13=$AJ$8,1,0)+IF(AK13=$AK$8,1,0)+IF(AL13=$AL$8,1,0)+IF(AM13=$AM$8,1,0)+IF(AN13=$AN$8,1,0)+IF(AO13=$AO$8,1,0)+IF(AP13=$AP$8,1,0)+IF(AQ13=$AQ$8,1,0)+IF(AR13=$AR$8,1,0)+IF(AS13=$AS$8,1,0)+IF(AT13=$AT$8,1,0)+IF(AU13=$AU$8,1,0))) -> 0 | AW13: =IF(D13="","",VLOOKUP(AV13,'PAT Maths'!$T$3:$U$44,2,FALSE)) -> 15
A14: 45356 | B14: 3 | C14: 3A | D14: Lname5 | E14: Fname5 | F14: XXXXX5 | AV14: =IF(D14="",0,(IF(G14=$G$8,1,0)+IF(H14=$H$8,1,0)+IF(I14=$I$8,1,0)+IF(J14=$J$8,1,0)+IF(K14=$K$8,1,0)+IF(L14=$L$8,1,0)+IF(M14=$M$8,1,0)+IF(N14=$N$8,1,0)+IF(O14=$O$8,1,0)+IF(P14=$P$8,1,0)+IF(Q14=$Q$8,1,0)+IF(R14=$R$8,1,0)+IF(S14=$S$8,1,0)+IF(T14=$T$8,1,0)+IF(U14=$U$8,1,0)+IF(V14=$V$8,1,0)+IF(W14=$W$8,1,0)+IF(X14=$X$8,1,0)+IF(Y14=$Y$8,1,0)+IF(Z14=$Z$8,1,0)+IF(AA14=$AA$8,1,0)+IF(AB14=$AB$8,1,0)+IF(AC14=$AC$8,1,0)+IF(AD14=$AD$8,1,0)+IF(AE14=$AE$8,1,0)+IF(AF14=$AF$8,1,0)+IF(AG14=$AG$8,1,0)+IF(AH14=$AH$8,1,0)+IF(AI14=$AI$8,1,0)+IF(AJ14=$AJ$8,1,0)+IF(AK14=$AK$8,1,0)+IF(AL14=$AL$8,1,0)+IF(AM14=$AM$8,1,0)+IF(AN14=$AN$8,1,0)+IF(AO14=$AO$8,1,0)+IF(AP14=$AP$8,1,0)+IF(AQ14=$AQ$8,1,0)+IF(AR14=$AR$8,1,0)+IF(AS14=$AS$8,1,0)+IF(AT14=$AT$8,1,0)+IF(AU14=$AU$8,1,0))) -> 0 | AW14: =IF(D14="","",VLOOKUP(AV14,'PAT Maths'!$T$3:$U$44,2,FALSE)) -> 15
A15: 45356 | B15: 3 | C15: 3B | D15: Lname6 | E15: Fname6 | F15: XXXXX6 | AV15: =IF(D15="",0,(IF(G15=$G$8,1,0)+IF(H15=$H$8,1,0)+IF(I15=$I$8,1,0)+IF(J15=$J$8,1,0)+IF(K15=$K$8,1,0)+IF(L15=$L$8,1,0)+IF(M15=$M$8,1,0)+IF(N15=$N$8,1,0)+IF(O15=$O$8,1,0)+IF(P15=$P$8,1,0)+IF(Q15=$Q$8,1,0)+IF(R15=$R$8,1,0)+IF(S15=$S$8,1,0)+IF(T15=$T$8,1,0)+IF(U15=$U$8,1,0)+IF(V15=$V$8,1,0)+IF(W15=$W$8,1,0)+IF(X15=$X$8,1,0)+IF(Y15=$Y$8,1,0)+IF(Z15=$Z$8,1,0)+IF(AA15=$AA$8,1,0)+IF(AB15=$AB$8,1,0)+IF(AC15=$AC$8,1,0)+IF(AD15=$AD$8,1,0)+IF(AE15=$AE$8,1,0)+IF(AF15=$AF$8,1,0)+IF(AG15=$AG$8,1,0)+IF(AH15=$AH$8,1,0)+IF(AI15=$AI$8,1,0)+IF(AJ15=$AJ$8,1,0)+IF(AK15=$AK$8,1,0)+IF(AL15=$AL$8,1,0)+IF(AM15=$AM$8,1,0)+IF(AN15=$AN$8,1,0)+IF(AO15=$AO$8,1,0)+IF(AP15=$AP$8,1,0)+IF(AQ15=$AQ$8,1,0)+IF(AR15=$AR$8,1,0)+IF(AS15=$AS$8,1,0)+IF(AT15=$AT$8,1,0)+IF(AU15=$AU$8,1,0))) -> 0 | AW15: =IF(D15="","",VLOOKUP(AV15,'PAT Maths'!$T$3:$U$44,2,FALSE)) -> 15
A16: 45356 | B16: 3 | C16: 3B | D16: Lname7 | E16: Fname7 | F16: XXXXX7 | AV16: =IF(D16="",0,(IF(G16=$G$8,1,0)+IF(H16=$H$8,1,0)+IF(I16=$I$8,1,0)+IF(J16=$J$8,1,0)+IF(K16=$K$8,1,0)+IF(L16=$L$8,1,0)+IF(M16=$M$8,1,0)+IF(N16=$N$8,1,0)+IF(O16=$O$8,1,0)+IF(P16=$P$8,1,0)+IF(Q16=$Q$8,1,0)+IF(R16=$R$8,1,0)+IF(S16=$S$8,1,0)+IF(T16=$T$8,1,0)+IF(U16=$U$8,1,0)+IF(V16=$V$8,1,0)+IF(W16=$W$8,1,0)+IF(X16=$X$8,1,0)+IF(Y16=$Y$8,1,0)+IF(Z16=$Z$8,1,0)+IF(AA16=$AA$8,1,0)+IF(AB16=$AB$8,1,0)+IF(AC16=$AC$8,1,0)+IF(AD16=$AD$8,1,0)+IF(AE16=$AE$8,1,0)+IF(AF16=$AF$8,1,0)+IF(AG16=$AG$8,1,0)+IF(AH16=$AH$8,1,0)+IF(AI16=$AI$8,1,0)+IF(AJ16=$AJ$8,1,0)+IF(AK16=$AK$8,1,0)+IF(AL16=$AL$8,1,0)+IF(AM16=$AM$8,1,0)+IF(AN16=$AN$8,1,0)+IF(AO16=$AO$8,1,0)+IF(AP16=$AP$8,1,0)+IF(AQ16=$AQ$8,1,0)+IF(AR16=$AR$8,1,0)+IF(AS16=$AS$8,1,0)+IF(AT16=$AT$8,1,0)+IF(AU16=$AU$8,1,0))) -> 0 | AW16: =IF(D16="","",VLOOKUP(AV16,'PAT Maths'!$T$3:$U$44,2,FALSE)) -> 15
A17: 45356 | B17: 3 | C17: 3B | D17: Lname8 | E17: Fname8 | F17: XXXXX8 | AV17: =IF(D17="",0,(IF(G17=$G$8,1,0)+IF(H17=$H$8,1,0)+IF(I17=$I$8,1,0)+IF(J17=$J$8,1,0)+IF(K17=$K$8,1,0)+IF(L17=$L$8,1,0)+IF(M17=$M$8,1,0)+IF(N17=$N$8,1,0)+IF(O17=$O$8,1,0)+IF(P17=$P$8,1,0)+IF(Q17=$Q$8,1,0)+IF(R17=$R$8,1,0)+IF(S17=$S$8,1,0)+IF(T17=$T$8,1,0)+IF(U17=$U$8,1,0)+IF(V17=$V$8,1,0)+IF(W17=$W$8,1,0)+IF(X17=$X$8,1,0)+IF(Y17=$Y$8,1,0)+IF(Z17=$Z$8,1,0)+IF(AA17=$AA$8,1,0)+IF(AB17=$AB$8,1,0)+IF(AC17=$AC$8,1,0)+IF(AD17=$AD$8,1,0)+IF(AE17=$AE$8,1,0)+IF(AF17=$AF$8,1,0)+IF(AG17=$AG$8,1,0)+IF(AH17=$AH$8,1,0)+IF(AI17=$AI$8,1,0)+IF(AJ17=$AJ$8,1,0)+IF(AK17=$AK$8,1,0)+IF(AL17=$AL$8,1,0)+IF(AM17=$AM$8,1,0)+IF(AN17=$AN$8,1,0)+IF(AO17=$AO$8,1,0)+IF(AP17=$AP$8,1,0)+IF(AQ17=$AQ$8,1,0)+IF(AR17=$AR$8,1,0)+IF(AS17=$AS$8,1,0)+IF(AT17=$AT$8,1,0)+IF(AU17=$AU$8,1,0))) -> 0 | AW17: =IF(D17="","",VLOOKUP(AV17,'PAT Maths'!$T$3:$U$44,2,FALSE)) -> 15
A18: 45356 | B18: 3 | C18: 3B | D18: Lname9 | E18: Fname9 | F18: XXXXX9 | AV18: =IF(D18="",0,(IF(G18=$G$8,1,0)+IF(H18=$H$8,1,0)+IF(I18=$I$8,1,0)+IF(J18=$J$8,1,0)+IF(K18=$K$8,1,0)+IF(L18=$L$8,1,0)+IF(M18=$M$8,1,0)+IF(N18=$N$8,1,0)+IF(O18=$O$8,1,0)+IF(P18=$P$8,1,0)+IF(Q18=$Q$8,1,0)+IF(R18=$R$8,1,0)+IF(S18=$S$8,1,0)+IF(T18=$T$8,1,0)+IF(U18=$U$8,1,0)+IF(V18=$V$8,1,0)+IF(W18=$W$8,1,0)+IF(X18=$X$8,1,0)+IF(Y18=$Y$8,1,0)+IF(Z18=$Z$8,1,0)+IF(AA18=$AA$8,1,0)+IF(AB18=$AB$8,1,0)+IF(AC18=$AC$8,1,0)+IF(AD18=$AD$8,1,0)+IF(AE18=$AE$8,1,0)+IF(AF18=$AF$8,1,0)+IF(AG18=$AG$8,1,0)+IF(AH18=$AH$8,1,0)+IF(AI18=$AI$8,1,0)+IF(AJ18=$AJ$8,1,0)+IF(AK18=$AK$8,1,0)+IF(AL18=$AL$8,1,0)+IF(AM18=$AM$8,1,0)+IF(AN18=$AN$8,1,0)+IF(AO18=$AO$8,1,0)+IF(AP18=$AP$8,1,0)+IF(AQ18=$AQ$8,1,0)+IF(AR18=$AR$8,1,0)+IF(AS18=$AS$8,1,0)+IF(AT18=$AT$8,1,0)+IF(AU18=$AU$8,1,0))) -> 0 | AW18: =IF(D18="","",VLOOKUP(AV18,'PAT Maths'!$T$3:$U$44,2,FALSE)) -> 15
A19: 45356 | B19: 3 | C19: 3B | D19: Lname10 | E19: Fname10 | F19: XXXXX10 | AV19: =IF(D19="",0,(IF(G19=$G$8,1,0)+IF(H19=$H$8,1,0)+IF(I19=$I$8,1,0)+IF(J19=$J$8,1,0)+IF(K19=$K$8,1,0)+IF(L19=$L$8,1,0)+IF(M19=$M$8,1,0)+IF(N19=$N$8,1,0)+IF(O19=$O$8,1,0)+IF(P19=$P$8,1,0)+IF(Q19=$Q$8,1,0)+IF(R19=$R$8,1,0)+IF(S19=$S$8,1,0)+IF(T19=$T$8,1,0)+IF(U19=$U$8,1,0)+IF(V19=$V$8,1,0)+IF(W19=$W$8,1,0)+IF(X19=$X$8,1,0)+IF(Y19=$Y$8,1,0)+IF(Z19=$Z$8,1,0)+IF(AA19=$AA$8,1,0)+IF(AB19=$AB$8,1,0)+IF(AC19=$AC$8,1,0)+IF(AD19=$AD$8,1,0)+IF(AE19=$AE$8,1,0)+IF(AF19=$AF$8,1,0)+IF(AG19=$AG$8,1,0)+IF(AH19=$AH$8,1,0)+IF(AI19=$AI$8,1,0)+IF(AJ19=$AJ$8,1,0)+IF(AK19=$AK$8,1,0)+IF(AL19=$AL$8,1,0)+IF(AM19=$AM$8,1,0)+IF(AN19=$AN$8,1,0)+IF(AO19=$AO$8,1,0)+IF(AP19=$AP$8,1,0)+IF(AQ19=$AQ$8,1,0)+IF(AR19=$AR$8,1,0)+IF(AS19=$AS$8,1,0)+IF(AT19=$AT$8,1,0)+IF(AU19=$AU$8,1,0))) -> 0 | AW19: =IF(D19="","",VLOOKUP(AV19,'PAT Maths'!$T$3:$U$44,2,FALSE)) -> 15
AV20: =IF(D20="",0,(IF(G20=$G$8,1,0)+IF(H20=$H$8,1,0)+IF(I20=$I$8,1,0)+IF(J20=$J$8,1,0)+IF(K20=$K$8,1,0)+IF(L20=$L$8,1,0)+IF(M20=$M$8,1,0)+IF(N20=$N$8,1,0)+IF(O20=$O$8,1,0)+IF(P20=$P$8,1,0)+IF(Q20=$Q$8,1,0)+IF(R20=$R$8,1,0)+IF(S20=$S$8,1,0)+IF(T20=$T$8,1,0)+IF(U20=$U$8,1,0)+IF(V20=$V$8,1,0)+IF(W20=$W$8,1,0)+IF(X20=$X$8,1,0)+IF(Y20=$Y$8,1,0)+IF(Z20=$Z$8,1,0)+IF(AA20=$AA$8,1,0)+IF(AB20=$AB$8,1,0)+IF(AC20=$AC$8,1,0)+IF(AD20=$AD$8,1,0)+IF(AE20=$AE$8,1,0)+IF(AF20=$AF$8,1,0)+IF(AG20=$AG$8,1,0)+IF(AH20=$AH$8,1,0)+IF(AI20=$AI$8,1,0)+IF(AJ20=$AJ$8,1,0)+IF(AK20=$AK$8,1,0)+IF(AL20=$AL$8,1,0)+IF(AM20=$AM$8,1,0)+IF(AN20=$AN$8,1,0)+IF(AO20=$AO$8,1,0)+IF(AP20=$AP$8,1,0)+IF(AQ20=$AQ$8,1,0)+IF(AR20=$AR$8,1,0)+IF(AS20=$AS$8,1,0)+IF(AT20=$AT$8,1,0)+IF(AU20=$AU$8,1,0))) -> 0 | AW20: =IF(D20="","",VLOOKUP(AV20,'PAT Maths'!$T$3:$U$44,2,FALSE))
AV21: =IF(D21="",0,(IF(G21=$G$8,1,0)+IF(H21=$H$8,1,0)+IF(I21=$I$8,1,0)+IF(J21=$J$8,1,0)+IF(K21=$K$8,1,0)+IF(L21=$L$8,1,0)+IF(M21=$M$8,1,0)+IF(N21=$N$8,1,0)+IF(O21=$O$8,1,0)+IF(P21=$P$8,1,0)+IF(Q21=$Q$8,1,0)+IF(R21=$R$8,1,0)+IF(S21=$S$8,1,0)+IF(T21=$T$8,1,0)+IF(U21=$U$8,1,0)+IF(V21=$V$8,1,0)+IF(W21=$W$8,1,0)+IF(X21=$X$8,1,0)+IF(Y21=$Y$8,1,0)+IF(Z21=$Z$8,1,0)+IF(AA21=$AA$8,1,0)+IF(AB21=$AB$8,1,0)+IF(AC21=$AC$8,1,0)+IF(AD21=$AD$8,1,0)+IF(AE21=$AE$8,1,0)+IF(AF21=$AF$8,1,0)+IF(AG21=$AG$8,1,0)+IF(AH21=$AH$8,1,0)+IF(AI21=$AI$8,1,0)+IF(AJ21=$AJ$8,1,0)+IF(AK21=$AK$8,1,0)+IF(AL21=$AL$8,1,0)+IF(AM21=$AM$8,1,0)+IF(AN21=$AN$8,1,0)+IF(AO21=$AO$8,1,0)+IF(AP21=$AP$8,1,0)+IF(AQ21=$AQ$8,1,0)+IF(AR21=$AR$8,1,0)+IF(AS21=$AS$8,1,0)+IF(AT21=$AT$8,1,0)+IF(AU21=$AU$8,1,0))) -> 0 | AW21: =IF(D21="","",VLOOKUP(AV21,'PAT Maths'!$T$3:$U$44,2,FALSE))
AV22: =IF(D22="",0,(IF(G22=$G$8,1,0)+IF(H22=$H$8,1,0)+IF(I22=$I$8,1,0)+IF(J22=$J$8,1,0)+IF(K22=$K$8,1,0)+IF(L22=$L$8,1,0)+IF(M22=$M$8,1,0)+IF(N22=$N$8,1,0)+IF(O22=$O$8,1,0)+IF(P22=$P$8,1,0)+IF(Q22=$Q$8,1,0)+IF(R22=$R$8,1,0)+IF(S22=$S$8,1,0)+IF(T22=$T$8,1,0)+IF(U22=$U$8,1,0)+IF(V22=$V$8,1,0)+IF(W22=$W$8,1,0)+IF(X22=$X$8,1,0)+IF(Y22=$Y$8,1,0)+IF(Z22=$Z$8,1,0)+IF(AA22=$AA$8,1,0)+IF(AB22=$AB$8,1,0)+IF(AC22=$AC$8,1,0)+IF(AD22=$AD$8,1,0)+IF(AE22=$AE$8,1,0)+IF(AF22=$AF$8,1,0)+IF(AG22=$AG$8,1,0)+IF(AH22=$AH$8,1,0)+IF(AI22=$AI$8,1,0)+IF(AJ22=$AJ$8,1,0)+IF(AK22=$AK$8,1,0)+IF(AL22=$AL$8,1,0)+IF(AM22=$AM$8,1,0)+IF(AN22=$AN$8,1,0)+IF(AO22=$AO$8,1,0)+IF(AP22=$AP$8,1,0)+IF(AQ22=$AQ$8,1,0)+IF(AR22=$AR$8,1,0)+IF(AS22=$AS$8,1,0)+IF(AT22=$AT$8,1,0)+IF(AU22=$AU$8,1,0))) -> 0 | AW22: =IF(D22="","",VLOOKUP(AV22,'PAT Maths'!$T$3:$U$44,2,FALSE))
AV23: =IF(D23="",0,(IF(G23=$G$8,1,0)+IF(H23=$H$8,1,0)+IF(I23=$I$8,1,0)+IF(J23=$J$8,1,0)+IF(K23=$K$8,1,0)+IF(L23=$L$8,1,0)+IF(M23=$M$8,1,0)+IF(N23=$N$8,1,0)+IF(O23=$O$8,1,0)+IF(P23=$P$8,1,0)+IF(Q23=$Q$8,1,0)+IF(R23=$R$8,1,0)+IF(S23=$S$8,1,0)+IF(T23=$T$8,1,0)+IF(U23=$U$8,1,0)+IF(V23=$V$8,1,0)+IF(W23=$W$8,1,0)+IF(X23=$X$8,1,0)+IF(Y23=$Y$8,1,0)+IF(Z23=$Z$8,1,0)+IF(AA23=$AA$8,1,0)+IF(AB23=$AB$8,1,0)+IF(AC23=$AC$8,1,0)+IF(AD23=$AD$8,1,0)+IF(AE23=$AE$8,1,0)+IF(AF23=$AF$8,1,0)+IF(AG23=$AG$8,1,0)+IF(AH23=$AH$8,1,0)+IF(AI23=$AI$8,1,0)+IF(AJ23=$AJ$8,1,0)+IF(AK23=$AK$8,1,0)+IF(AL23=$AL$8,1,0)+IF(AM23=$AM$8,1,0)+IF(AN23=$AN$8,1,0)+IF(AO23=$AO$8,1,0)+IF(AP23=$AP$8,1,0)+IF(AQ23=$AQ$8,1,0)+IF(AR23=$AR$8,1,0)+IF(AS23=$AS$8,1,0)+IF(AT23=$AT$8,1,0)+IF(AU23=$AU$8,1,0))) -> 0 | AW23: =IF(D23="","",VLOOKUP(AV23,'PAT Maths'!$T$3:$U$44,2,FALSE))
AV24: =IF(D24="",0,(IF(G24=$G$8,1,0)+IF(H24=$H$8,1,0)+IF(I24=$I$8,1,0)+IF(J24=$J$8,1,0)+IF(K24=$K$8,1,0)+IF(L24=$L$8,1,0)+IF(M24=$M$8,1,0)+IF(N24=$N$8,1,0)+IF(O24=$O$8,1,0)+IF(P24=$P$8,1,0)+IF(Q24=$Q$8,1,0)+IF(R24=$R$8,1,0)+IF(S24=$S$8,1,0)+IF(T24=$T$8,1,0)+IF(U24=$U$8,1,0)+IF(V24=$V$8,1,0)+IF(W24=$W$8,1,0)+IF(X24=$X$8,1,0)+IF(Y24=$Y$8,1,0)+IF(Z24=$Z$8,1,0)+IF(AA24=$AA$8,1,0)+IF(AB24=$AB$8,1,0)+IF(AC24=$AC$8,1,0)+IF(AD24=$AD$8,1,0)+IF(AE24=$AE$8,1,0)+IF(AF24=$AF$8,1,0)+IF(AG24=$AG$8,1,0)+IF(AH24=$AH$8,1,0)+IF(AI24=$AI$8,1,0)+IF(AJ24=$AJ$8,1,0)+IF(AK24=$AK$8,1,0)+IF(AL24=$AL$8,1,0)+IF(AM24=$AM$8,1,0)+IF(AN24=$AN$8,1,0)+IF(AO24=$AO$8,1,0)+IF(AP24=$AP$8,1,0)+IF(AQ24=$AQ$8,1,0)+IF(AR24=$AR$8,1,0)+IF(AS24=$AS$8,1,0)+IF(AT24=$AT$8,1,0)+IF(AU24=$AU$8,1,0))) -> 0 | AW24: =IF(D24="","",VLOOKUP(AV24,'PAT Maths'!$T$3:$U$44,2,FALSE))
AV25: =IF(D25="",0,(IF(G25=$G$8,1,0)+IF(H25=$H$8,1,0)+IF(I25=$I$8,1,0)+IF(J25=$J$8,1,0)+IF(K25=$K$8,1,0)+IF(L25=$L$8,1,0)+IF(M25=$M$8,1,0)+IF(N25=$N$8,1,0)+IF(O25=$O$8,1,0)+IF(P25=$P$8,1,0)+IF(Q25=$Q$8,1,0)+IF(R25=$R$8,1,0)+IF(S25=$S$8,1,0)+IF(T25=$T$8,1,0)+IF(U25=$U$8,1,0)+IF(V25=$V$8,1,0)+IF(W25=$W$8,1,0)+IF(X25=$X$8,1,0)+IF(Y25=$Y$8,1,0)+IF(Z25=$Z$8,1,0)+IF(AA25=$AA$8,1,0)+IF(AB25=$AB$8,1,0)+IF(AC25=$AC$8,1,0)+IF(AD25=$AD$8,1,0)+IF(AE25=$AE$8,1,0)+IF(AF25=$AF$8,1,0)+IF(AG25=$AG$8,1,0)+IF(AH25=$AH$8,1,0)+IF(AI25=$AI$8,1,0)+IF(AJ25=$AJ$8,1,0)+IF(AK25=$AK$8,1,0)+IF(AL25=$AL$8,1,0)+IF(AM25=$AM$8,1,0)+IF(AN25=$AN$8,1,0)+IF(AO25=$AO$8,1,0)+IF(AP25=$AP$8,1,0)+IF(AQ25=$AQ$8,1,0)+IF(AR25=$AR$8,1,0)+IF(AS25=$AS$8,1,0)+IF(AT25=$AT$8,1,0)+IF(AU25=$AU$8,1,0))) -> 0 | AW25: =IF(D25="","",VLOOKUP(AV25,'PAT Maths'!$T$3:$U$44,2,FALSE))
AV26: =IF(D26="",0,(IF(G26=$G$8,1,0)+IF(H26=$H$8,1,0)+IF(I26=$I$8,1,0)+IF(J26=$J$8,1,0)+IF(K26=$K$8,1,0)+IF(L26=$L$8,1,0)+IF(M26=$M$8,1,0)+IF(N26=$N$8,1,0)+IF(O26=$O$8,1,0)+IF(P26=$P$8,1,0)+IF(Q26=$Q$8,1,0)+IF(R26=$R$8,1,0)+IF(S26=$S$8,1,0)+IF(T26=$T$8,1,0)+IF(U26=$U$8,1,0)+IF(V26=$V$8,1,0)+IF(W26=$W$8,1,0)+IF(X26=$X$8,1,0)+IF(Y26=$Y$8,1,0)+IF(Z26=$Z$8,1,0)+IF(AA26=$AA$8,1,0)+IF(AB26=$AB$8,1,0)+IF(AC26=$AC$8,1,0)+IF(AD26=$AD$8,1,0)+IF(AE26=$AE$8,1,0)+IF(AF26=$AF$8,1,0)+IF(AG26=$AG$8,1,0)+IF(AH26=$AH$8,1,0)+IF(AI26=$AI$8,1,0)+IF(AJ26=$AJ$8,1,0)+IF(AK26=$AK$8,1,0)+IF(AL26=$AL$8,1,0)+IF(AM26=$AM$8,1,0)+IF(AN26=$AN$8,1,0)+IF(AO26=$AO$8,1,0)+IF(AP26=$AP$8,1,0)+IF(AQ26=$AQ$8,1,0)+IF(AR26=$AR$8,1,0)+IF(AS26=$AS$8,1,0)+IF(AT26=$AT$8,1,0)+IF(AU26=$AU$8,1,0))) -> 0 | AW26: =IF(D26="","",VLOOKUP(AV26,'PAT Maths'!$T$3:$U$44,2,FALSE))
AV27: =IF(D27="",0,(IF(G27=$G$8,1,0)+IF(H27=$H$8,1,0)+IF(I27=$I$8,1,0)+IF(J27=$J$8,1,0)+IF(K27=$K$8,1,0)+IF(L27=$L$8,1,0)+IF(M27=$M$8,1,0)+IF(N27=$N$8,1,0)+IF(O27=$O$8,1,0)+IF(P27=$P$8,1,0)+IF(Q27=$Q$8,1,0)+IF(R27=$R$8,1,0)+IF(S27=$S$8,1,0)+IF(T27=$T$8,1,0)+IF(U27=$U$8,1,0)+IF(V27=$V$8,1,0)+IF(W27=$W$8,1,0)+IF(X27=$X$8,1,0)+IF(Y27=$Y$8,1,0)+IF(Z27=$Z$8,1,0)+IF(AA27=$AA$8,1,0)+IF(AB27=$AB$8,1,0)+IF(AC27=$AC$8,1,0)+IF(AD27=$AD$8,1,0)+IF(AE27=$AE$8,1,0)+IF(AF27=$AF$8,1,0)+IF(AG27=$AG$8,1,0)+IF(AH27=$AH$8,1,0)+IF(AI27=$AI$8,1,0)+IF(AJ27=$AJ$8,1,0)+IF(AK27=$AK$8,1,0)+IF(AL27=$AL$8,1,0)+IF(AM27=$AM$8,1,0)+IF(AN27=$AN$8,1,0)+IF(AO27=$AO$8,1,0)+IF(AP27=$AP$8,1,0)+IF(AQ27=$AQ$8,1,0)+IF(AR27=$AR$8,1,0)+IF(AS27=$AS$8,1,0)+IF(AT27=$AT$8,1,0)+IF(AU27=$AU$8,1,0))) -> 0 | AW27: =IF(D27="","",VLOOKUP(AV27,'PAT Maths'!$T$3:$U$44,2,FALSE))
AV28: =IF(D28="",0,(IF(G28=$G$8,1,0)+IF(H28=$H$8,1,0)+IF(I28=$I$8,1,0)+IF(J28=$J$8,1,0)+IF(K28=$K$8,1,0)+IF(L28=$L$8,1,0)+IF(M28=$M$8,1,0)+IF(N28=$N$8,1,0)+IF(O28=$O$8,1,0)+IF(P28=$P$8,1,0)+IF(Q28=$Q$8,1,0)+IF(R28=$R$8,1,0)+IF(S28=$S$8,1,0)+IF(T28=$T$8,1,0)+IF(U28=$U$8,1,0)+IF(V28=$V$8,1,0)+IF(W28=$W$8,1,0)+IF(X28=$X$8,1,0)+IF(Y28=$Y$8,1,0)+IF(Z28=$Z$8,1,0)+IF(AA28=$AA$8,1,0)+IF(AB28=$AB$8,1,0)+IF(AC28=$AC$8,1,0)+IF(AD28=$AD$8,1,0)+IF(AE28=$AE$8,1,0)+IF(AF28=$AF$8,1,0)+IF(AG28=$AG$8,1,0)+IF(AH28=$AH$8,1,0)+IF(AI28=$AI$8,1,0)+IF(AJ28=$AJ$8,1,0)+IF(AK28=$AK$8,1,0)+IF(AL28=$AL$8,1,0)+IF(AM28=$AM$8,1,0)+IF(AN28=$AN$8,1,0)+IF(AO28=$AO$8,1,0)+IF(AP28=$AP$8,1,0)+IF(AQ28=$AQ$8,1,0)+IF(AR28=$AR$8,1,0)+IF(AS28=$AS$8,1,0)+IF(AT28=$AT$8,1,0)+IF(AU28=$AU$8,1,0))) -> 0 | AW28: =IF(D28="","",VLOOKUP(AV28,'PAT Maths'!$T$3:$U$44,2,FALSE))
AV29: =IF(D29="",0,(IF(G29=$G$8,1,0)+IF(H29=$H$8,1,0)+IF(I29=$I$8,1,0)+IF(J29=$J$8,1,0)+IF(K29=$K$8,1,0)+IF(L29=$L$8,1,0)+IF(M29=$M$8,1,0)+IF(N29=$N$8,1,0)+IF(O29=$O$8,1,0)+IF(P29=$P$8,1,0)+IF(Q29=$Q$8,1,0)+IF(R29=$R$8,1,0)+IF(S29=$S$8,1,0)+IF(T29=$T$8,1,0)+IF(U29=$U$8,1,0)+IF(V29=$V$8,1,0)+IF(W29=$W$8,1,0)+IF(X29=$X$8,1,0)+IF(Y29=$Y$8,1,0)+IF(Z29=$Z$8,1,0)+IF(AA29=$AA$8,1,0)+IF(AB29=$AB$8,1,0)+IF(AC29=$AC$8,1,0)+IF(AD29=$AD$8,1,0)+IF(AE29=$AE$8,1,0)+IF(AF29=$AF$8,1,0)+IF(AG29=$AG$8,1,0)+IF(AH29=$AH$8,1,0)+IF(AI29=$AI$8,1,0)+IF(AJ29=$AJ$8,1,0)+IF(AK29=$AK$8,1,0)+IF(AL29=$AL$8,1,0)+IF(AM29=$AM$8,1,0)+IF(AN29=$AN$8,1,0)+IF(AO29=$AO$8,1,0)+IF(AP29=$AP$8,1,0)+IF(AQ29=$AQ$8,1,0)+IF(AR29=$AR$8,1,0)+IF(AS29=$AS$8,1,0)+IF(AT29=$AT$8,1,0)+IF(AU29=$AU$8,1,0))) -> 0 | AW29: =IF(D29="","",VLOOKUP(AV29,'PAT Maths'!$T$3:$U$44,2,FALSE))
AV30: =IF(D30="",0,(IF(G30=$G$8,1,0)+IF(H30=$H$8,1,0)+IF(I30=$I$8,1,0)+IF(J30=$J$8,1,0)+IF(K30=$K$8,1,0)+IF(L30=$L$8,1,0)+IF(M30=$M$8,1,0)+IF(N30=$N$8,1,0)+IF(O30=$O$8,1,0)+IF(P30=$P$8,1,0)+IF(Q30=$Q$8,1,0)+IF(R30=$R$8,1,0)+IF(S30=$S$8,1,0)+IF(T30=$T$8,1,0)+IF(U30=$U$8,1,0)+IF(V30=$V$8,1,0)+IF(W30=$W$8,1,0)+IF(X30=$X$8,1,0)+IF(Y30=$Y$8,1,0)+IF(Z30=$Z$8,1,0)+IF(AA30=$AA$8,1,0)+IF(AB30=$AB$8,1,0)+IF(AC30=$AC$8,1,0)+IF(AD30=$AD$8,1,0)+IF(AE30=$AE$8,1,0)+IF(AF30=$AF$8,1,0)+IF(AG30=$AG$8,1,0)+IF(AH30=$AH$8,1,0)+IF(AI30=$AI$8,1,0)+IF(AJ30=$AJ$8,1,0)+IF(AK30=$AK$8,1,0)+IF(AL30=$AL$8,1,0)+IF(AM30=$AM$8,1,0)+IF(AN30=$AN$8,1,0)+IF(AO30=$AO$8,1,0)+IF(AP30=$AP$8,1,0)+IF(AQ30=$AQ$8,1,0)+IF(AR30=$AR$8,1,0)+IF(AS30=$AS$8,1,0)+IF(AT30=$AT$8,1,0)+IF(AU30=$AU$8,1,0))) -> 0 | AW30: =IF(D30="","",VLOOKUP(AV30,'PAT Maths'!$T$3:$U$44,2,FALSE))
AV31: =IF(D31="",0,(IF(G31=$G$8,1,0)+IF(H31=$H$8,1,0)+IF(I31=$I$8,1,0)+IF(J31=$J$8,1,0)+IF(K31=$K$8,1,0)+IF(L31=$L$8,1,0)+IF(M31=$M$8,1,0)+IF(N31=$N$8,1,0)+IF(O31=$O$8,1,0)+IF(P31=$P$8,1,0)+IF(Q31=$Q$8,1,0)+IF(R31=$R$8,1,0)+IF(S31=$S$8,1,0)+IF(T31=$T$8,1,0)+IF(U31=$U$8,1,0)+IF(V31=$V$8,1,0)+IF(W31=$W$8,1,0)+IF(X31=$X$8,1,0)+IF(Y31=$Y$8,1,0)+IF(Z31=$Z$8,1,0)+IF(AA31=$AA$8,1,0)+IF(AB31=$AB$8,1,0)+IF(AC31=$AC$8,1,0)+IF(AD31=$AD$8,1,0)+IF(AE31=$AE$8,1,0)+IF(AF31=$AF$8,1,0)+IF(AG31=$AG$8,1,0)+IF(AH31=$AH$8,1,0)+IF(AI31=$AI$8,1,0)+IF(AJ31=$AJ$8,1,0)+IF(AK31=$AK$8,1,0)+IF(AL31=$AL$8,1,0)+IF(AM31=$AM$8,1,0)+IF(AN31=$AN$8,1,0)+IF(AO31=$AO$8,1,0)+IF(AP31=$AP$8,1,0)+IF(AQ31=$AQ$8,1,0)+IF(AR31=$AR$8,1,0)+IF(AS31=$AS$8,1,0)+IF(AT31=$AT$8,1,0)+IF(AU31=$AU$8,1,0))) -> 0 | AW31: =IF(D31="","",VLOOKUP(AV31,'PAT Maths'!$T$3:$U$44,2,FALSE))
... AV503: =IF(D503="",0,(IF(G503=$G$8,1,0)+IF(H503=$H$8,1,0)+IF(I503=$I$8,1,0)+IF(J503=$J$8,1,0)+IF(K503=$K$8,1,0)+IF(L503=$L$8,1,0)+IF(M503=$M$8,1,0)+IF(N503=$N$8,1,0)+IF(O503=$O$8,1,0)+IF(P503=$P$8,1,0)+IF(Q503=$Q$8,1,0)+IF(R503=$R$8,1,0)+IF(S503=$S$8,1,0)+IF(T503=$T$8,1,0)+IF(U503=$U$8,1,0)+IF(V503=$V$8,1,0)+IF(W503=$W$8,1,0)+IF(X503=$X$8,1,0)+IF(Y503=$Y$8,1,0)+IF(Z503=$Z$8,1,0)+IF(AA503=$AA$8,1,0)+IF(AB503=$AB$8,1,0)+IF(AC503=$AC$8,1,0)+IF(AD503=$AD$8,1,0)+IF(AE503=$AE$8,1,0)+IF(AF503=$AF$8,1,0)+IF(AG503=$AG$8,1,0)+IF(AH503=$AH$8,1,0)+IF(AI503=$AI$8,1,0)+IF(AJ503=$AJ$8,1,0)+IF(AK503=$AK$8,1,0)+IF(AL503=$AL$8,1,0)+IF(AM503=$AM$8,1,0)+IF(AN503=$AN$8,1,0)+IF(AO503=$AO$8,1,0)+IF(AP503=$AP$8,1,0)+IF(AQ503=$AQ$8,1,0)+IF(AR503=$AR$8,1,0)+IF(AS503=$AS$8,1,0)+IF(AT503=$AT$8,1,0)+IF(AU503=$AU$8,1,0))) -> 0 | AW503: =IF(D503="","",VLOOKUP(AV503,'PAT Maths'!$T$3:$U$44,2,FALSE))

Sheet PAT Maths
B1: ICDM A | D1: ICDM B | F1: Test A | H1: Test 1 | J1: Test 2 | L1: Test 3 | N1: Test 4 | P1: Test 5 | R1: Test 6 | T1: Test 7
B2: Raw | C2: PAT-M | D2: Raw | E2: PAT-M | F2: Raw | G2: PAT-M | H2: Raw | I2: PAT-M | J2: Raw | K2: PAT-M | L2: Raw | M2: PAT-M | N2: Raw | O2: PAT-M | P2: Raw | Q2: PAT-M | R2: Raw | S2: PAT-M | T2: Raw | U2: PAT-M
T3: 41 | U3: 115.5
R4: 40 | S4: 109.7 | T4: 40 | U4: 105.2
P5: 39 | Q5: 104.2 | R5: 39 | S5: 99.6 | T5: 39 | U5: 97.8
N6: 38 | O6: 99.5 | P6: 38 | Q6: 93.9 | R6: 38 | S6: 92.3 | T6: 38 | U6: 93.3
L7: 37 | M7: 93.3 | N7: 37 | O7: 89 | P7: 37 | Q7: 86.5 | R7: 37 | S7: 87.8 | T7: 37 | U7: 89.9
J8: 36 | K8: 88.6 | L8: 36 | M8: 83 | N8: 36 | O8: 81.5 | P8: 36 | Q8: 82 | R8: 36 | S8: 84.5 | T8: 36 | U8: 87.3
H9: 35 | I9: 78.2 | J9: 35 | K9: 78.4 | L9: 35 | M9: 75.6 | N9: 35 | O9: 77 | P9: 35 | Q9: 78.7 | R9: 35 | S9: 81.9 | T9: 35 | U9: 85
H10: 34 | I10: 60.4 | J10: 34 | K10: 71 | L10: 34 | M10: 71.1 | N10: 34 | O10: 73.6 | P10: 34 | Q10: 76 | R10: 34 | S10: 79.6 | T10: 34 | U10: 83
D11: 33 | E11: 79 | H11: 33 | I11: 60.4 | J11: 33 | K11: 66.4 | L11: 33 | M11: 67.8 | N11: 33 | O11: 70.8 | P11: 33 | Q11: 73.7 | R11: 33 | S11: 77.7 | T11: 33 | U11: 81.2
D12: 32 | E12: 68.5 | H12: 32 | I12: 56 | J12: 32 | K12: 63.1 | L12: 32 | M12: 65.1 | N12: 32 | O12: 68.5 | P12: 32 | Q12: 71.7 | R12: 32 | S12: 75.9 | T12: 32 | U12: 79.5
D13: 31 | E13: 60.2 | H13: 31 | I13: 52.7 | J13: 31 | K13: 60.4 | L13: 31 | M13: 62.8 | N13: 31 | O13: 66.5 | P13: 31 | Q13: 69.9 | R13: 31 | S13: 74.2 | T13: 31 | U13: 78
B14: 30 | C14: 67 | D14: 30 | E14: 54.8 | H14: 30 | I14: 50 | J14: 30 | K14: 58 | L14: 30 | M14: 60.8 | N14: 30 | O14: 64.6 | P14: 30 | Q14: 68.2 | R14: 30 | S14: 72.7 | T14: 30 | U14: 76.5
B15: 29 | C15: 55.7 | D15: 29 | E15: 50.6 | H15: 29 | I15: 47.7 | J15: 29 | K15: 56 | L15: 29 | M15: 59 | N15: 29 | O15: 62.9 | P15: 29 | Q15: 66.7 | R15: 29 | S15: 71.3 | T15: 29 | U15: 75.2
B16: 28 | C16: 47.2 | D16: 28 | E16: 47 | H16: 28 | I16: 45.7 | J16: 28 | K16: 54.1 | L16: 28 | M16: 57.3 | N16: 28 | O16: 61.3 | P16: 28 | Q16: 65.2 | R16: 28 | S16: 69.9 | T16: 28 | U16: 73.9
B17: 27 | C17: 41.6 | D17: 27 | E17: 43.8 | H17: 27 | I17: 43.9 | J17: 27 | K17: 52.4 | L17: 27 | M17: 55.8 | N17: 27 | O17: 59.8 | P17: 27 | Q17: 63.8 | R17: 27 | S17: 68.6 | T17: 27 | U17: 72.6
B18: 26 | C18: 37.2 | D18: 26 | E18: 40.8 | H18: 26 | I18: 42.2 | J18: 26 | K18: 50.8 | L18: 26 | M18: 54.3 | N18: 26 | O18: 58.4 | P18: 26 | Q18: 62.5 | R18: 26 | S18: 67.4 | T18: 26 | U18: 71.4
B19: 25 | C19: 33.5 | D19: 25 | E19: 38 | H19: 25 | I19: 40.7 | J19: 25 | K19: 49.3 | L19: 25 | M19: 53 | N19: 25 | O19: 57.1 | P19: 25 | Q19: 61.3 | R19: 25 | S19: 66.1 | T19: 25 | U19: 70.2
B20: 24 | C20: 30.2 | D20: 24 | E20: 35.4 | H20: 24 | I20: 39.2 | J20: 24 | K20: 47.9 | L20: 24 | M20: 51.6 | N20: 24 | O20: 55.7 | P20: 24 | Q20: 60 | R20: 24 | S20: 64.9 | T20: 24 | U20: 69
B21: 23 | C21: 27.1 | D21: 23 | E21: 32.9 | H21: 23 | I21: 37.8 | J21: 23 | K21: 46.5 | L21: 23 | M21: 50.3 | N21: 23 | O21: 54.5 | P21: 23 | Q21: 58.8 | R21: 23 | S21: 63.8 | T21: 23 | U21: 67.9
B22: 22 | C22: 24.3 | D22: 22 | E22: 30.5 | H22: 22 | I22: 36.5 | J22: 22 | K22: 45.2 | L22: 22 | M22: 49.1 | N22: 22 | O22: 53.2 | P22: 22 | Q22: 57.7 | R22: 22 | S22: 62.6 | T22: 22 | U22: 66.8
B23: 21 | C23: 21.7 | D23: 21 | E23: 28.1 | H23: 21 | I23: 35.2 | J23: 21 | K23: 43.9 | L23: 21 | M23: 47.9 | N23: 21 | O23: 52 | P23: 21 | Q23: 56.5 | R23: 21 | S23: 61.5 | T23: 21 | U23: 65.6
B24: 20 | C24: 19.2 | D24: 20 | E24: 25.8 | F24: 20 | G24: 65 | H24: 20 | I24: 33.9 | J24: 20 | K24: 42.6 | L24: 20 | M24: 46.7 | N24: 20 | O24: 50.7 | P24: 20 | Q24: 55.4 | R24: 20 | S24: 60.3 | T24: 20 | U24: 64.5
B25: 19 | C25: 16.8 | D25: 19 | E25: 23.6 | F25: 19 | G25: 54.5 | H25: 19 | I25: 32.6 | J25: 19 | K25: 41.3 | L25: 19 | M25: 45.5 | N25: 19 | O25: 49.5 | P25: 19 | Q25: 54.2 | R25: 19 | S25: 59.2 | T25: 19 | U25: 63.4
B26: 18 | C26: 14.5 | D26: 18 | E26: 21.4 | F26: 18 | G26: 46.8 | H26: 18 | I26: 31.4 | J26: 18 | K26: 40.1 | L26: 18 | M26: 44.3 | N26: 18 | O26: 48.3 | P26: 18 | Q26: 53.1 | R26: 18 | S26: 58 | T26: 18 | U26: 62.3
B27: 17 | C27: 12.2 | D27: 17 | E27: 19.2 | F27: 17 | G27: 41.9 | H27: 17 | I27: 30.1 | J27: 17 | K27: 38.8 | L27: 17 | M27: 43.1 | N27: 17 | O27: 47.1 | P27: 17 | Q27: 51.9 | R27: 17 | S27: 56.9 | T27: 17 | U27: 61.1
B28: 16 | C28: 10 | D28: 16 | E28: 17.1 | F28: 16 | G28: 38.2 | H28: 16 | I28: 28.9 | J28: 16 | K28: 37.6 | L28: 16 | M28: 41.9 | N28: 16 | O28: 45.9 | P28: 16 | Q28: 50.7 | R28: 16 | S28: 55.7 | T28: 16 | U28: 60
B29: 15 | C29: 7.8 | D29: 15 | E29: 15 | F29: 15 | G29: 35.1 | H29: 15 | I29: 27.6 | J29: 15 | K29: 36.3 | L29: 15 | M29: 40.7 | N29: 15 | O29: 44.6 | P29: 15 | Q29: 49.5 | R29: 15 | S29: 54.5 | T29: 15 | U29: 58.8
B30: 14 | C30: 5.7 | D30: 14 | E30: 12.8 | F30: 14 | G30: 32.4 | H30: 14 | I30: 26.3 | J30: 14 | K30: 35 | L30: 14 | M30: 39.5 | N30: 14 | O30: 43.3 | P30: 14 | Q30: 48.3 | R30: 14 | S30: 53.2 | T30: 14 | U30: 57.6
B31: 13 | C31: 3.5 | D31: 13 | E31: 10.7 | F31: 13 | G31: 30 | H31: 13 | I31: 25 | J31: 13 | K31: 33.7 | L31: 13 | M31: 38.2 | N31: 13 | O31: 42 | P31: 13 | Q31: 47.1 | R31: 13 | S31: 52 | T31: 13 | U31: 56.4
B32: 12 | C32: 1.4 | D32: 12 | E32: 8.5 | F32: 12 | G32: 27.7 | H32: 12 | I32: 23.7 | J32: 12 | K32: 32.4 | L32: 12 | M32: 36.9 | N32: 12 | O32: 40.7 | P32: 12 | Q32: 45.8 | R32: 12 | S32: 50.7 | T32: 12 | U32: 55.1
B33: 11 | C33: -0.9 | D33: 11 | E33: 6.3 | F33: 11 | G33: 25.5 | H33: 11 | I33: 22.2 | J33: 11 | K33: 31 | L33: 11 | M33: 35.5 | N33: 11 | O33: 39.3 | P33: 11 | Q33: 44.4 | R33: 11 | S33: 49.3 | T33: 11 | U33: 53.7
B34: 10 | C34: -3.1 | D34: 10 | E34: 4.1 | F34: 10 | G34: 23.4 | H34: 10 | I34: 20.8 | J34: 10 | K34: 29.5 | L34: 10 | M34: 34.1 | N34: 10 | O34: 37.8 | P34: 10 | Q34: 43 | R34: 10 | S34: 47.8 | T34: 10 | U34: 52.3
B35: 9 | C35: -5.4 | D35: 9 | E35: 1.7 | F35: 9 | G35: 21.2 | H35: 9 | I35: 19.2 | J35: 9 | K35: 28 | L35: 9 | M35: 32.6 | N35: 9 | O35: 36.2 | P35: 9 | Q35: 41.5 | R35: 9 | S35: 46.3 | T35: 9 | U35: 50.8
... B42: 2 | C42: -29.1 | D42: 2 | E42: -22.3 | F42: 2 | G42: 0.4 | H42: 2 | I42: 0.9 | J42: 2 | K42: 9.9 | L42: 2 | M42: 14.7 | N42: 2 | O42: 17.9 | P42: 2 | Q42: 23.4 | R42: 2 | S42: 28 | T42: 2 | U42: 32.7
B43: 1 | C43: -37.3 | D43: 1 | E43: -30.6 | F43: 1 | G43: –7.2 | H43: 1 | I43: –6.5 | J43: 1 | K43: 2.5 | L43: 1 | M43: 7.4 | N43: 1 | O43: 10.5 | P43: 1 | Q43: 16.1 | R43: 1 | S43: 20.6 | T43: 1 | U43: 25.3
B44: 0 | C44: -48 | D44: 0 | E44: -42 | F44: 0 | G44: –17.7 | H44: 0 | I44: –16.8 | J44: 0 | K44: –7.9 | L44: 0 | M44: –2.8 | N44: 0 | O44: 0.2 | P44: 0 | Q44: 6 | R44: 0 | S44: 10.3 | T44: 0 | U44: 15
A45: Mean | B45: 15 | C45: 7.8 | D45: 17 | E45: 19.2 | F45: 10 | G45: 23.4 | H45: 18 | I45: 31.4 | J45: 18 | K45: 40.1 | L45: 19 | M45: 45.5 | N45: 19 | O45: 49.5 | P45: 20 | Q45: 55.4 | R45: 20 | S45: 60.3 | T45: 21 | U45: 65.6
