Workbook

Sheet Main Menu
B2: TORCH Third Edition Scoring Templates
B4: This series of spreadsheets provide the templates required to enter ACER's TORCH 3rd Ed. (Tests of Reading Comprehension) results into the Student Performance Analyser (SPA). Click on the appropriate button (at right) to select the correct Test Booklet proforma to complete. Follow the instructions opposite. | H4: Step 1: Click on the appropriate button (at left) to select the correct Test Booklet proforma to complete. Step 2: For each student, enter the Date (when test was sat), Year Level, Home Group, Name, and Student ID (CASES No. or Student No.). Step 3: For each question, enter their response (their score will be calculated) OR enter their Raw Score OR enter their PAT Score. Step 4: Save and upload into SPA.
B40: Click here to find out more about other tests available from ACER | H40: Click here to find out more about the Student Performance Analyser

Sheet Rock Pools
A1: TORCH - Rock Pools | AK1: Item Type Key
A2: 3rd Edition
AK3: Locate
G4: QUESTION No. and ANSWER KEY (Enter the student's response - "Y" if correct, "N" if incorrect) | AK4: 1 | AL4: Directly stated: verbatim
E5: Question Number | G5: 1 | H5: 2 | I5: 3 | J5: 4 | K5: 5 | L5: 6 | M5: 7 | N5: 8 | O5: 9 | P5: 10 | Q5: 11 | R5: 12 | S5: 13 | T5: 14 | U5: 15 | V5: 16 | W5: 17 | X5: 18 | Y5: 19 | Z5: 20 | AA5: 21 | AB5: 22 | AC5: 23 | AD5: 24 | AE5: 25 | AF5: 26 | AG5: 27 | AK5: 2 | AL5: Directly stated: rephrased, reworded
E6: Item Difficulty | G6: 36 | H6: 33 | I6: 34 | J6: 34 | K6: 42 | L6: 49 | M6: 41 | N6: 42 | O6: 40 | P6: 39 | Q6: 32 | R6: 35 | S6: 34 | T6: 49 | U6: 41 | V6: 40 | W6: 43 | X6: 39 | Y6: 35 | Z6: 34 | AA6: 25 | AB6: 40 | AC6: 45 | AD6: 47 | AE6: 50 | AF6: 52 | AG6: 53 | AK6: Locate, interpret and infer
E7: Item Category | G7: Locate, Interpret and Infer | H7: Locate | I7: Locate | J7: Locate, Interpret and Infer | K7: Locate, Interpret and Infer | L7: Locate, Interpret and Infer | M7: Locate, Interpret and Infer | N7: Locate | O7: Locate | P7: Locate | Q7: Locate, Interpret and Infer | R7: Locate | S7: Locate | T7: Locate | U7: Locate | V7: Locate | W7: Locate | X7: Locate | Y7: Locate | Z7: Locate | AA7: Locate, Interpret and Infer | AB7: Locate | AC7: Locate, Interpret and Infer | AD7: Locate | AE7: Locate | AF7: Locate | AG7: Locate | AK7: 3 | AL7: Directly stated: across text
AK8: 4 | AL8: Directly stated: embedded
AK9: 5 | AL9: Inference: simple, explicit references
AK10: Interpret, infer and use
AK11: 6 | AL11: Inference: complex, multiple references, cultural values, writer's intention
E12: Item Type | G12: 3 | H12: 2 | I12: 2 | J12: 3 | K12: 3 | L12: 3 | M12: 5 | N12: 2 | O12: 1 | P12: 2 | Q12: 4 | R12: 2 | S12: 1 | T12: 2 | U12: 2 | V12: 2 | W12: 2 | X12: 2 | Y12: 2 | Z12: 1 | AA12: 5 | AB12: 2 | AC12: 4 | AD12: 2 | AE12: 2 | AF12: 2 | AG12: 2
A14: Date (dd/mm/yy) | B14: Yr_Lev | C14: HG | D14: Surname | E14: First_Name | F14: Student_ID | G14: Y | H14: Y | I14: Y | J14: Y | K14: Y | L14: Y | M14: Y | N14: Y | O14: Y | P14: Y | Q14: Y | R14: Y | S14: Y | T14: Y | U14: Y | V14: Y | W14: Y | X14: Y | Y14: Y | Z14: Y | AA14: Y | AB14: Y | AC14: Y | AD14: Y | AE14: Y | AF14: Y | AG14: Y | AH14: Raw Score | AI14: TORCH Score
A15: 45356 | B15: 3 | C15: 3A | D15: Lname1 | E15: Fname1 | F15: XXXXX1 | AH15: =IF(D15="",0,COUNTIF(G15:AG15,"Y")) -> 0 | AI15: =IF(D15="","",VLOOKUP(AH15,TorchTables!$E$1:$F$28,2,FALSE)) -> 9
A16: 45356 | B16: 3 | C16: 3A | D16: Lname2 | E16: Fname2 | F16: XXXXX2 | AH16: =IF(D16="",0,COUNTIF(G16:AG16,"Y")) -> 0 | AI16: =IF(D16="","",VLOOKUP(AH16,TorchTables!$E$1:$F$28,2,FALSE)) -> 9
A17: 45356 | B17: 3 | C17: 3A | D17: Lname3 | E17: Fname3 | F17: XXXXX3 | AH17: =IF(D17="",0,COUNTIF(G17:AG17,"Y")) -> 0 | AI17: =IF(D17="","",VLOOKUP(AH17,TorchTables!$E$1:$F$28,2,FALSE)) -> 9
A18: 45356 | B18: 3 | C18: 3A | D18: Lname4 | E18: Fname4 | F18: XXXXX4 | AH18: =IF(D18="",0,COUNTIF(G18:AG18,"Y")) -> 0 | AI18: =IF(D18="","",VLOOKUP(AH18,TorchTables!$E$1:$F$28,2,FALSE)) -> 9
A19: 45356 | B19: 3 | C19: 3B | D19: ULname13 | E19: UFname13 | F19: UNLISTED | AH19: =IF(D19="",0,COUNTIF(G19:AG19,"Y")) -> 0 | AI19: =IF(D19="","",VLOOKUP(AH19,TorchTables!$E$1:$F$28,2,FALSE)) -> 9
A20: 45356 | B20: 3 | C20: 3A | D20: Lname5 | E20: Fname5 | F20: XXXXX5 | AH20: =IF(D20="",0,COUNTIF(G20:AG20,"Y")) -> 0 | AI20: =IF(D20="","",VLOOKUP(AH20,TorchTables!$E$1:$F$28,2,FALSE)) -> 9
A21: 45356 | B21: 3 | C21: 3B | D21: Lname6 | E21: Fname6 | F21: XXXXX6 | AH21: =IF(D21="",0,COUNTIF(G21:AG21,"Y")) -> 0 | AI21: =IF(D21="","",VLOOKUP(AH21,TorchTables!$E$1:$F$28,2,FALSE)) -> 9
A22: 45356 | B22: 3 | C22: 3B | D22: Lname7 | E22: Fname7 | F22: XXXXX7 | AH22: =IF(D22="",0,COUNTIF(G22:AG22,"Y")) -> 0 | AI22: =IF(D22="","",VLOOKUP(AH22,TorchTables!$E$1:$F$28,2,FALSE)) -> 9
A23: 45356 | B23: 3 | C23: 3B | D23: Lname8 | E23: Fname8 | F23: XXXXX8 | AH23: =IF(D23="",0,COUNTIF(G23:AG23,"Y")) -> 0 | AI23: =IF(D23="","",VLOOKUP(AH23,TorchTables!$E$1:$F$28,2,FALSE)) -> 9
A24: 45356 | B24: 3 | C24: 3B | D24: Lname9 | E24: Fname9 | F24: XXXXX9 | AH24: =IF(D24="",0,COUNTIF(G24:AG24,"Y")) -> 0 | AI24: =IF(D24="","",VLOOKUP(AH24,TorchTables!$E$1:$F$28,2,FALSE)) -> 9
A25: 45356 | B25: 3 | C25: 3B | D25: Lname10 | E25: Fname10 | F25: XXXXX10 | AH25: =IF(D25="",0,COUNTIF(G25:AG25,"Y")) -> 0 | AI25: =IF(D25="","",VLOOKUP(AH25,TorchTables!$E$1:$F$28,2,FALSE)) -> 9
AH26: =IF(D26="",0,COUNTIF(G26:AG26,"Y")) -> 0 | AI26: =IF(D26="","",VLOOKUP(AH26,TorchTables!$E$1:$F$28,2,FALSE))
AH27: =IF(D27="",0,COUNTIF(G27:AG27,"Y")) -> 0 | AI27: =IF(D27="","",VLOOKUP(AH27,TorchTables!$E$1:$F$28,2,FALSE))
AH28: =IF(D28="",0,COUNTIF(G28:AG28,"Y")) -> 0 | AI28: =IF(D28="","",VLOOKUP(AH28,TorchTables!$E$1:$F$28,2,FALSE))
AH29: =IF(D29="",0,COUNTIF(G29:AG29,"Y")) -> 0 | AI29: =IF(D29="","",VLOOKUP(AH29,TorchTables!$E$1:$F$28,2,FALSE))
AH30: =IF(D30="",0,COUNTIF(G30:AG30,"Y")) -> 0 | AI30: =IF(D30="","",VLOOKUP(AH30,TorchTables!$E$1:$F$28,2,FALSE))
AH31: =IF(D31="",0,COUNTIF(G31:AG31,"Y")) -> 0 | AI31: =IF(D31="","",VLOOKUP(AH31,TorchTables!$E$1:$F$28,2,FALSE))
AH32: =IF(D32="",0,COUNTIF(G32:AG32,"Y")) -> 0 | AI32: =IF(D32="","",VLOOKUP(AH32,TorchTables!$E$1:$F$28,2,FALSE))
AH33: =IF(D33="",0,COUNTIF(G33:AG33,"Y")) -> 0 | AI33: =IF(D33="","",VLOOKUP(AH33,TorchTables!$E$1:$F$28,2,FALSE))
AH34: =IF(D34="",0,COUNTIF(G34:AG34,"Y")) -> 0 | AI34: =IF(D34="","",VLOOKUP(AH34,TorchTables!$E$1:$F$28,2,FALSE))
AH35: =IF(D35="",0,COUNTIF(G35:AG35,"Y")) -> 0 | AI35: =IF(D35="","",VLOOKUP(AH35,TorchTables!$E$1:$F$28,2,FALSE))
AH36: =IF(D36="",0,COUNTIF(G36:AG36,"Y")) -> 0 | AI36: =IF(D36="","",VLOOKUP(AH36,TorchTables!$E$1:$F$28,2,FALSE))
AH37: =IF(D37="",0,COUNTIF(G37:AG37,"Y")) -> 0 | AI37: =IF(D37="","",VLOOKUP(AH37,TorchTables!$E$1:$F$28,2,FALSE))
... AH509: =IF(D509="",0,COUNTIF(G509:AG509,"Y")) -> 0 | AI509: =IF(D509="","",VLOOKUP(AH509,TorchTables!$E$1:$F$28,2,FALSE))

Sheet Lizards
A1: TORCH - Lizards Love Eggs | AD1: Item Type Key
A2: 3rd Edition
AD3: Locate
G4: QUESTION No. and ANSWER KEY (Enter the student's response - "Y" if correct, "N" if incorrect) | AD4: 1 | AE4: Directly stated: verbatim
E5: Question Number | G5: 1 | H5: 2 | I5: 3 | J5: 4 | K5: 5 | L5: 6 | M5: 7 | N5: 8 | O5: 9 | P5: 10 | Q5: 11 | R5: 12 | S5: 13 | T5: 14 | U5: 15 | V5: 16 | W5: 17 | X5: 18 | Y5: 19 | Z5: 20 | AD5: 2 | AE5: Directly stated: rephrased, reworded
E6: Item Difficulty | G6: 21 | H6: 26 | I6: 8 | J6: 17 | K6: 22 | L6: 29 | M6: 22 | N6: 36 | O6: 30 | P6: 40 | Q6: 32 | R6: 46 | S6: 48 | T6: 31 | U6: 34 | V6: 28 | W6: 30 | X6: 30 | Y6: 35 | Z6: 20 | AD6: Locate, interpret and infer
E7: Item Category | G7: Locate | H7: Locate, Interpret and Infer | I7: Locate, Interpret and Infer | J7: Locate, Interpret and Infer | K7: Locate, Interpret and Infer | L7: Locate | M7: Locate | N7: Locate, Interpret and Infer | O7: Locate, Interpret and Infer | P7: Locate, Interpret and Infer | Q7: Locate, Interpret and Infer | R7: Locate, Interpret and Infer | S7: Locate, Interpret and Infer | T7: Locate, Interpret and Infer | U7: Locate, Interpret and Infer | V7: Locate, Interpret and Infer | W7: Locate, Interpret and Infer | X7: Locate | Y7: Locate, Interpret and Infer | Z7: Locate | AD7: 3 | AE7: Directly stated: across text
AD8: 4 | AE8: Directly stated: embedded
AD9: 5 | AE9: Inference: simple, explicit references
AD10: Interpret, infer and use
AD11: 6 | AE11: Inference: complex, multiple references, cultural values, writer's intention
E12: Item Type | G12: 2 | H12: 5 | I12: 3 | J12: 3 | K12: 5 | L12: 1 | M12: 2 | N12: 5 | O12: 5 | P12: 5 | Q12: 5 | R12: 5 | S12: 3 | T12: 5 | U12: 3 | V12: 3 | W12: 3 | X12: 2 | Y12: 5 | Z12: 2
A14: Date (dd/mm/yy) | B14: Yr_Lev | C14: HG | D14: Surname | E14: First_Name | F14: Student_ID | G14: Y | H14: Y | I14: Y | J14: Y | K14: Y | L14: Y | M14: Y | N14: Y | O14: Y | P14: Y | Q14: Y | R14: Y | S14: Y | T14: Y | U14: Y | V14: Y | W14: Y | X14: Y | Y14: Y | Z14: Y | AA14: Raw Score | AB14: TORCH Score
A15: 45356 | B15: 3 | C15: 3A | D15: Lname1 | E15: Fname1 | F15: XXXXX1 | AA15: =IF(D15="",0,COUNTIF(G15:Z15,"Y")) -> 0 | AB15: =IF(D15="","",VLOOKUP(AA15,TorchTables!$A$1:$B$21,2,FALSE)) -> -3.3
A16: 45356 | B16: 3 | C16: 3A | D16: Lname2 | E16: Fname2 | F16: XXXXX2 | AA16: =IF(D16="",0,COUNTIF(G16:Z16,"Y")) -> 0 | AB16: =IF(D16="","",VLOOKUP(AA16,TorchTables!$A$1:$B$21,2,FALSE)) -> -3.3
A17: 45356 | B17: 3 | C17: 3A | D17: Lname3 | E17: Fname3 | F17: XXXXX3 | AA17: =IF(D17="",0,COUNTIF(G17:Z17,"Y")) -> 0 | AB17: =IF(D17="","",VLOOKUP(AA17,TorchTables!$A$1:$B$21,2,FALSE)) -> -3.3
A18: 45356 | B18: 3 | C18: 3A | D18: Lname4 | E18: Fname4 | F18: XXXXX4 | AA18: =IF(D18="",0,COUNTIF(G18:Z18,"Y")) -> 0 | AB18: =IF(D18="","",VLOOKUP(AA18,TorchTables!$A$1:$B$21,2,FALSE)) -> -3.3
A19: 45356 | B19: 3 | C19: 3B | D19: ULname13 | E19: UFname13 | F19: UNLISTED | AA19: =IF(D19="",0,COUNTIF(G19:Z19,"Y")) -> 0 | AB19: =IF(D19="","",VLOOKUP(AA19,TorchTables!$A$1:$B$21,2,FALSE)) -> -3.3
A20: 45356 | B20: 3 | C20: 3A | D20: Lname5 | E20: Fname5 | F20: XXXXX5 | AA20: =IF(D20="",0,COUNTIF(G20:Z20,"Y")) -> 0 | AB20: =IF(D20="","",VLOOKUP(AA20,TorchTables!$A$1:$B$21,2,FALSE)) -> -3.3
A21: 45356 | B21: 3 | C21: 3B | D21: Lname6 | E21: Fname6 | F21: XXXXX6 | AA21: =IF(D21="",0,COUNTIF(G21:Z21,"Y")) -> 0 | AB21: =IF(D21="","",VLOOKUP(AA21,TorchTables!$A$1:$B$21,2,FALSE)) -> -3.3
A22: 45356 | B22: 3 | C22: 3B | D22: Lname7 | E22: Fname7 | F22: XXXXX7 | AA22: =IF(D22="",0,COUNTIF(G22:Z22,"Y")) -> 0 | AB22: =IF(D22="","",VLOOKUP(AA22,TorchTables!$A$1:$B$21,2,FALSE)) -> -3.3
A23: 45356 | B23: 3 | C23: 3B | D23: Lname8 | E23: Fname8 | F23: XXXXX8 | AA23: =IF(D23="",0,COUNTIF(G23:Z23,"Y")) -> 0 | AB23: =IF(D23="","",VLOOKUP(AA23,TorchTables!$A$1:$B$21,2,FALSE)) -> -3.3
A24: 45356 | B24: 3 | C24: 3B | D24: Lname9 | E24: Fname9 | F24: XXXXX9 | AA24: =IF(D24="",0,COUNTIF(G24:Z24,"Y")) -> 0 | AB24: =IF(D24="","",VLOOKUP(AA24,TorchTables!$A$1:$B$21,2,FALSE)) -> -3.3
A25: 45356 | B25: 3 | C25: 3B | D25: Lname10 | E25: Fname10 | F25: XXXXX10 | AA25: =IF(D25="",0,COUNTIF(G25:Z25,"Y")) -> 0 | AB25: =IF(D25="","",VLOOKUP(AA25,TorchTables!$A$1:$B$21,2,FALSE)) -> -3.3
AA26: =IF(D26="",0,COUNTIF(G26:Z26,"Y")) -> 0 | AB26: =IF(D26="","",VLOOKUP(AA26,TorchTables!$A$1:$B$21,2,FALSE))
AA27: =IF(D27="",0,COUNTIF(G27:Z27,"Y")) -> 0 | AB27: =IF(D27="","",VLOOKUP(AA27,TorchTables!$A$1:$B$21,2,FALSE))
AA28: =IF(D28="",0,COUNTIF(G28:Z28,"Y")) -> 0 | AB28: =IF(D28="","",VLOOKUP(AA28,TorchTables!$A$1:$B$21,2,FALSE))
AA29: =IF(D29="",0,COUNTIF(G29:Z29,"Y")) -> 0 | AB29: =IF(D29="","",VLOOKUP(AA29,TorchTables!$A$1:$B$21,2,FALSE))
AA30: =IF(D30="",0,COUNTIF(G30:Z30,"Y")) -> 0 | AB30: =IF(D30="","",VLOOKUP(AA30,TorchTables!$A$1:$B$21,2,FALSE))
AA31: =IF(D31="",0,COUNTIF(G31:Z31,"Y")) -> 0 | AB31: =IF(D31="","",VLOOKUP(AA31,TorchTables!$A$1:$B$21,2,FALSE))
AA32: =IF(D32="",0,COUNTIF(G32:Z32,"Y")) -> 0 | AB32: =IF(D32="","",VLOOKUP(AA32,TorchTables!$A$1:$B$21,2,FALSE))
AA33: =IF(D33="",0,COUNTIF(G33:Z33,"Y")) -> 0 | AB33: =IF(D33="","",VLOOKUP(AA33,TorchTables!$A$1:$B$21,2,FALSE))
AA34: =IF(D34="",0,COUNTIF(G34:Z34,"Y")) -> 0 | AB34: =IF(D34="","",VLOOKUP(AA34,TorchTables!$A$1:$B$21,2,FALSE))
AA35: =IF(D35="",0,COUNTIF(G35:Z35,"Y")) -> 0 | AB35: =IF(D35="","",VLOOKUP(AA35,TorchTables!$A$1:$B$21,2,FALSE))
AA36: =IF(D36="",0,COUNTIF(G36:Z36,"Y")) -> 0 | AB36: =IF(D36="","",VLOOKUP(AA36,TorchTables!$A$1:$B$21,2,FALSE))
AA37: =IF(D37="",0,COUNTIF(G37:Z37,"Y")) -> 0 | AB37: =IF(D37="","",VLOOKUP(AA37,TorchTables!$A$1:$B$21,2,FALSE))
... AA509: =IF(D509="",0,COUNTIF(G509:Z509,"Y")) -> 0 | AB509: =IF(D509="","",VLOOKUP(AA509,TorchTables!$A$1:$B$21,2,FALSE))

Sheet Gorillas
A1: TORCH - How Gorillas Communicate | AL1: Item Type Key
A2: 3rd Edition | AL2: Locate
AL3: Locate
G4: QUESTION No. and ANSWER KEY (Enter the student's response - "Y" if correct, "N" if incorrect) | AL4: 1 | AM4: Directly stated: verbatim
E5: Question Number | G5: 1 | H5: 2 | I5: 3 | J5: 4 | K5: 5 | L5: 6 | M5: 7 | N5: 8 | O5: 9 | P5: 10 | Q5: 11 | R5: 12 | S5: 13 | T5: 14 | U5: 15 | V5: 16 | W5: 17 | X5: 18 | Y5: 19 | Z5: 20 | AA5: 21 | AB5: 22 | AC5: 23 | AD5: 24 | AE5: 25 | AF5: 26 | AG5: 27 | AH5: 28 | AL5: 2 | AM5: Directly stated: rephrased, reworded
E6: Item Difficulty | G6: 45 | H6: 25 | I6: 21 | J6: 40 | K6: 32 | L6: 35 | M6: 29 | N6: 28 | O6: 30 | P6: 38 | Q6: 39 | R6: 34 | S6: 40 | T6: 38 | U6: 30 | V6: 37 | W6: 39 | X6: 50 | Y6: 64 | Z6: 61 | AA6: 28 | AB6: 40 | AC6: 30 | AD6: 34 | AE6: 30 | AF6: 19 | AG6: 44 | AH6: 41 | AL6: Locate, interpret and infer
E7: Item Category | G7: Locate | H7: Locate | I7: Locate, Interpret and Infer | J7: Locate, Interpret and Infer | K7: Locate, Interpret and Infer | L7: Locate | M7: Locate | N7: Locate, Interpret and Infer | O7: Locate | P7: Locate | Q7: Locate | R7: Locate, Interpret and Infer | S7: Locate, Interpret and Infer | T7: Interpret, Infer and Use | U7: Locate | V7: Locate, Interpret and Infer | W7: Locate | X7: Locate | Y7: Locate, Interpret and Infer | Z7: Locate | AA7: Locate | AB7: Locate | AC7: Locate | AD7: Locate, Interpret and Infer | AE7: Locate | AF7: Locate | AG7: Locate, Interpret and Infer | AH7: Locate | AL7: 3 | AM7: Directly stated: across text
AL8: 4 | AM8: Directly stated: embedded
AL9: 5 | AM9: Inference: simple, explicit references
AL10: Interpret, infer and use
AL11: 6 | AM11: Inference: complex, multiple references, cultural values, writer's intention
E12: Item Type | G12: 2 | H12: 2 | I12: 3 | J12: 5 | K12: 5 | L12: 2 | M12: 2 | N12: 5 | O12: 2 | P12: 1 | Q12: 1 | R12: 5 | S12: 5 | T12: 6 | U12: 1 | V12: 3 | W12: 2 | X12: 1 | Y12: 5 | Z12: 2 | AA12: 2 | AB12: 2 | AC12: 2 | AD12: 3 | AE12: 2 | AF12: 2 | AG12: 5 | AH12: 2
A14: Date (dd/mm/yy) | B14: Yr_Lev | C14: HG | D14: Surname | E14: First_Name | F14: Student_ID | G14: Y | H14: Y | I14: Y | J14: Y | K14: Y | L14: Y | M14: Y | N14: Y | O14: Y | P14: Y | Q14: Y | R14: Y | S14: Y | T14: Y | U14: Y | V14: Y | W14: Y | X14: Y | Y14: Y | Z14: Y | AA14: Y | AB14: Y | AC14: Y | AD14: Y | AE14: Y | AF14: Y | AG14: Y | AH14: Y | AI14: Raw Score | AJ14: TORCH Score
A15: 45356 | B15: 3 | C15: 3A | D15: Lname1 | E15: Fname1 | F15: XXXXX1 | AI15: =IF(D15="",0,COUNTIF(G15:AH15,"Y")) -> 0 | AJ15: =IF(D15="","",VLOOKUP(AI15,TorchTables!$C$1:$D$29,2,FALSE)) -> 3
A16: 45356 | B16: 3 | C16: 3A | D16: Lname2 | E16: Fname2 | F16: XXXXX2 | AI16: =IF(D16="",0,COUNTIF(G16:AH16,"Y")) -> 0 | AJ16: =IF(D16="","",VLOOKUP(AI16,TorchTables!$C$1:$D$29,2,FALSE)) -> 3
A17: 45356 | B17: 3 | C17: 3A | D17: Lname3 | E17: Fname3 | F17: XXXXX3 | AI17: =IF(D17="",0,COUNTIF(G17:AH17,"Y")) -> 0 | AJ17: =IF(D17="","",VLOOKUP(AI17,TorchTables!$C$1:$D$29,2,FALSE)) -> 3
A18: 45356 | B18: 3 | C18: 3A | D18: Lname4 | E18: Fname4 | F18: XXXXX4 | AI18: =IF(D18="",0,COUNTIF(G18:AH18,"Y")) -> 0 | AJ18: =IF(D18="","",VLOOKUP(AI18,TorchTables!$C$1:$D$29,2,FALSE)) -> 3
A19: 45356 | B19: 3 | C19: 3B | D19: ULname13 | E19: UFname13 | F19: UNLISTED | AI19: =IF(D19="",0,COUNTIF(G19:AH19,"Y")) -> 0 | AJ19: =IF(D19="","",VLOOKUP(AI19,TorchTables!$C$1:$D$29,2,FALSE)) -> 3
A20: 45356 | B20: 3 | C20: 3A | D20: Lname5 | E20: Fname5 | F20: XXXXX5 | AI20: =IF(D20="",0,COUNTIF(G20:AH20,"Y")) -> 0 | AJ20: =IF(D20="","",VLOOKUP(AI20,TorchTables!$C$1:$D$29,2,FALSE)) -> 3
A21: 45356 | B21: 3 | C21: 3B | D21: Lname6 | E21: Fname6 | F21: XXXXX6 | AI21: =IF(D21="",0,COUNTIF(G21:AH21,"Y")) -> 0 | AJ21: =IF(D21="","",VLOOKUP(AI21,TorchTables!$C$1:$D$29,2,FALSE)) -> 3
A22: 45356 | B22: 3 | C22: 3B | D22: Lname7 | E22: Fname7 | F22: XXXXX7 | AI22: =IF(D22="",0,COUNTIF(G22:AH22,"Y")) -> 0 | AJ22: =IF(D22="","",VLOOKUP(AI22,TorchTables!$C$1:$D$29,2,FALSE)) -> 3
A23: 45356 | B23: 3 | C23: 3B | D23: Lname8 | E23: Fname8 | F23: XXXXX8 | AI23: =IF(D23="",0,COUNTIF(G23:AH23,"Y")) -> 0 | AJ23: =IF(D23="","",VLOOKUP(AI23,TorchTables!$C$1:$D$29,2,FALSE)) -> 3
A24: 45356 | B24: 3 | C24: 3B | D24: Lname9 | E24: Fname9 | F24: XXXXX9 | AI24: =IF(D24="",0,COUNTIF(G24:AH24,"Y")) -> 0 | AJ24: =IF(D24="","",VLOOKUP(AI24,TorchTables!$C$1:$D$29,2,FALSE)) -> 3
A25: 45356 | B25: 3 | C25: 3B | D25: Lname10 | E25: Fname10 | F25: XXXXX10 | AI25: =IF(D25="",0,COUNTIF(G25:AH25,"Y")) -> 0 | AJ25: =IF(D25="","",VLOOKUP(AI25,TorchTables!$C$1:$D$29,2,FALSE)) -> 3
AI26: =IF(D26="",0,COUNTIF(G26:AH26,"Y")) -> 0 | AJ26: =IF(D26="","",VLOOKUP(AI26,TorchTables!$C$1:$D$29,2,FALSE))
AI27: =IF(D27="",0,COUNTIF(G27:AH27,"Y")) -> 0 | AJ27: =IF(D27="","",VLOOKUP(AI27,TorchTables!$C$1:$D$29,2,FALSE))
AI28: =IF(D28="",0,COUNTIF(G28:AH28,"Y")) -> 0 | AJ28: =IF(D28="","",VLOOKUP(AI28,TorchTables!$C$1:$D$29,2,FALSE))
AI29: =IF(D29="",0,COUNTIF(G29:AH29,"Y")) -> 0 | AJ29: =IF(D29="","",VLOOKUP(AI29,TorchTables!$C$1:$D$29,2,FALSE))
AI30: =IF(D30="",0,COUNTIF(G30:AH30,"Y")) -> 0 | AJ30: =IF(D30="","",VLOOKUP(AI30,TorchTables!$C$1:$D$29,2,FALSE))
AI31: =IF(D31="",0,COUNTIF(G31:AH31,"Y")) -> 0 | AJ31: =IF(D31="","",VLOOKUP(AI31,TorchTables!$C$1:$D$29,2,FALSE))
AI32: =IF(D32="",0,COUNTIF(G32:AH32,"Y")) -> 0 | AJ32: =IF(D32="","",VLOOKUP(AI32,TorchTables!$C$1:$D$29,2,FALSE))
AI33: =IF(D33="",0,COUNTIF(G33:AH33,"Y")) -> 0 | AJ33: =IF(D33="","",VLOOKUP(AI33,TorchTables!$C$1:$D$29,2,FALSE))
AI34: =IF(D34="",0,COUNTIF(G34:AH34,"Y")) -> 0 | AJ34: =IF(D34="","",VLOOKUP(AI34,TorchTables!$C$1:$D$29,2,FALSE))
AI35: =IF(D35="",0,COUNTIF(G35:AH35,"Y")) -> 0 | AJ35: =IF(D35="","",VLOOKUP(AI35,TorchTables!$C$1:$D$29,2,FALSE))
AI36: =IF(D36="",0,COUNTIF(G36:AH36,"Y")) -> 0 | AJ36: =IF(D36="","",VLOOKUP(AI36,TorchTables!$C$1:$D$29,2,FALSE))
AI37: =IF(D37="",0,COUNTIF(G37:AH37,"Y")) -> 0 | AJ37: =IF(D37="","",VLOOKUP(AI37,TorchTables!$C$1:$D$29,2,FALSE))
... AI509: =IF(D509="",0,COUNTIF(G509:AH509,"Y")) -> 0 | AJ509: =IF(D509="","",VLOOKUP(AI509,TorchTables!$C$1:$D$29,2,FALSE))

Sheet Audrey
A1: TORCH - Audrey and the Visitor | AK1: Item Type Key
A2: 3rd Edition
AK3: Locate
G4: QUESTION No. and ANSWER KEY (Enter the student's response - "Y" if correct, "N" if incorrect) | AK4: 1 | AL4: Directly stated: verbatim
E5: Question Number | G5: 1 | H5: 2 | I5: 3 | J5: 4 | K5: 5 | L5: 6 | M5: 7 | N5: 8 | O5: 9 | P5: 10 | Q5: 11 | R5: 12 | S5: 13 | T5: 14 | U5: 15 | V5: 16 | W5: 17 | X5: 18 | Y5: 19 | Z5: 20 | AA5: 21 | AB5: 22 | AC5: 23 | AD5: 24 | AE5: 25 | AF5: 26 | AG5: 27 | AK5: 2 | AL5: Directly stated: rephrased, reworded
E6: Item Difficulty | G6: 30 | H6: 24 | I6: 41 | J6: 37 | K6: 30 | L6: 28 | M6: 39 | N6: 52 | O6: 41 | P6: 50 | Q6: 40 | R6: 55 | S6: 45 | T6: 30 | U6: 39 | V6: 40 | W6: 35 | X6: 36 | Y6: 39 | Z6: 46 | AA6: 51 | AB6: 38 | AC6: 46 | AD6: 31 | AE6: 52 | AF6: 52 | AG6: 34 | AK6: Locate, interpret and infer
E7: Item Category | G7: Locate, Interpret and Infer | H7: Locate | I7: Locate | J7: Locate | K7: Locate | L7: Locate | M7: Locate, Interpret and Infer | N7: Locate, Interpret and Infer | O7: Locate | P7: Locate, Interpret and Infer | Q7: Locate | R7: Locate, Interpret and Infer | S7: Locate | T7: Locate | U7: Locate | V7: Locate | W7: Locate | X7: Locate, Interpret and Infer | Y7: Locate | Z7: Locate, Interpret and Infer | AA7: Locate | AB7: Locate | AC7: Interpret, Infer and Use | AD7: Locate | AE7: Locate | AF7: Interpret, Infer and Use | AG7: Locate, Interpret and Infer | AK7: 3 | AL7: Directly stated: across text
AK8: 4 | AL8: Directly stated: embedded
AK9: 5 | AL9: Inference: simple, explicit references
AK10: Interpret, infer and use
AK11: 6 | AL11: Inference: complex, multiple references, cultural values, writer's intention
E12: Item Type | G12: 4 | H12: 2 | I12: 2 | J12: 2 | K12: 2 | L12: 2 | M12: 5 | N12: 4 | O12: 2 | P12: 5 | Q12: 1 | R12: 4 | S12: 1 | T12: 1 | U12: 2 | V12: 1 | W12: 1 | X12: 5 | Y12: 2 | Z12: 4 | AA12: 2 | AB12: 2 | AC12: 6 | AD12: 2 | AE12: 2 | AF12: 6 | AG12: 4
A14: Date (dd/mm/yy) | B14: Yr_Lev | C14: HG | D14: Surname | E14: First_Name | F14: Student_ID | G14: Y | H14: Y | I14: Y | J14: Y | K14: Y | L14: Y | M14: Y | N14: Y | O14: Y | P14: Y | Q14: Y | R14: Y | S14: Y | T14: Y | U14: Y | V14: Y | W14: Y | X14: Y | Y14: Y | Z14: Y | AA14: Y | AB14: Y | AC14: Y | AD14: Y | AE14: Y | AF14: Y | AG14: Y | AH14: Raw Score | AI14: TORCH Score
A15: 45356 | B15: 3 | C15: 3A | D15: Lname1 | E15: Fname1 | F15: XXXXX1 | AH15: =IF(D15="",0,COUNTIF(G15:AG15,"Y")) -> 0 | AI15: =IF(D15="","",VLOOKUP(AH15,TorchTables!$G$1:$H$28,2,FALSE)) -> 7.5
A16: 45356 | B16: 3 | C16: 3A | D16: Lname2 | E16: Fname2 | F16: XXXXX2 | AH16: =IF(D16="",0,COUNTIF(G16:AG16,"Y")) -> 0 | AI16: =IF(D16="","",VLOOKUP(AH16,TorchTables!$G$1:$H$28,2,FALSE)) -> 7.5
A17: 45356 | B17: 3 | C17: 3A | D17: Lname3 | E17: Fname3 | F17: XXXXX3 | AH17: =IF(D17="",0,COUNTIF(G17:AG17,"Y")) -> 0 | AI17: =IF(D17="","",VLOOKUP(AH17,TorchTables!$G$1:$H$28,2,FALSE)) -> 7.5
A18: 45356 | B18: 3 | C18: 3A | D18: Lname4 | E18: Fname4 | F18: XXXXX4 | AH18: =IF(D18="",0,COUNTIF(G18:AG18,"Y")) -> 0 | AI18: =IF(D18="","",VLOOKUP(AH18,TorchTables!$G$1:$H$28,2,FALSE)) -> 7.5
A19: 45356 | B19: 3 | C19: 3B | D19: ULname13 | E19: UFname13 | F19: UNLISTED | AH19: =IF(D19="",0,COUNTIF(G19:AG19,"Y")) -> 0 | AI19: =IF(D19="","",VLOOKUP(AH19,TorchTables!$G$1:$H$28,2,FALSE)) -> 7.5
A20: 45356 | B20: 3 | C20: 3A | D20: Lname5 | E20: Fname5 | F20: XXXXX5 | AH20: =IF(D20="",0,COUNTIF(G20:AG20,"Y")) -> 0 | AI20: =IF(D20="","",VLOOKUP(AH20,TorchTables!$G$1:$H$28,2,FALSE)) -> 7.5
A21: 45356 | B21: 3 | C21: 3B | D21: Lname6 | E21: Fname6 | F21: XXXXX6 | AH21: =IF(D21="",0,COUNTIF(G21:AG21,"Y")) -> 0 | AI21: =IF(D21="","",VLOOKUP(AH21,TorchTables!$G$1:$H$28,2,FALSE)) -> 7.5
A22: 45356 | B22: 3 | C22: 3B | D22: Lname7 | E22: Fname7 | F22: XXXXX7 | AH22: =IF(D22="",0,COUNTIF(G22:AG22,"Y")) -> 0 | AI22: =IF(D22="","",VLOOKUP(AH22,TorchTables!$G$1:$H$28,2,FALSE)) -> 7.5
A23: 45356 | B23: 3 | C23: 3B | D23: Lname8 | E23: Fname8 | F23: XXXXX8 | AH23: =IF(D23="",0,COUNTIF(G23:AG23,"Y")) -> 0 | AI23: =IF(D23="","",VLOOKUP(AH23,TorchTables!$G$1:$H$28,2,FALSE)) -> 7.5
A24: 45356 | B24: 3 | C24: 3B | D24: Lname9 | E24: Fname9 | F24: XXXXX9 | AH24: =IF(D24="",0,COUNTIF(G24:AG24,"Y")) -> 0 | AI24: =IF(D24="","",VLOOKUP(AH24,TorchTables!$G$1:$H$28,2,FALSE)) -> 7.5
A25: 45356 | B25: 3 | C25: 3B | D25: Lname10 | E25: Fname10 | F25: XXXXX10 | AH25: =IF(D25="",0,COUNTIF(G25:AG25,"Y")) -> 0 | AI25: =IF(D25="","",VLOOKUP(AH25,TorchTables!$G$1:$H$28,2,FALSE)) -> 7.5
AH26: =IF(D26="",0,COUNTIF(G26:AG26,"Y")) -> 0 | AI26: =IF(D26="","",VLOOKUP(AH26,TorchTables!$G$1:$H$28,2,FALSE))
AH27: =IF(D27="",0,COUNTIF(G27:AG27,"Y")) -> 0 | AI27: =IF(D27="","",VLOOKUP(AH27,TorchTables!$G$1:$H$28,2,FALSE))
AH28: =IF(D28="",0,COUNTIF(G28:AG28,"Y")) -> 0 | AI28: =IF(D28="","",VLOOKUP(AH28,TorchTables!$G$1:$H$28,2,FALSE))
AH29: =IF(D29="",0,COUNTIF(G29:AG29,"Y")) -> 0 | AI29: =IF(D29="","",VLOOKUP(AH29,TorchTables!$G$1:$H$28,2,FALSE))
AH30: =IF(D30="",0,COUNTIF(G30:AG30,"Y")) -> 0 | AI30: =IF(D30="","",VLOOKUP(AH30,TorchTables!$G$1:$H$28,2,FALSE))
AH31: =IF(D31="",0,COUNTIF(G31:AG31,"Y")) -> 0 | AI31: =IF(D31="","",VLOOKUP(AH31,TorchTables!$G$1:$H$28,2,FALSE))
AH32: =IF(D32="",0,COUNTIF(G32:AG32,"Y")) -> 0 | AI32: =IF(D32="","",VLOOKUP(AH32,TorchTables!$G$1:$H$28,2,FALSE))
AH33: =IF(D33="",0,COUNTIF(G33:AG33,"Y")) -> 0 | AI33: =IF(D33="","",VLOOKUP(AH33,TorchTables!$G$1:$H$28,2,FALSE))
AH34: =IF(D34="",0,COUNTIF(G34:AG34,"Y")) -> 0 | AI34: =IF(D34="","",VLOOKUP(AH34,TorchTables!$G$1:$H$28,2,FALSE))
AH35: =IF(D35="",0,COUNTIF(G35:AG35,"Y")) -> 0 | AI35: =IF(D35="","",VLOOKUP(AH35,TorchTables!$G$1:$H$28,2,FALSE))
AH36: =IF(D36="",0,COUNTIF(G36:AG36,"Y")) -> 0 | AI36: =IF(D36="","",VLOOKUP(AH36,TorchTables!$G$1:$H$28,2,FALSE))
AH37: =IF(D37="",0,COUNTIF(G37:AG37,"Y")) -> 0 | AI37: =IF(D37="","",VLOOKUP(AH37,TorchTables!$G$1:$H$28,2,FALSE))
... AH509: =IF(D509="",0,COUNTIF(G509:AG509,"Y")) -> 0 | AI509: =IF(D509="","",VLOOKUP(AH509,TorchTables!$G$1:$H$28,2,FALSE))

Sheet Matches
A1: TORCH - Matches | AB1: Item Type Key
A2: 3rd Edition
AB3: Locate
G4: QUESTION No. and ANSWER KEY (Enter the student's response - "Y" if correct, "N" if incorrect) | AB4: 1 | AC4: Directly stated: verbatim
E5: Question Number | G5: 1 | H5: 2 | I5: 3 | J5: 4 | K5: 5 | L5: 6 | M5: 7 | N5: 8 | O5: 9 | P5: 10 | Q5: 11 | R5: 12 | S5: 13 | T5: 14 | U5: 15 | V5: 16 | W5: 17 | X5: 18 | Y5: 19 | AB5: 2 | AC5: Directly stated: rephrased, reworded
E6: Item Difficulty | G6: 31 | H6: 42 | I6: 52 | J6: 47 | K6: 43 | L6: 49 | M6: 50 | N6: 48 | O6: 47 | P6: 55 | Q6: 54 | R6: 54 | S6: 46 | T6: 56 | U6: 58 | V6: 47 | W6: 46 | X6: 55 | Y6: 38 | AB6: Locate, interpret and infer
E7: Item Category | G7: Locate, Interpret and Infer | H7: Locate, Interpret and Infer | I7: Locate, Interpret and Infer | J7: Locate, Interpret and Infer | K7: Locate, Interpret and Infer | L7: Locate, Interpret and Infer | M7: Locate, Interpret and Infer | N7: Locate, Interpret and Infer | O7: Locate, Interpret and Infer | P7: Locate, Interpret and Infer | Q7: Locate, Interpret and Infer | R7: Locate, Interpret and Infer | S7: Locate, Interpret and Infer | T7: Locate, Interpret and Infer | U7: Locate, Interpret and Infer | V7: Locate, Interpret and Infer | W7: Locate, Interpret and Infer | X7: Locate, Interpret and Infer | Y7: Locate, Interpret and Infer | AB7: 3 | AC7: Directly stated: across text
AB8: 4 | AC8: Directly stated: embedded
AB9: 5 | AC9: Inference: simple, explicit references
AB10: Interpret, infer and use
AB11: 6 | AC11: Inference: complex, multiple references, cultural values, writer's intention
E12: Item Type | G12: 3 | H12: 3 | I12: 4 | J12: 3 | K12: 4 | L12: 4 | M12: 3 | N12: 3 | O12: 3 | P12: 4 | Q12: 4 | R12: 4 | S12: 4 | T12: 5 | U12: 5 | V12: 3 | W12: 3 | X12: 5 | Y12: 5
A14: Date (dd/mm/yy) | B14: Yr_Lev | C14: HG | D14: Surname | E14: First_Name | F14: Student_ID | G14: Y | H14: Y | I14: Y | J14: Y | K14: Y | L14: Y | M14: Y | N14: Y | O14: Y | P14: Y | Q14: Y | R14: Y | S14: Y | T14: Y | U14: Y | V14: Y | W14: Y | X14: Y | Y14: Y | Z14: Raw Score | AA14: TORCH Score
A15: 45356 | B15: 3 | C15: 3A | D15: Lname1 | E15: Fname1 | F15: XXXXX1 | Z15: =IF(D15="",0,COUNTIF(G15:Y15,"Y")) -> 0 | AA15: =IF(D15="","",VLOOKUP(Z15,TorchTables!$I$1:$J$20,2,FALSE)) -> 18.6
A16: 45356 | B16: 3 | C16: 3A | D16: Lname2 | E16: Fname2 | F16: XXXXX2 | Z16: =IF(D16="",0,COUNTIF(G16:Y16,"Y")) -> 0 | AA16: =IF(D16="","",VLOOKUP(Z16,TorchTables!$I$1:$J$20,2,FALSE)) -> 18.6
A17: 45356 | B17: 3 | C17: 3A | D17: Lname3 | E17: Fname3 | F17: XXXXX3 | Z17: =IF(D17="",0,COUNTIF(G17:Y17,"Y")) -> 0 | AA17: =IF(D17="","",VLOOKUP(Z17,TorchTables!$I$1:$J$20,2,FALSE)) -> 18.6
A18: 45356 | B18: 3 | C18: 3A | D18: Lname4 | E18: Fname4 | F18: XXXXX4 | Z18: =IF(D18="",0,COUNTIF(G18:Y18,"Y")) -> 0 | AA18: =IF(D18="","",VLOOKUP(Z18,TorchTables!$I$1:$J$20,2,FALSE)) -> 18.6
A19: 45356 | B19: 3 | C19: 3B | D19: ULname13 | E19: UFname13 | F19: UNLISTED | Z19: =IF(D19="",0,COUNTIF(G19:Y19,"Y")) -> 0 | AA19: =IF(D19="","",VLOOKUP(Z19,TorchTables!$I$1:$J$20,2,FALSE)) -> 18.6
A20: 45356 | B20: 3 | C20: 3A | D20: Lname5 | E20: Fname5 | F20: XXXXX5 | Z20: =IF(D20="",0,COUNTIF(G20:Y20,"Y")) -> 0 | AA20: =IF(D20="","",VLOOKUP(Z20,TorchTables!$I$1:$J$20,2,FALSE)) -> 18.6
A21: 45356 | B21: 3 | C21: 3B | D21: Lname6 | E21: Fname6 | F21: XXXXX6 | Z21: =IF(D21="",0,COUNTIF(G21:Y21,"Y")) -> 0 | AA21: =IF(D21="","",VLOOKUP(Z21,TorchTables!$I$1:$J$20,2,FALSE)) -> 18.6
A22: 45356 | B22: 3 | C22: 3B | D22: Lname7 | E22: Fname7 | F22: XXXXX7 | Z22: =IF(D22="",0,COUNTIF(G22:Y22,"Y")) -> 0 | AA22: =IF(D22="","",VLOOKUP(Z22,TorchTables!$I$1:$J$20,2,FALSE)) -> 18.6
A23: 45356 | B23: 3 | C23: 3B | D23: Lname8 | E23: Fname8 | F23: XXXXX8 | Z23: =IF(D23="",0,COUNTIF(G23:Y23,"Y")) -> 0 | AA23: =IF(D23="","",VLOOKUP(Z23,TorchTables!$I$1:$J$20,2,FALSE)) -> 18.6
A24: 45356 | B24: 3 | C24: 3B | D24: Lname9 | E24: Fname9 | F24: XXXXX9 | Z24: =IF(D24="",0,COUNTIF(G24:Y24,"Y")) -> 0 | AA24: =IF(D24="","",VLOOKUP(Z24,TorchTables!$I$1:$J$20,2,FALSE)) -> 18.6
A25: 45356 | B25: 3 | C25: 3B | D25: Lname10 | E25: Fname10 | F25: XXXXX10 | Z25: =IF(D25="",0,COUNTIF(G25:Y25,"Y")) -> 0 | AA25: =IF(D25="","",VLOOKUP(Z25,TorchTables!$I$1:$J$20,2,FALSE)) -> 18.6
Z26: =IF(D26="",0,COUNTIF(G26:Y26,"Y")) -> 0 | AA26: =IF(D26="","",VLOOKUP(Z26,TorchTables!$I$1:$J$20,2,FALSE))
Z27: =IF(D27="",0,COUNTIF(G27:Y27,"Y")) -> 0 | AA27: =IF(D27="","",VLOOKUP(Z27,TorchTables!$I$1:$J$20,2,FALSE))
Z28: =IF(D28="",0,COUNTIF(G28:Y28,"Y")) -> 0 | AA28: =IF(D28="","",VLOOKUP(Z28,TorchTables!$I$1:$J$20,2,FALSE))
Z29: =IF(D29="",0,COUNTIF(G29:Y29,"Y")) -> 0 | AA29: =IF(D29="","",VLOOKUP(Z29,TorchTables!$I$1:$J$20,2,FALSE))
Z30: =IF(D30="",0,COUNTIF(G30:Y30,"Y")) -> 0 | AA30: =IF(D30="","",VLOOKUP(Z30,TorchTables!$I$1:$J$20,2,FALSE))
Z31: =IF(D31="",0,COUNTIF(G31:Y31,"Y")) -> 0 | AA31: =IF(D31="","",VLOOKUP(Z31,TorchTables!$I$1:$J$20,2,FALSE))
Z32: =IF(D32="",0,COUNTIF(G32:Y32,"Y")) -> 0 | AA32: =IF(D32="","",VLOOKUP(Z32,TorchTables!$I$1:$J$20,2,FALSE))
Z33: =IF(D33="",0,COUNTIF(G33:Y33,"Y")) -> 0 | AA33: =IF(D33="","",VLOOKUP(Z33,TorchTables!$I$1:$J$20,2,FALSE))
Z34: =IF(D34="",0,COUNTIF(G34:Y34,"Y")) -> 0 | AA34: =IF(D34="","",VLOOKUP(Z34,TorchTables!$I$1:$J$20,2,FALSE))
Z35: =IF(D35="",0,COUNTIF(G35:Y35,"Y")) -> 0 | AA35: =IF(D35="","",VLOOKUP(Z35,TorchTables!$I$1:$J$20,2,FALSE))
Z36: =IF(D36="",0,COUNTIF(G36:Y36,"Y")) -> 0 | AA36: =IF(D36="","",VLOOKUP(Z36,TorchTables!$I$1:$J$20,2,FALSE))
Z37: =IF(D37="",0,COUNTIF(G37:Y37,"Y")) -> 0 | AA37: =IF(D37="","",VLOOKUP(Z37,TorchTables!$I$1:$J$20,2,FALSE))
... Z509: =IF(D509="",0,COUNTIF(G509:Y509,"Y")) -> 0 | AA509: =IF(D509="","",VLOOKUP(Z509,TorchTables!$I$1:$J$20,2,FALSE))

Sheet Bones
A1: TORCH - Misery Bones | AL1: Item Type Key
A2: 3rd Edition
AL3: Locate
G4: QUESTION No. and ANSWER KEY (Enter the student's response - "Y" if correct, "N" if incorrect) | AL4: 1 | AM4: Directly stated: verbatim
E5: Question Number | G5: 1 | H5: 2 | I5: 3 | J5: 4 | K5: 5 | L5: 6 | M5: 7 | N5: 8 | O5: 9 | P5: 10 | Q5: 11 | R5: 12 | S5: 13 | T5: 14 | U5: 15 | V5: 16 | W5: 17 | X5: 18 | Y5: 19 | Z5: 20 | AA5: 21 | AB5: 22 | AC5: 23 | AD5: 24 | AE5: 25 | AF5: 26 | AG5: 27 | AH5: 28 | AL5: 2 | AM5: Directly stated: rephrased, reworded
E6: Item Difficulty | G6: 39 | H6: 38 | I6: 54 | J6: 49 | K6: 60 | L6: 52 | M6: 46 | N6: 43 | O6: 51 | P6: 52 | Q6: 51 | R6: 56 | S6: 61 | T6: 42 | U6: 49 | V6: 43 | W6: 44 | X6: 57 | Y6: 62 | Z6: 57 | AA6: 47 | AB6: 46 | AC6: 70 | AD6: 69 | AE6: 56 | AF6: 55 | AG6: 51 | AH6: 62 | AL6: Locate, interpret and infer
E7: Item Category | G7: Locate, Interpret and Infer | H7: Locate, Interpret and Infer | I7: Interpret, Infer and Use | J7: Interpret, Infer and Use | K7: Locate | L7: Locate | M7: Locate | N7: Locate | O7: Locate | P7: Locate | Q7: Locate, Interpret and Infer | R7: Locate, Interpret and Infer | S7: Locate | T7: Locate | U7: Locate | V7: Locate | W7: Locate | X7: Locate, Interpret and Infer | Y7: Locate | Z7: Locate | AA7: Locate, Interpret and Infer | AB7: Locate | AC7: Locate, Interpret and Infer | AD7: Locate, Interpret and Infer | AE7: Locate | AF7: Locate, Interpret and Infer | AG7: Interpret, Infer and Use | AH7: Interpret, Infer and Use | AL7: 3 | AM7: Directly stated: across text
AL8: 4 | AM8: Directly stated: embedded
AL9: 5 | AM9: Inference: simple, explicit references
AL10: Interpret, infer and use
AL11: 6 | AM11: Inference: complex, multiple references, cultural values, writer's intention
E12: Item Type | G12: 4 | H12: 4 | I12: 6 | J12: 6 | K12: 2 | L12: 2 | M12: 2 | N12: 2 | O12: 2 | P12: 2 | Q12: 5 | R12: 5 | S12: 2 | T12: 2 | U12: 2 | V12: 2 | W12: 2 | X12: 5 | Y12: 2 | Z12: 2 | AA12: 3 | AB12: 2 | AC12: 5 | AD12: 4 | AE12: 2 | AF12: 5 | AG12: 6 | AH12: 6
A14: Date (dd/mm/yy) | B14: Yr_Lev | C14: HG | D14: Surname | E14: First_Name | F14: Student_ID | G14: Y | H14: Y | I14: Y | J14: Y | K14: Y | L14: Y | M14: Y | N14: Y | O14: Y | P14: Y | Q14: Y | R14: Y | S14: Y | T14: Y | U14: Y | V14: Y | W14: Y | X14: Y | Y14: Y | Z14: Y | AA14: Y | AB14: Y | AC14: Y | AD14: Y | AE14: Y | AF14: Y | AG14: Y | AH14: Y | AI14: Raw Score | AJ14: TORCH Score
A15: 45356 | B15: 3 | C15: 3A | D15: Lname1 | E15: Fname1 | F15: XXXXX1 | AI15: =IF(D15="",0,COUNTIF(G15:AH15,"Y")) -> 0 | AJ15: =IF(D15="","",VLOOKUP(AI15,TorchTables!$Q$1:$R$29,2,FALSE)) -> 19.8
A16: 45356 | B16: 3 | C16: 3A | D16: Lname2 | E16: Fname2 | F16: XXXXX2 | AI16: =IF(D16="",0,COUNTIF(G16:AH16,"Y")) -> 0 | AJ16: =IF(D16="","",VLOOKUP(AI16,TorchTables!$Q$1:$R$29,2,FALSE)) -> 19.8
A17: 45356 | B17: 3 | C17: 3A | D17: Lname3 | E17: Fname3 | F17: XXXXX3 | AI17: =IF(D17="",0,COUNTIF(G17:AH17,"Y")) -> 0 | AJ17: =IF(D17="","",VLOOKUP(AI17,TorchTables!$Q$1:$R$29,2,FALSE)) -> 19.8
A18: 45356 | B18: 3 | C18: 3A | D18: Lname4 | E18: Fname4 | F18: XXXXX4 | AI18: =IF(D18="",0,COUNTIF(G18:AH18,"Y")) -> 0 | AJ18: =IF(D18="","",VLOOKUP(AI18,TorchTables!$Q$1:$R$29,2,FALSE)) -> 19.8
A19: 45356 | B19: 3 | C19: 3B | D19: ULname13 | E19: UFname13 | F19: UNLISTED | AI19: =IF(D19="",0,COUNTIF(G19:AH19,"Y")) -> 0 | AJ19: =IF(D19="","",VLOOKUP(AI19,TorchTables!$Q$1:$R$29,2,FALSE)) -> 19.8
A20: 45356 | B20: 3 | C20: 3A | D20: Lname5 | E20: Fname5 | F20: XXXXX5 | AI20: =IF(D20="",0,COUNTIF(G20:AH20,"Y")) -> 0 | AJ20: =IF(D20="","",VLOOKUP(AI20,TorchTables!$Q$1:$R$29,2,FALSE)) -> 19.8
A21: 45356 | B21: 3 | C21: 3B | D21: Lname6 | E21: Fname6 | F21: XXXXX6 | AI21: =IF(D21="",0,COUNTIF(G21:AH21,"Y")) -> 0 | AJ21: =IF(D21="","",VLOOKUP(AI21,TorchTables!$Q$1:$R$29,2,FALSE)) -> 19.8
A22: 45356 | B22: 3 | C22: 3B | D22: Lname7 | E22: Fname7 | F22: XXXXX7 | AI22: =IF(D22="",0,COUNTIF(G22:AH22,"Y")) -> 0 | AJ22: =IF(D22="","",VLOOKUP(AI22,TorchTables!$Q$1:$R$29,2,FALSE)) -> 19.8
A23: 45356 | B23: 3 | C23: 3B | D23: Lname8 | E23: Fname8 | F23: XXXXX8 | AI23: =IF(D23="",0,COUNTIF(G23:AH23,"Y")) -> 0 | AJ23: =IF(D23="","",VLOOKUP(AI23,TorchTables!$Q$1:$R$29,2,FALSE)) -> 19.8
A24: 45356 | B24: 3 | C24: 3B | D24: Lname9 | E24: Fname9 | F24: XXXXX9 | AI24: =IF(D24="",0,COUNTIF(G24:AH24,"Y")) -> 0 | AJ24: =IF(D24="","",VLOOKUP(AI24,TorchTables!$Q$1:$R$29,2,FALSE)) -> 19.8
A25: 45356 | B25: 3 | C25: 3B | D25: Lname10 | E25: Fname10 | F25: XXXXX10 | AI25: =IF(D25="",0,COUNTIF(G25:AH25,"Y")) -> 0 | AJ25: =IF(D25="","",VLOOKUP(AI25,TorchTables!$Q$1:$R$29,2,FALSE)) -> 19.8
AI26: =IF(D26="",0,COUNTIF(G26:AH26,"Y")) -> 0 | AJ26: =IF(D26="","",VLOOKUP(AI26,TorchTables!$Q$1:$R$29,2,FALSE))
AI27: =IF(D27="",0,COUNTIF(G27:AH27,"Y")) -> 0 | AJ27: =IF(D27="","",VLOOKUP(AI27,TorchTables!$Q$1:$R$29,2,FALSE))
AI28: =IF(D28="",0,COUNTIF(G28:AH28,"Y")) -> 0 | AJ28: =IF(D28="","",VLOOKUP(AI28,TorchTables!$Q$1:$R$29,2,FALSE))
AI29: =IF(D29="",0,COUNTIF(G29:AH29,"Y")) -> 0 | AJ29: =IF(D29="","",VLOOKUP(AI29,TorchTables!$Q$1:$R$29,2,FALSE))
AI30: =IF(D30="",0,COUNTIF(G30:AH30,"Y")) -> 0 | AJ30: =IF(D30="","",VLOOKUP(AI30,TorchTables!$Q$1:$R$29,2,FALSE))
AI31: =IF(D31="",0,COUNTIF(G31:AH31,"Y")) -> 0 | AJ31: =IF(D31="","",VLOOKUP(AI31,TorchTables!$Q$1:$R$29,2,FALSE))
AI32: =IF(D32="",0,COUNTIF(G32:AH32,"Y")) -> 0 | AJ32: =IF(D32="","",VLOOKUP(AI32,TorchTables!$Q$1:$R$29,2,FALSE))
AI33: =IF(D33="",0,COUNTIF(G33:AH33,"Y")) -> 0 | AJ33: =IF(D33="","",VLOOKUP(AI33,TorchTables!$Q$1:$R$29,2,FALSE))
AI34: =IF(D34="",0,COUNTIF(G34:AH34,"Y")) -> 0 | AJ34: =IF(D34="","",VLOOKUP(AI34,TorchTables!$Q$1:$R$29,2,FALSE))
AI35: =IF(D35="",0,COUNTIF(G35:AH35,"Y")) -> 0 | AJ35: =IF(D35="","",VLOOKUP(AI35,TorchTables!$Q$1:$R$29,2,FALSE))
AI36: =IF(D36="",0,COUNTIF(G36:AH36,"Y")) -> 0 | AJ36: =IF(D36="","",VLOOKUP(AI36,TorchTables!$Q$1:$R$29,2,FALSE))
AI37: =IF(D37="",0,COUNTIF(G37:AH37,"Y")) -> 0 | AJ37: =IF(D37="","",VLOOKUP(AI37,TorchTables!$Q$1:$R$29,2,FALSE))
... AI509: =IF(D509="",0,COUNTIF(G509:AH509,"Y")) -> 0 | AJ509: =IF(D509="","",VLOOKUP(AI509,TorchTables!$Q$1:$R$29,2,FALSE))

Sheet Mall
A1: TORCH - In the Mall | AK1: Item Type Key
A2: 3rd Edition
AK3: Locate
G4: QUESTION No. and ANSWER KEY (Enter the student's response - "Y" if correct, "N" if incorrect) | AK4: 1 | AL4: Directly stated: verbatim
E5: Question Number | G5: 1 | H5: 2 | I5: 3 | J5: 4 | K5: 5 | L5: 6 | M5: 7 | N5: 8 | O5: 9 | P5: 10 | Q5: 11 | R5: 12 | S5: 13 | T5: 14 | U5: 15 | V5: 16 | W5: 17 | X5: 18 | Y5: 19 | Z5: 20 | AA5: 21 | AB5: 22 | AC5: 23 | AD5: 24 | AE5: 25 | AF5: 26 | AG5: 27 | AK5: 2 | AL5: Directly stated: rephrased, reworded
E6: Item Difficulty | G6: 50 | H6: 49 | I6: 33 | J6: 32 | K6: 43 | L6: 51 | M6: 60 | N6: 45 | O6: 46 | P6: 52 | Q6: 23 | R6: 57 | S6: 45 | T6: 45 | U6: 56 | V6: 56 | W6: 55 | X6: 58 | Y6: 51 | Z6: 66 | AA6: 36 | AB6: 44 | AC6: 50 | AD6: 47 | AE6: 53 | AF6: 60 | AG6: 57 | AK6: Locate, interpret and infer
E7: Item Category | G7: Locate | H7: Interpret, Infer and Use | I7: Locate | J7: Locate | K7: Locate | L7: Locate, Interpret and Infer | M7: Locate, Interpret and Infer | N7: Locate | O7: Locate, Interpret and Infer | P7: Locate, Interpret and Infer | Q7: Locate | R7: Locate, Interpret and Infer | S7: Locate | T7: Locate | U7: Locate | V7: Locate, Interpret and Infer | W7: Interpret, Infer and Use | X7: Locate | Y7: Locate | Z7: Interpret, Infer and Use | AA7: Locate | AB7: Locate, Interpret and Infer | AC7: Interpret, Infer and Use | AD7: Locate, Interpret and Infer | AE7: Locate | AF7: Locate | AG7: Locate | AK7: 3 | AL7: Directly stated: across text
AK8: 4 | AL8: Directly stated: embedded
AK9: 5 | AL9: Inference: simple, explicit references
AK10: Interpret, infer and use
AK11: 6 | AL11: Inference: complex, multiple references, cultural values, writer's intention
E12: Item Type | G12: 2 | H12: 6 | I12: 2 | J12: 2 | K12: 2 | L12: 5 | M12: 5 | N12: 2 | O12: 5 | P12: 4 | Q12: 2 | R12: 4 | S12: 2 | T12: 1 | U12: 2 | V12: 4 | W12: 6 | X12: 1 | Y12: 2 | Z12: 6 | AA12: 1 | AB12: 4 | AC12: 6 | AD12: 4 | AE12: 2 | AF12: 2 | AG12: 2
A14: Date (dd/mm/yy) | B14: Yr_Lev | C14: HG | D14: Surname | E14: First_Name | F14: Student_ID | G14: Y | H14: Y | I14: Y | J14: Y | K14: Y | L14: Y | M14: Y | N14: Y | O14: Y | P14: Y | Q14: Y | R14: Y | S14: Y | T14: Y | U14: Y | V14: Y | W14: Y | X14: Y | Y14: Y | Z14: Y | AA14: Y | AB14: Y | AC14: Y | AD14: Y | AE14: Y | AF14: Y | AG14: Y | AH14: Raw Score | AI14: TORCH Score
A15: 45356 | B15: 3 | C15: 3A | D15: Lname1 | E15: Fname1 | F15: XXXXX1 | AH15: =IF(D15="",0,COUNTIF(G15:AG15,"Y")) -> 0 | AI15: =IF(D15="","",VLOOKUP(AH15,TorchTables!$K$1:$L$28,2,FALSE)) -> 12.3
A16: 45356 | B16: 3 | C16: 3A | D16: Lname2 | E16: Fname2 | F16: XXXXX2 | AH16: =IF(D16="",0,COUNTIF(G16:AG16,"Y")) -> 0 | AI16: =IF(D16="","",VLOOKUP(AH16,TorchTables!$K$1:$L$28,2,FALSE)) -> 12.3
A17: 45356 | B17: 3 | C17: 3A | D17: Lname3 | E17: Fname3 | F17: XXXXX3 | AH17: =IF(D17="",0,COUNTIF(G17:AG17,"Y")) -> 0 | AI17: =IF(D17="","",VLOOKUP(AH17,TorchTables!$K$1:$L$28,2,FALSE)) -> 12.3
A18: 45356 | B18: 3 | C18: 3A | D18: Lname4 | E18: Fname4 | F18: XXXXX4 | AH18: =IF(D18="",0,COUNTIF(G18:AG18,"Y")) -> 0 | AI18: =IF(D18="","",VLOOKUP(AH18,TorchTables!$K$1:$L$28,2,FALSE)) -> 12.3
A19: 45356 | B19: 3 | C19: 3B | D19: ULname13 | E19: UFname13 | F19: UNLISTED | AH19: =IF(D19="",0,COUNTIF(G19:AG19,"Y")) -> 0 | AI19: =IF(D19="","",VLOOKUP(AH19,TorchTables!$K$1:$L$28,2,FALSE)) -> 12.3
A20: 45356 | B20: 3 | C20: 3A | D20: Lname5 | E20: Fname5 | F20: XXXXX5 | AH20: =IF(D20="",0,COUNTIF(G20:AG20,"Y")) -> 0 | AI20: =IF(D20="","",VLOOKUP(AH20,TorchTables!$K$1:$L$28,2,FALSE)) -> 12.3
A21: 45356 | B21: 3 | C21: 3B | D21: Lname6 | E21: Fname6 | F21: XXXXX6 | AH21: =IF(D21="",0,COUNTIF(G21:AG21,"Y")) -> 0 | AI21: =IF(D21="","",VLOOKUP(AH21,TorchTables!$K$1:$L$28,2,FALSE)) -> 12.3
A22: 45356 | B22: 3 | C22: 3B | D22: Lname7 | E22: Fname7 | F22: XXXXX7 | AH22: =IF(D22="",0,COUNTIF(G22:AG22,"Y")) -> 0 | AI22: =IF(D22="","",VLOOKUP(AH22,TorchTables!$K$1:$L$28,2,FALSE)) -> 12.3
A23: 45356 | B23: 3 | C23: 3B | D23: Lname8 | E23: Fname8 | F23: XXXXX8 | AH23: =IF(D23="",0,COUNTIF(G23:AG23,"Y")) -> 0 | AI23: =IF(D23="","",VLOOKUP(AH23,TorchTables!$K$1:$L$28,2,FALSE)) -> 12.3
A24: 45356 | B24: 3 | C24: 3B | D24: Lname9 | E24: Fname9 | F24: XXXXX9 | AH24: =IF(D24="",0,COUNTIF(G24:AG24,"Y")) -> 0 | AI24: =IF(D24="","",VLOOKUP(AH24,TorchTables!$K$1:$L$28,2,FALSE)) -> 12.3
A25: 45356 | B25: 3 | C25: 3B | D25: Lname10 | E25: Fname10 | F25: XXXXX10 | AH25: =IF(D25="",0,COUNTIF(G25:AG25,"Y")) -> 0 | AI25: =IF(D25="","",VLOOKUP(AH25,TorchTables!$K$1:$L$28,2,FALSE)) -> 12.3
AH26: =IF(D26="",0,COUNTIF(G26:AG26,"Y")) -> 0 | AI26: =IF(D26="","",VLOOKUP(AH26,TorchTables!$K$1:$L$28,2,FALSE))
AH27: =IF(D27="",0,COUNTIF(G27:AG27,"Y")) -> 0 | AI27: =IF(D27="","",VLOOKUP(AH27,TorchTables!$K$1:$L$28,2,FALSE))
AH28: =IF(D28="",0,COUNTIF(G28:AG28,"Y")) -> 0 | AI28: =IF(D28="","",VLOOKUP(AH28,TorchTables!$K$1:$L$28,2,FALSE))
AH29: =IF(D29="",0,COUNTIF(G29:AG29,"Y")) -> 0 | AI29: =IF(D29="","",VLOOKUP(AH29,TorchTables!$K$1:$L$28,2,FALSE))
AH30: =IF(D30="",0,COUNTIF(G30:AG30,"Y")) -> 0 | AI30: =IF(D30="","",VLOOKUP(AH30,TorchTables!$K$1:$L$28,2,FALSE))
AH31: =IF(D31="",0,COUNTIF(G31:AG31,"Y")) -> 0 | AI31: =IF(D31="","",VLOOKUP(AH31,TorchTables!$K$1:$L$28,2,FALSE))
AH32: =IF(D32="",0,COUNTIF(G32:AG32,"Y")) -> 0 | AI32: =IF(D32="","",VLOOKUP(AH32,TorchTables!$K$1:$L$28,2,FALSE))
AH33: =IF(D33="",0,COUNTIF(G33:AG33,"Y")) -> 0 | AI33: =IF(D33="","",VLOOKUP(AH33,TorchTables!$K$1:$L$28,2,FALSE))
AH34: =IF(D34="",0,COUNTIF(G34:AG34,"Y")) -> 0 | AI34: =IF(D34="","",VLOOKUP(AH34,TorchTables!$K$1:$L$28,2,FALSE))
AH35: =IF(D35="",0,COUNTIF(G35:AG35,"Y")) -> 0 | AI35: =IF(D35="","",VLOOKUP(AH35,TorchTables!$K$1:$L$28,2,FALSE))
AH36: =IF(D36="",0,COUNTIF(G36:AG36,"Y")) -> 0 | AI36: =IF(D36="","",VLOOKUP(AH36,TorchTables!$K$1:$L$28,2,FALSE))
AH37: =IF(D37="",0,COUNTIF(G37:AG37,"Y")) -> 0 | AI37: =IF(D37="","",VLOOKUP(AH37,TorchTables!$K$1:$L$28,2,FALSE))
... AH509: =IF(D509="",0,COUNTIF(G509:AG509,"Y")) -> 0 | AI509: =IF(D509="","",VLOOKUP(AH509,TorchTables!$K$1:$L$28,2,FALSE))

Sheet Glass
A1: TORCH - Window Glass | AK1: Item Type Key
A2: 3rd Edition
AK3: Locate
G4: QUESTION No. and ANSWER KEY (Enter the student's response - "Y" if correct, "N" if incorrect) | AK4: 1 | AL4: Directly stated: verbatim
E5: Question Number | G5: 1 | H5: 2 | I5: 3 | J5: 4 | K5: 5 | L5: 6 | M5: 7 | N5: 8 | O5: 9 | P5: 10 | Q5: 11 | R5: 12 | S5: 13 | T5: 14 | U5: 15 | V5: 16 | W5: 17 | X5: 18 | Y5: 19 | Z5: 20 | AA5: 21 | AB5: 22 | AC5: 23 | AD5: 24 | AE5: 25 | AF5: 26 | AG5: 27 | AK5: 2 | AL5: Directly stated: rephrased, reworded
E6: Item Difficulty | G6: 32 | H6: 46 | I6: 47 | J6: 38 | K6: 44 | L6: 53 | M6: 47 | N6: 64 | O6: 59 | P6: 63 | Q6: 42 | R6: 50 | S6: 55 | T6: 57 | U6: 55 | V6: 43 | W6: 55 | X6: 43 | Y6: 44 | Z6: 40 | AA6: 55 | AB6: 61 | AC6: 62 | AD6: 47 | AE6: 36 | AF6: 46 | AG6: 54 | AK6: Locate, interpret and infer
E7: Item Category | G7: Locate | H7: Locate | I7: Locate | J7: Locate | K7: Locate | L7: Locate | M7: Locate | N7: Locate, Interpret and Infer | O7: Locate, Interpret and Infer | P7: Locate, Interpret and Infer | Q7: Locate, Interpret and Infer | R7: Locate | S7: Locate | T7: Locate | U7: Locate, Interpret and Infer | V7: Locate, Interpret and Infer | W7: Locate, Interpret and Infer | X7: Locate, Interpret and Infer | Y7: Locate | Z7: Locate, Interpret and Infer | AA7: Locate | AB7: Locate, Interpret and Infer | AC7: Locate, Interpret and Infer | AD7: Locate | AE7: Locate, Interpret and Infer | AF7: Locate | AG7: Locate, Interpret and Infer | AK7: 3 | AL7: Directly stated: across text
AK8: 4 | AL8: Directly stated: embedded
AK9: 5 | AL9: Inference: simple, explicit references
AK10: Interpret, infer and use
AK11: 6 | AL11: Inference: complex, multiple references, cultural values, writer's intention
E12: Item Type | G12: 1 | H12: 2 | I12: 2 | J12: 1 | K12: 2 | L12: 2 | M12: 2 | N12: 4 | O12: 4 | P12: 4 | Q12: 4 | R12: 2 | S12: 2 | T12: 2 | U12: 4 | V12: 4 | W12: 4 | X12: 4 | Y12: 2 | Z12: 4 | AA12: 2 | AB12: 4 | AC12: 3 | AD12: 2 | AE12: 4 | AF12: 2 | AG12: 4
A14: Date (dd/mm/yy) | B14: Yr_Lev | C14: HG | D14: Surname | E14: First_Name | F14: Student_ID | G14: Y | H14: Y | I14: Y | J14: Y | K14: Y | L14: Y | M14: Y | N14: Y | O14: Y | P14: Y | Q14: Y | R14: Y | S14: Y | T14: Y | U14: Y | V14: Y | W14: Y | X14: Y | Y14: Y | Z14: Y | AA14: Y | AB14: Y | AC14: Y | AD14: Y | AE14: Y | AF14: Y | AG14: Y | AH14: Raw Score | AI14: TORCH Score
AH15: =IF(D15="",0,COUNTIF(G15:AG15,"Y")) -> 0 | AI15: =IF(D15="","",VLOOKUP(AH15,TorchTables!$M$1:$N$28,2,FALSE))
AH16: =IF(D16="",0,COUNTIF(G16:AG16,"Y")) -> 0 | AI16: =IF(D16="","",VLOOKUP(AH16,TorchTables!$M$1:$N$28,2,FALSE))
AH17: =IF(D17="",0,COUNTIF(G17:AG17,"Y")) -> 0 | AI17: =IF(D17="","",VLOOKUP(AH17,TorchTables!$M$1:$N$28,2,FALSE))
AH18: =IF(D18="",0,COUNTIF(G18:AG18,"Y")) -> 0 | AI18: =IF(D18="","",VLOOKUP(AH18,TorchTables!$M$1:$N$28,2,FALSE))
AH19: =IF(D19="",0,COUNTIF(G19:AG19,"Y")) -> 0 | AI19: =IF(D19="","",VLOOKUP(AH19,TorchTables!$M$1:$N$28,2,FALSE))
AH20: =IF(D20="",0,COUNTIF(G20:AG20,"Y")) -> 0 | AI20: =IF(D20="","",VLOOKUP(AH20,TorchTables!$M$1:$N$28,2,FALSE))
AH21: =IF(D21="",0,COUNTIF(G21:AG21,"Y")) -> 0 | AI21: =IF(D21="","",VLOOKUP(AH21,TorchTables!$M$1:$N$28,2,FALSE))
AH22: =IF(D22="",0,COUNTIF(G22:AG22,"Y")) -> 0 | AI22: =IF(D22="","",VLOOKUP(AH22,TorchTables!$M$1:$N$28,2,FALSE))
AH23: =IF(D23="",0,COUNTIF(G23:AG23,"Y")) -> 0 | AI23: =IF(D23="","",VLOOKUP(AH23,TorchTables!$M$1:$N$28,2,FALSE))
AH24: =IF(D24="",0,COUNTIF(G24:AG24,"Y")) -> 0 | AI24: =IF(D24="","",VLOOKUP(AH24,TorchTables!$M$1:$N$28,2,FALSE))
AH25: =IF(D25="",0,COUNTIF(G25:AG25,"Y")) -> 0 | AI25: =IF(D25="","",VLOOKUP(AH25,TorchTables!$M$1:$N$28,2,FALSE))
AH26: =IF(D26="",0,COUNTIF(G26:AG26,"Y")) -> 0 | AI26: =IF(D26="","",VLOOKUP(AH26,TorchTables!$M$1:$N$28,2,FALSE))
... AH509: =IF(D509="",0,COUNTIF(G509:AG509,"Y")) -> 0 | AI509: =IF(D509="","",VLOOKUP(AH509,TorchTables!$M$1:$N$28,2,FALSE))

Sheet Crying
A1: TORCH - She's Crying | AF1: Item Type Key
A2: 3rd Edition
AF3: Locate
G4: QUESTION No. and ANSWER KEY (Enter the student's response - "Y" if correct, "N" if incorrect) | AF4: 1 | AG4: Directly stated: verbatim
E5: Question Number | G5: 1 | H5: 2 | I5: 3 | J5: 4 | K5: 5 | L5: 6 | M5: 7 | N5: 8 | O5: 9 | P5: 10 | Q5: 11 | R5: 12 | S5: 13 | T5: 14 | U5: 15 | V5: 16 | W5: 17 | X5: 18 | Y5: 19 | Z5: 20 | AA5: 21 | AB5: 22 | AF5: 2 | AG5: Directly stated: rephrased, reworded
E6: Item Difficulty | G6: 29 | H6: 41 | I6: 35 | J6: 50 | K6: 43 | L6: 50 | M6: 50 | N6: 34 | O6: 41 | P6: 63 | Q6: 48 | R6: 53 | S6: 63 | T6: 55 | U6: 65 | V6: 52 | W6: 45 | X6: 54 | Y6: 56 | Z6: 46 | AA6: 54 | AB6: 67 | AF6: Locate, interpret and infer
E7: Item Category | G7: Locate | H7: Locate | I7: Locate | J7: Locate, Interpret and Infer | K7: Locate | L7: Locate, Interpret and Infer | M7: Locate | N7: Locate | O7: Locate, Interpret and Infer | P7: Locate, Interpret and Infer | Q7: Locate, Interpret and Infer | R7: Locate, Interpret and Infer | S7: Locate, Interpret and Infer | T7: Locate, Interpret and Infer | U7: Locate, Interpret and Infer | V7: Locate, Interpret and Infer | W7: Locate, Interpret and Infer | X7: Locate, Interpret and Infer | Y7: Locate, Interpret and Infer | Z7: Locate | AA7: Locate, Interpret and Infer | AB7: Locate, Interpret and Infer | AF7: 3 | AG7: Directly stated: across text
AF8: 4 | AG8: Directly stated: embedded
AF9: 5 | AG9: Inference: simple, explicit references
AF10: Interpret, infer and use
AF11: 6 | AG11: Inference: complex, multiple references, cultural values, writer's intention
E12: Item Type | G12: 2 | H12: 2 | I12: 2 | J12: 3 | K12: 2 | L12: 3 | M12: 2 | N12: 2 | O12: 4 | P12: 4 | Q12: 4 | R12: 4 | S12: 4 | T12: 3 | U12: 5 | V12: 3 | W12: 3 | X12: 4 | Y12: 4 | Z12: 2 | AA12: 3 | AB12: 3
A14: Date (dd/mm/yy) | B14: Yr_Lev | C14: HG | D14: Surname | E14: First_Name | F14: Student_ID | G14: Y | H14: Y | I14: Y | J14: Y | K14: Y | L14: Y | M14: Y | N14: Y | O14: Y | P14: Y | Q14: Y | R14: Y | S14: Y | T14: Y | U14: Y | V14: Y | W14: Y | X14: Y | Y14: Y | Z14: Y | AA14: Y | AB14: Y | AC14: Raw Score | AD14: TORCH Score
A15: 45356 | B15: 3 | C15: 3A | D15: Lname1 | E15: Fname1 | F15: XXXXX1 | AC15: =IF(D15="",0,COUNTIF(G15:AB15,"Y")) -> 0 | AD15: =IF(D15="","",VLOOKUP(AC15,TorchTables!$O$1:$P$23,2,FALSE)) -> 16.3
A16: 45356 | B16: 3 | C16: 3A | D16: Lname2 | E16: Fname2 | F16: XXXXX2 | AC16: =IF(D16="",0,COUNTIF(G16:AB16,"Y")) -> 0 | AD16: =IF(D16="","",VLOOKUP(AC16,TorchTables!$O$1:$P$23,2,FALSE)) -> 16.3
A17: 45356 | B17: 3 | C17: 3A | D17: Lname3 | E17: Fname3 | F17: XXXXX3 | AC17: =IF(D17="",0,COUNTIF(G17:AB17,"Y")) -> 0 | AD17: =IF(D17="","",VLOOKUP(AC17,TorchTables!$O$1:$P$23,2,FALSE)) -> 16.3
A18: 45356 | B18: 3 | C18: 3A | D18: Lname4 | E18: Fname4 | F18: XXXXX4 | AC18: =IF(D18="",0,COUNTIF(G18:AB18,"Y")) -> 0 | AD18: =IF(D18="","",VLOOKUP(AC18,TorchTables!$O$1:$P$23,2,FALSE)) -> 16.3
A19: 45356 | B19: 3 | C19: 3B | D19: ULname13 | E19: UFname13 | F19: UNLISTED | AC19: =IF(D19="",0,COUNTIF(G19:AB19,"Y")) -> 0 | AD19: =IF(D19="","",VLOOKUP(AC19,TorchTables!$O$1:$P$23,2,FALSE)) -> 16.3
A20: 45356 | B20: 3 | C20: 3A | D20: Lname5 | E20: Fname5 | F20: XXXXX5 | AC20: =IF(D20="",0,COUNTIF(G20:AB20,"Y")) -> 0 | AD20: =IF(D20="","",VLOOKUP(AC20,TorchTables!$O$1:$P$23,2,FALSE)) -> 16.3
A21: 45356 | B21: 3 | C21: 3B | D21: Lname6 | E21: Fname6 | F21: XXXXX6 | AC21: =IF(D21="",0,COUNTIF(G21:AB21,"Y")) -> 0 | AD21: =IF(D21="","",VLOOKUP(AC21,TorchTables!$O$1:$P$23,2,FALSE)) -> 16.3
A22: 45356 | B22: 3 | C22: 3B | D22: Lname7 | E22: Fname7 | F22: XXXXX7 | AC22: =IF(D22="",0,COUNTIF(G22:AB22,"Y")) -> 0 | AD22: =IF(D22="","",VLOOKUP(AC22,TorchTables!$O$1:$P$23,2,FALSE)) -> 16.3
A23: 45356 | B23: 3 | C23: 3B | D23: Lname8 | E23: Fname8 | F23: XXXXX8 | AC23: =IF(D23="",0,COUNTIF(G23:AB23,"Y")) -> 0 | AD23: =IF(D23="","",VLOOKUP(AC23,TorchTables!$O$1:$P$23,2,FALSE)) -> 16.3
A24: 45356 | B24: 3 | C24: 3B | D24: Lname9 | E24: Fname9 | F24: XXXXX9 | AC24: =IF(D24="",0,COUNTIF(G24:AB24,"Y")) -> 0 | AD24: =IF(D24="","",VLOOKUP(AC24,TorchTables!$O$1:$P$23,2,FALSE)) -> 16.3
A25: 45356 | B25: 3 | C25: 3B | D25: Lname10 | E25: Fname10 | F25: XXXXX10 | AC25: =IF(D25="",0,COUNTIF(G25:AB25,"Y")) -> 0 | AD25: =IF(D25="","",VLOOKUP(AC25,TorchTables!$O$1:$P$23,2,FALSE)) -> 16.3
AC26: =IF(D26="",0,COUNTIF(G26:AB26,"Y")) -> 0 | AD26: =IF(D26="","",VLOOKUP(AC26,TorchTables!$O$1:$P$23,2,FALSE))
AC27: =IF(D27="",0,COUNTIF(G27:AB27,"Y")) -> 0 | AD27: =IF(D27="","",VLOOKUP(AC27,TorchTables!$O$1:$P$23,2,FALSE))
AC28: =IF(D28="",0,COUNTIF(G28:AB28,"Y")) -> 0 | AD28: =IF(D28="","",VLOOKUP(AC28,TorchTables!$O$1:$P$23,2,FALSE))
AC29: =IF(D29="",0,COUNTIF(G29:AB29,"Y")) -> 0 | AD29: =IF(D29="","",VLOOKUP(AC29,TorchTables!$O$1:$P$23,2,FALSE))
AC30: =IF(D30="",0,COUNTIF(G30:AB30,"Y")) -> 0 | AD30: =IF(D30="","",VLOOKUP(AC30,TorchTables!$O$1:$P$23,2,FALSE))
AC31: =IF(D31="",0,COUNTIF(G31:AB31,"Y")) -> 0 | AD31: =IF(D31="","",VLOOKUP(AC31,TorchTables!$O$1:$P$23,2,FALSE))
AC32: =IF(D32="",0,COUNTIF(G32:AB32,"Y")) -> 0 | AD32: =IF(D32="","",VLOOKUP(AC32,TorchTables!$O$1:$P$23,2,FALSE))
AC33: =IF(D33="",0,COUNTIF(G33:AB33,"Y")) -> 0 | AD33: =IF(D33="","",VLOOKUP(AC33,TorchTables!$O$1:$P$23,2,FALSE))
AC34: =IF(D34="",0,COUNTIF(G34:AB34,"Y")) -> 0 | AD34: =IF(D34="","",VLOOKUP(AC34,TorchTables!$O$1:$P$23,2,FALSE))
AC35: =IF(D35="",0,COUNTIF(G35:AB35,"Y")) -> 0 | AD35: =IF(D35="","",VLOOKUP(AC35,TorchTables!$O$1:$P$23,2,FALSE))
AC36: =IF(D36="",0,COUNTIF(G36:AB36,"Y")) -> 0 | AD36: =IF(D36="","",VLOOKUP(AC36,TorchTables!$O$1:$P$23,2,FALSE))
AC37: =IF(D37="",0,COUNTIF(G37:AB37,"Y")) -> 0 | AD37: =IF(D37="","",VLOOKUP(AC37,TorchTables!$O$1:$P$23,2,FALSE))
... AC509: =IF(D509="",0,COUNTIF(G509:AB509,"Y")) -> 0 | AD509: =IF(D509="","",VLOOKUP(AC509,TorchTables!$O$1:$P$23,2,FALSE))

Sheet RoboCup
A1: TORCH - RoboCup | AK1: Item Type Key
A2: 3rd Edition
AK3: Locate
G4: QUESTION No. and ANSWER KEY (Enter the student's response - "Y" if correct, "N" if incorrect) | AK4: 1 | AL4: Directly stated: verbatim
E5: Question Number | G5: 1 | H5: 2 | I5: 3 | J5: 4 | K5: 5 | L5: 6 | M5: 7 | N5: 8 | O5: 9 | P5: 10 | Q5: 11 | R5: 12 | S5: 13 | T5: 14 | U5: 15 | V5: 16 | W5: 17 | X5: 18 | Y5: 19 | Z5: 20 | AA5: 21 | AB5: 22 | AC5: 23 | AD5: 24 | AE5: 25 | AF5: 26 | AK5: 2 | AL5: Directly stated: rephrased, reworded
E6: Item Difficulty | G6: 35 | H6: 44 | I6: 45 | J6: 44 | K6: 68 | L6: 55 | M6: 63 | N6: 56 | O6: 46 | P6: 56 | Q6: 44 | R6: 64 | S6: 68 | T6: 68 | U6: 59 | V6: 53 | W6: 52 | X6: 52 | Y6: 43 | Z6: 69 | AA6: 65 | AB6: 65 | AC6: 48 | AD6: 49 | AE6: 57 | AF6: 56 | AK6: Locate, interpret and infer
E7: Item Category | G7: Locate | H7: Locate | I7: Locate, Interpret and Infer | J7: Locate | K7: Locate | L7: Locate, Interpret and Infer | M7: Locate | N7: Locate | O7: Locate | P7: Locate | Q7: Locate | R7: Locate | S7: Locate, Interpret and Infer | T7: Locate | U7: Locate | V7: Locate | W7: Locate | X7: Locate, Interpret and Infer | Y7: Locate, Interpret and Infer | Z7: Interpret, Infer and Use | AA7: Locate | AB7: Locate, Interpret and Infer | AC7: Locate, Interpret and Infer | AD7: Locate, Interpret and Infer | AE7: Locate | AF7: Locate | AK7: 3 | AL7: Directly stated: across text
AK8: 4 | AL8: Directly stated: embedded
AK9: 5 | AL9: Inference: simple, explicit references
AK10: Interpret, infer and use
AK11: 6 | AL11: Inference: complex, multiple references, cultural values, writer's intention
E12: Item Type | G12: 1 | H12: 1 | I12: 4 | J12: 2 | K12: 1 | L12: 4 | M12: 2 | N12: 2 | O12: 2 | P12: 2 | Q12: 1 | R12: 2 | S12: 4 | T12: 2 | U12: 2 | V12: 2 | W12: 2 | X12: 4 | Y12: 4 | Z12: 6 | AA12: 2 | AB12: 4 | AC12: 4 | AD12: 5 | AE12: 2 | AF12: 2
A14: Date (dd/mm/yy) | B14: Yr_Lev | C14: HG | D14: Surname | E14: First_Name | F14: Student_ID | G14: Y | H14: Y | I14: Y | J14: Y | K14: Y | L14: Y | M14: Y | N14: Y | O14: Y | P14: Y | Q14: Y | R14: Y | S14: Y | T14: Y | U14: Y | V14: Y | W14: Y | X14: Y | Y14: Y | Z14: Y | AA14: Y | AB14: Y | AC14: Y | AD14: Y | AE14: Y | AF14: Y | AG14: Raw Score | AH14: TORCH Score
A15: 45356 | B15: 3 | C15: 3A | D15: Lname1 | E15: Fname1 | F15: XXXXX1 | AG15: =IF(D15="",0,COUNTIF(G15:AF15,"Y")) -> 0 | AH15: =IF(D15="","",VLOOKUP(AG15,TorchTables!$S$1:$T$27,2,FALSE)) -> 21
A16: 45356 | B16: 3 | C16: 3A | D16: Lname2 | E16: Fname2 | F16: XXXXX2 | AG16: =IF(D16="",0,COUNTIF(G16:AF16,"Y")) -> 0 | AH16: =IF(D16="","",VLOOKUP(AG16,TorchTables!$S$1:$T$27,2,FALSE)) -> 21
A17: 45356 | B17: 3 | C17: 3A | D17: Lname3 | E17: Fname3 | F17: XXXXX3 | AG17: =IF(D17="",0,COUNTIF(G17:AF17,"Y")) -> 0 | AH17: =IF(D17="","",VLOOKUP(AG17,TorchTables!$S$1:$T$27,2,FALSE)) -> 21
A18: 45356 | B18: 3 | C18: 3A | D18: Lname4 | E18: Fname4 | F18: XXXXX4 | AG18: =IF(D18="",0,COUNTIF(G18:AF18,"Y")) -> 0 | AH18: =IF(D18="","",VLOOKUP(AG18,TorchTables!$S$1:$T$27,2,FALSE)) -> 21
A19: 45356 | B19: 3 | C19: 3B | D19: ULname13 | E19: UFname13 | F19: UNLISTED | AG19: =IF(D19="",0,COUNTIF(G19:AF19,"Y")) -> 0 | AH19: =IF(D19="","",VLOOKUP(AG19,TorchTables!$S$1:$T$27,2,FALSE)) -> 21
A20: 45356 | B20: 3 | C20: 3A | D20: Lname5 | E20: Fname5 | F20: XXXXX5 | AG20: =IF(D20="",0,COUNTIF(G20:AF20,"Y")) -> 0 | AH20: =IF(D20="","",VLOOKUP(AG20,TorchTables!$S$1:$T$27,2,FALSE)) -> 21
A21: 45356 | B21: 3 | C21: 3B | D21: Lname6 | E21: Fname6 | F21: XXXXX6 | AG21: =IF(D21="",0,COUNTIF(G21:AF21,"Y")) -> 0 | AH21: =IF(D21="","",VLOOKUP(AG21,TorchTables!$S$1:$T$27,2,FALSE)) -> 21
A22: 45356 | B22: 3 | C22: 3B | D22: Lname7 | E22: Fname7 | F22: XXXXX7 | AG22: =IF(D22="",0,COUNTIF(G22:AF22,"Y")) -> 0 | AH22: =IF(D22="","",VLOOKUP(AG22,TorchTables!$S$1:$T$27,2,FALSE)) -> 21
A23: 45356 | B23: 3 | C23: 3B | D23: Lname8 | E23: Fname8 | F23: XXXXX8 | AG23: =IF(D23="",0,COUNTIF(G23:AF23,"Y")) -> 0 | AH23: =IF(D23="","",VLOOKUP(AG23,TorchTables!$S$1:$T$27,2,FALSE)) -> 21
A24: 45356 | B24: 3 | C24: 3B | D24: Lname9 | E24: Fname9 | F24: XXXXX9 | AG24: =IF(D24="",0,COUNTIF(G24:AF24,"Y")) -> 0 | AH24: =IF(D24="","",VLOOKUP(AG24,TorchTables!$S$1:$T$27,2,FALSE)) -> 21
A25: 45356 | B25: 3 | C25: 3B | D25: Lname10 | E25: Fname10 | F25: XXXXX10 | AG25: =IF(D25="",0,COUNTIF(G25:AF25,"Y")) -> 0 | AH25: =IF(D25="","",VLOOKUP(AG25,TorchTables!$S$1:$T$27,2,FALSE)) -> 21
AG26: =IF(D26="",0,COUNTIF(G26:AF26,"Y")) -> 0 | AH26: =IF(D26="","",VLOOKUP(AG26,TorchTables!$S$1:$T$27,2,FALSE))
AG27: =IF(D27="",0,COUNTIF(G27:AF27,"Y")) -> 0 | AH27: =IF(D27="","",VLOOKUP(AG27,TorchTables!$S$1:$T$27,2,FALSE))
AG28: =IF(D28="",0,COUNTIF(G28:AF28,"Y")) -> 0 | AH28: =IF(D28="","",VLOOKUP(AG28,TorchTables!$S$1:$T$27,2,FALSE))
AG29: =IF(D29="",0,COUNTIF(G29:AF29,"Y")) -> 0 | AH29: =IF(D29="","",VLOOKUP(AG29,TorchTables!$S$1:$T$27,2,FALSE))
AG30: =IF(D30="",0,COUNTIF(G30:AF30,"Y")) -> 0 | AH30: =IF(D30="","",VLOOKUP(AG30,TorchTables!$S$1:$T$27,2,FALSE))
AG31: =IF(D31="",0,COUNTIF(G31:AF31,"Y")) -> 0 | AH31: =IF(D31="","",VLOOKUP(AG31,TorchTables!$S$1:$T$27,2,FALSE))
AG32: =IF(D32="",0,COUNTIF(G32:AF32,"Y")) -> 0 | AH32: =IF(D32="","",VLOOKUP(AG32,TorchTables!$S$1:$T$27,2,FALSE))
AG33: =IF(D33="",0,COUNTIF(G33:AF33,"Y")) -> 0 | AH33: =IF(D33="","",VLOOKUP(AG33,TorchTables!$S$1:$T$27,2,FALSE))
AG34: =IF(D34="",0,COUNTIF(G34:AF34,"Y")) -> 0 | AH34: =IF(D34="","",VLOOKUP(AG34,TorchTables!$S$1:$T$27,2,FALSE))
AG35: =IF(D35="",0,COUNTIF(G35:AF35,"Y")) -> 0 | AH35: =IF(D35="","",VLOOKUP(AG35,TorchTables!$S$1:$T$27,2,FALSE))
AG36: =IF(D36="",0,COUNTIF(G36:AF36,"Y")) -> 0 | AH36: =IF(D36="","",VLOOKUP(AG36,TorchTables!$S$1:$T$27,2,FALSE))
AG37: =IF(D37="",0,COUNTIF(G37:AF37,"Y")) -> 0 | AH37: =IF(D37="","",VLOOKUP(AG37,TorchTables!$S$1:$T$27,2,FALSE))
... AG509: =IF(D509="",0,COUNTIF(G509:AF509,"Y")) -> 0 | AH509: =IF(D509="","",VLOOKUP(AG509,TorchTables!$S$1:$T$27,2,FALSE))

Sheet Rages
A1: TORCH - The Rages of Mrs Torrens | AJ1: Item Type Key
A2: 3rd Edition
AJ3: Locate
G4: QUESTION No. and ANSWER KEY (Enter the student's response - "Y" if correct, "N" if incorrect) | AJ4: 1 | AK4: Directly stated: verbatim
E5: Question Number | G5: 1 | H5: 2 | I5: 3 | J5: 4 | K5: 5 | L5: 6 | M5: 7 | N5: 8 | O5: 9 | P5: 10 | Q5: 11 | R5: 12 | S5: 13 | T5: 14 | U5: 15 | V5: 16 | W5: 17 | X5: 18 | Y5: 19 | Z5: 20 | AA5: 21 | AB5: 22 | AC5: 23 | AD5: 24 | AE5: 25 | AJ5: 2 | AK5: Directly stated: rephrased, reworded
E6: Item Difficulty | G6: 36 | H6: 49 | I6: 67 | J6: 56 | K6: 60 | L6: 77 | M6: 67 | N6: 65 | O6: 59 | P6: 60 | Q6: 59 | R6: 36 | S6: 61 | T6: 49 | U6: 49 | V6: 63 | W6: 47 | X6: 63 | Y6: 56 | Z6: 60 | AA6: 52 | AB6: 58 | AC6: 59 | AD6: 49 | AE6: 52 | AJ6: Locate, interpret and infer
E7: Item Category | G7: Locate | H7: Locate | I7: Locate, Interpret and Infer | J7: Locate, Interpret and Infer | K7: Locate, Interpret and Infer | L7: Interpret, Infer and Use | M7: Locate, Interpret and Infer | N7: Locate, Interpret and Infer | O7: Locate, Interpret and Infer | P7: Locate, Interpret and Infer | Q7: Locate, Interpret and Infer | R7: Locate | S7: Locate | T7: Locate | U7: Locate | V7: Locate | W7: Locate | X7: Locate, Interpret and Infer | Y7: Locate, Interpret and Infer | Z7: Locate, Interpret and Infer | AA7: Locate, Interpret and Infer | AB7: Locate, Interpret and Infer | AC7: Interpret, Infer and Use | AD7: Locate | AE7: Locate | AJ7: 3 | AK7: Directly stated: across text
AJ8: 4 | AK8: Directly stated: embedded
AJ9: 5 | AK9: Inference: simple, explicit references
AJ10: Interpret, infer and use
AJ11: 6 | AK11: Inference: complex, multiple references, cultural values, writer's intention
E12: Item Type | G12: 2 | H12: 2 | I12: 3 | J12: 4 | K12: 5 | L12: 6 | M12: 5 | N12: 5 | O12: 4 | P12: 4 | Q12: 4 | R12: 2 | S12: 2 | T12: 2 | U12: 2 | V12: 2 | W12: 2 | X12: 5 | Y12: 3 | Z12: 4 | AA12: 3 | AB12: 3 | AC12: 6 | AD12: 2 | AE12: 2
A14: Date (dd/mm/yy) | B14: Yr_Lev | C14: HG | D14: Surname | E14: First_Name | F14: Student_ID | G14: Y | H14: Y | I14: Y | J14: Y | K14: Y | L14: Y | M14: Y | N14: Y | O14: Y | P14: Y | Q14: Y | R14: Y | S14: Y | T14: Y | U14: Y | V14: Y | W14: Y | X14: Y | Y14: Y | Z14: Y | AA14: Y | AB14: Y | AC14: Y | AD14: Y | AE14: Y | AF14: Raw Score | AG14: TORCH Score
A15: 45356 | B15: 3 | C15: 3A | D15: Lname1 | E15: Fname1 | F15: XXXXX1 | AF15: =IF(D15="",0,COUNTIF(G15:AE15,"Y")) -> 0 | AG15: =IF(D15="","",VLOOKUP(AF15,TorchTables!$W$1:$X$26,2,FALSE)) -> 21.7
A16: 45356 | B16: 3 | C16: 3A | D16: Lname2 | E16: Fname2 | F16: XXXXX2 | AF16: =IF(D16="",0,COUNTIF(G16:AE16,"Y")) -> 0 | AG16: =IF(D16="","",VLOOKUP(AF16,TorchTables!$W$1:$X$26,2,FALSE)) -> 21.7
A17: 45356 | B17: 3 | C17: 3A | D17: Lname3 | E17: Fname3 | F17: XXXXX3 | AF17: =IF(D17="",0,COUNTIF(G17:AE17,"Y")) -> 0 | AG17: =IF(D17="","",VLOOKUP(AF17,TorchTables!$W$1:$X$26,2,FALSE)) -> 21.7
A18: 45356 | B18: 3 | C18: 3A | D18: Lname4 | E18: Fname4 | F18: XXXXX4 | AF18: =IF(D18="",0,COUNTIF(G18:AE18,"Y")) -> 0 | AG18: =IF(D18="","",VLOOKUP(AF18,TorchTables!$W$1:$X$26,2,FALSE)) -> 21.7
A19: 45356 | B19: 3 | C19: 3B | D19: ULname13 | E19: UFname13 | F19: UNLISTED | AF19: =IF(D19="",0,COUNTIF(G19:AE19,"Y")) -> 0 | AG19: =IF(D19="","",VLOOKUP(AF19,TorchTables!$W$1:$X$26,2,FALSE)) -> 21.7
A20: 45356 | B20: 3 | C20: 3A | D20: Lname5 | E20: Fname5 | F20: XXXXX5 | AF20: =IF(D20="",0,COUNTIF(G20:AE20,"Y")) -> 0 | AG20: =IF(D20="","",VLOOKUP(AF20,TorchTables!$W$1:$X$26,2,FALSE)) -> 21.7
A21: 45356 | B21: 3 | C21: 3B | D21: Lname6 | E21: Fname6 | F21: XXXXX6 | AF21: =IF(D21="",0,COUNTIF(G21:AE21,"Y")) -> 0 | AG21: =IF(D21="","",VLOOKUP(AF21,TorchTables!$W$1:$X$26,2,FALSE)) -> 21.7
A22: 45356 | B22: 3 | C22: 3B | D22: Lname7 | E22: Fname7 | F22: XXXXX7 | AF22: =IF(D22="",0,COUNTIF(G22:AE22,"Y")) -> 0 | AG22: =IF(D22="","",VLOOKUP(AF22,TorchTables!$W$1:$X$26,2,FALSE)) -> 21.7
A23: 45356 | B23: 3 | C23: 3B | D23: Lname8 | E23: Fname8 | F23: XXXXX8 | AF23: =IF(D23="",0,COUNTIF(G23:AE23,"Y")) -> 0 | AG23: =IF(D23="","",VLOOKUP(AF23,TorchTables!$W$1:$X$26,2,FALSE)) -> 21.7
A24: 45356 | B24: 3 | C24: 3B | D24: Lname9 | E24: Fname9 | F24: XXXXX9 | AF24: =IF(D24="",0,COUNTIF(G24:AE24,"Y")) -> 0 | AG24: =IF(D24="","",VLOOKUP(AF24,TorchTables!$W$1:$X$26,2,FALSE)) -> 21.7
A25: 45356 | B25: 3 | C25: 3B | D25: Lname10 | E25: Fname10 | F25: XXXXX10 | AF25: =IF(D25="",0,COUNTIF(G25:AE25,"Y")) -> 0 | AG25: =IF(D25="","",VLOOKUP(AF25,TorchTables!$W$1:$X$26,2,FALSE)) -> 21.7
AF26: =IF(D26="",0,COUNTIF(G26:AE26,"Y")) -> 0 | AG26: =IF(D26="","",VLOOKUP(AF26,TorchTables!$W$1:$X$26,2,FALSE))
AF27: =IF(D27="",0,COUNTIF(G27:AE27,"Y")) -> 0 | AG27: =IF(D27="","",VLOOKUP(AF27,TorchTables!$W$1:$X$26,2,FALSE))
AF28: =IF(D28="",0,COUNTIF(G28:AE28,"Y")) -> 0 | AG28: =IF(D28="","",VLOOKUP(AF28,TorchTables!$W$1:$X$26,2,FALSE))
AF29: =IF(D29="",0,COUNTIF(G29:AE29,"Y")) -> 0 | AG29: =IF(D29="","",VLOOKUP(AF29,TorchTables!$W$1:$X$26,2,FALSE))
AF30: =IF(D30="",0,COUNTIF(G30:AE30,"Y")) -> 0 | AG30: =IF(D30="","",VLOOKUP(AF30,TorchTables!$W$1:$X$26,2,FALSE))
AF31: =IF(D31="",0,COUNTIF(G31:AE31,"Y")) -> 0 | AG31: =IF(D31="","",VLOOKUP(AF31,TorchTables!$W$1:$X$26,2,FALSE))
AF32: =IF(D32="",0,COUNTIF(G32:AE32,"Y")) -> 0 | AG32: =IF(D32="","",VLOOKUP(AF32,TorchTables!$W$1:$X$26,2,FALSE))
AF33: =IF(D33="",0,COUNTIF(G33:AE33,"Y")) -> 0 | AG33: =IF(D33="","",VLOOKUP(AF33,TorchTables!$W$1:$X$26,2,FALSE))
AF34: =IF(D34="",0,COUNTIF(G34:AE34,"Y")) -> 0 | AG34: =IF(D34="","",VLOOKUP(AF34,TorchTables!$W$1:$X$26,2,FALSE))
AF35: =IF(D35="",0,COUNTIF(G35:AE35,"Y")) -> 0 | AG35: =IF(D35="","",VLOOKUP(AF35,TorchTables!$W$1:$X$26,2,FALSE))
AF36: =IF(D36="",0,COUNTIF(G36:AE36,"Y")) -> 0 | AG36: =IF(D36="","",VLOOKUP(AF36,TorchTables!$W$1:$X$26,2,FALSE))
AF37: =IF(D37="",0,COUNTIF(G37:AE37,"Y")) -> 0 | AG37: =IF(D37="","",VLOOKUP(AF37,TorchTables!$W$1:$X$26,2,FALSE))
... AF509: =IF(D509="",0,COUNTIF(G509:AE509,"Y")) -> 0 | AG509: =IF(D509="","",VLOOKUP(AF509,TorchTables!$W$1:$X$26,2,FALSE))

Sheet Biohazard
A1: TORCH - Biohazard 5 | AM1: Item Type Key
A2: 3rd Edition
AM3: Locate
G4: QUESTION No. and ANSWER KEY (Enter the student's response - "Y" if correct, "N" if incorrect) | AM4: 1 | AN4: Directly stated: verbatim
E5: Question Number | G5: 1 | H5: 2 | I5: 3 | J5: 4 | K5: 5 | L5: 6 | M5: 7 | N5: 8 | O5: 9 | P5: 10 | Q5: 11 | R5: 12 | S5: 13 | T5: 14 | U5: 15 | V5: 16 | W5: 17 | X5: 18 | Y5: 19 | Z5: 20 | AA5: 21 | AB5: 22 | AC5: 23 | AD5: 24 | AE5: 25 | AF5: 26 | AG5: 27 | AH5: 28 | AI5: 29 | AM5: 2 | AN5: Directly stated: rephrased, reworded
E6: Item Difficulty | G6: 59 | H6: 46 | I6: 59 | J6: 32 | K6: 51 | L6: 48 | M6: 55 | N6: 50 | O6: 74 | P6: 52 | Q6: 45 | R6: 46 | S6: 49 | T6: 49 | U6: 65 | V6: 73 | W6: 46 | X6: 59 | Y6: 54 | Z6: 60 | AA6: 57 | AB6: 50 | AC6: 82 | AD6: 60 | AE6: 83 | AF6: 52 | AG6: 46 | AH6: 65 | AI6: 45 | AM6: Locate, interpret and infer
E7: Item Category | G7: Locate | H7: Locate | I7: Locate, Interpret and Infer | J7: Locate | K7: Locate | L7: Locate | M7: Locate | N7: Locate, Interpret and Infer | O7: Locate, Interpret and Infer | P7: Interpret, Infer and Use | Q7: Locate | R7: Locate | S7: Locate, Interpret and Infer | T7: Locate | U7: Locate | V7: Locate | W7: Locate, Interpret and Infer | X7: Locate | Y7: Locate, Interpret and Infer | Z7: Interpret, Infer and Use | AA7: Locate | AB7: Locate | AC7: Locate | AD7: Locate | AE7: Locate, Interpret and Infer | AF7: Locate | AG7: Locate, Interpret and Infer | AH7: Interpret, Infer and Use | AI7: Interpret, Infer and Use | AM7: 3 | AN7: Directly stated: across text
AM8: 4 | AN8: Directly stated: embedded
AM9: 5 | AN9: Inference: simple, explicit references
AM10: Interpret, infer and use
AM11: 6 | AN11: Inference: complex, multiple references, cultural values, writer's intention
E12: Item Type | G12: 2 | H12: 2 | I12: 3 | J12: 2 | K12: 2 | L12: 2 | M12: 2 | N12: 4 | O12: 3 | P12: 6 | Q12: 2 | R12: 2 | S12: 3 | T12: 2 | U12: 2 | V12: 2 | W12: 4 | X12: 2 | Y12: 5 | Z12: 6 | AA12: 2 | AB12: 2 | AC12: 2 | AD12: 2 | AE12: 4 | AF12: 2 | AG12: 3 | AH12: 6 | AI12: 6
A14: Date (dd/mm/yy) | B14: Yr_Lev | C14: HG | D14: Surname | E14: First_Name | F14: Student_ID | G14: Y | H14: Y | I14: Y | J14: Y | K14: Y | L14: Y | M14: Y | N14: Y | O14: Y | P14: Y | Q14: Y | R14: Y | S14: Y | T14: Y | U14: Y | V14: Y | W14: Y | X14: Y | Y14: Y | Z14: Y | AA14: Y | AB14: Y | AC14: Y | AD14: Y | AE14: Y | AF14: Y | AG14: Y | AH14: Y | AI14: Y | AJ14: Raw Score | AK14: TORCH Score
A15: 45356 | B15: 3 | C15: 3A | D15: Lname1 | E15: Fname1 | F15: XXXXX1 | AJ15: =IF(D15="",0,COUNTIF(G15:AI15,"Y")) -> 0 | AK15: =IF(D15="","",VLOOKUP(AJ15,TorchTables!$U$1:$V$30,2,FALSE)) -> 20
A16: 45356 | B16: 3 | C16: 3A | D16: Lname2 | E16: Fname2 | F16: XXXXX2 | AJ16: =IF(D16="",0,COUNTIF(G16:AI16,"Y")) -> 0 | AK16: =IF(D16="","",VLOOKUP(AJ16,TorchTables!$U$1:$V$30,2,FALSE)) -> 20
A17: 45356 | B17: 3 | C17: 3A | D17: Lname3 | E17: Fname3 | F17: XXXXX3 | AJ17: =IF(D17="",0,COUNTIF(G17:AI17,"Y")) -> 0 | AK17: =IF(D17="","",VLOOKUP(AJ17,TorchTables!$U$1:$V$30,2,FALSE)) -> 20
A18: 45356 | B18: 3 | C18: 3A | D18: Lname4 | E18: Fname4 | F18: XXXXX4 | AJ18: =IF(D18="",0,COUNTIF(G18:AI18,"Y")) -> 0 | AK18: =IF(D18="","",VLOOKUP(AJ18,TorchTables!$U$1:$V$30,2,FALSE)) -> 20
A19: 45356 | B19: 3 | C19: 3B | D19: ULname13 | E19: UFname13 | F19: UNLISTED | AJ19: =IF(D19="",0,COUNTIF(G19:AI19,"Y")) -> 0 | AK19: =IF(D19="","",VLOOKUP(AJ19,TorchTables!$U$1:$V$30,2,FALSE)) -> 20
A20: 45356 | B20: 3 | C20: 3A | D20: Lname5 | E20: Fname5 | F20: XXXXX5 | AJ20: =IF(D20="",0,COUNTIF(G20:AI20,"Y")) -> 0 | AK20: =IF(D20="","",VLOOKUP(AJ20,TorchTables!$U$1:$V$30,2,FALSE)) -> 20
A21: 45356 | B21: 3 | C21: 3B | D21: Lname6 | E21: Fname6 | F21: XXXXX6 | AJ21: =IF(D21="",0,COUNTIF(G21:AI21,"Y")) -> 0 | AK21: =IF(D21="","",VLOOKUP(AJ21,TorchTables!$U$1:$V$30,2,FALSE)) -> 20
A22: 45356 | B22: 3 | C22: 3B | D22: Lname7 | E22: Fname7 | F22: XXXXX7 | AJ22: =IF(D22="",0,COUNTIF(G22:AI22,"Y")) -> 0 | AK22: =IF(D22="","",VLOOKUP(AJ22,TorchTables!$U$1:$V$30,2,FALSE)) -> 20
A23: 45356 | B23: 3 | C23: 3B | D23: Lname8 | E23: Fname8 | F23: XXXXX8 | AJ23: =IF(D23="",0,COUNTIF(G23:AI23,"Y")) -> 0 | AK23: =IF(D23="","",VLOOKUP(AJ23,TorchTables!$U$1:$V$30,2,FALSE)) -> 20
A24: 45356 | B24: 3 | C24: 3B | D24: Lname9 | E24: Fname9 | F24: XXXXX9 | AJ24: =IF(D24="",0,COUNTIF(G24:AI24,"Y")) -> 0 | AK24: =IF(D24="","",VLOOKUP(AJ24,TorchTables!$U$1:$V$30,2,FALSE)) -> 20
A25: 45356 | B25: 3 | C25: 3B | D25: Lname10 | E25: Fname10 | F25: XXXXX10 | AJ25: =IF(D25="",0,COUNTIF(G25:AI25,"Y")) -> 0 | AK25: =IF(D25="","",VLOOKUP(AJ25,TorchTables!$U$1:$V$30,2,FALSE)) -> 20
AJ26: =IF(D26="",0,COUNTIF(G26:AI26,"Y")) -> 0 | AK26: =IF(D26="","",VLOOKUP(AJ26,TorchTables!$U$1:$V$30,2,FALSE))
AJ27: =IF(D27="",0,COUNTIF(G27:AI27,"Y")) -> 0 | AK27: =IF(D27="","",VLOOKUP(AJ27,TorchTables!$U$1:$V$30,2,FALSE))
AJ28: =IF(D28="",0,COUNTIF(G28:AI28,"Y")) -> 0 | AK28: =IF(D28="","",VLOOKUP(AJ28,TorchTables!$U$1:$V$30,2,FALSE))
AJ29: =IF(D29="",0,COUNTIF(G29:AI29,"Y")) -> 0 | AK29: =IF(D29="","",VLOOKUP(AJ29,TorchTables!$U$1:$V$30,2,FALSE))
AJ30: =IF(D30="",0,COUNTIF(G30:AI30,"Y")) -> 0 | AK30: =IF(D30="","",VLOOKUP(AJ30,TorchTables!$U$1:$V$30,2,FALSE))
AJ31: =IF(D31="",0,COUNTIF(G31:AI31,"Y")) -> 0 | AK31: =IF(D31="","",VLOOKUP(AJ31,TorchTables!$U$1:$V$30,2,FALSE))
AJ32: =IF(D32="",0,COUNTIF(G32:AI32,"Y")) -> 0 | AK32: =IF(D32="","",VLOOKUP(AJ32,TorchTables!$U$1:$V$30,2,FALSE))
AJ33: =IF(D33="",0,COUNTIF(G33:AI33,"Y")) -> 0 | AK33: =IF(D33="","",VLOOKUP(AJ33,TorchTables!$U$1:$V$30,2,FALSE))
AJ34: =IF(D34="",0,COUNTIF(G34:AI34,"Y")) -> 0 | AK34: =IF(D34="","",VLOOKUP(AJ34,TorchTables!$U$1:$V$30,2,FALSE))
AJ35: =IF(D35="",0,COUNTIF(G35:AI35,"Y")) -> 0 | AK35: =IF(D35="","",VLOOKUP(AJ35,TorchTables!$U$1:$V$30,2,FALSE))
AJ36: =IF(D36="",0,COUNTIF(G36:AI36,"Y")) -> 0 | AK36: =IF(D36="","",VLOOKUP(AJ36,TorchTables!$U$1:$V$30,2,FALSE))
AJ37: =IF(D37="",0,COUNTIF(G37:AI37,"Y")) -> 0 | AK37: =IF(D37="","",VLOOKUP(AJ37,TorchTables!$U$1:$V$30,2,FALSE))
... AJ509: =IF(D509="",0,COUNTIF(G509:AI509,"Y")) -> 0 | AK509: =IF(D509="","",VLOOKUP(AJ509,TorchTables!$U$1:$V$30,2,FALSE))

Sheet Kuran
A1: TORCH - At Kuran Station | AL1: Item Type Key
A2: 3rd Edition
AL3: Locate
G4: QUESTION No. and ANSWER KEY (Enter the student's response - "Y" if correct, "N" if incorrect) | AL4: 1 | AM4: Directly stated: verbatim
E5: Question Number | G5: 1 | H5: 2 | I5: 3 | J5: 4 | K5: 5 | L5: 6 | M5: 7 | N5: 8 | O5: 9 | P5: 10 | Q5: 11 | R5: 12 | S5: 13 | T5: 14 | U5: 15 | V5: 16 | W5: 17 | X5: 18 | Y5: 19 | Z5: 20 | AA5: 21 | AB5: 22 | AC5: 23 | AD5: 24 | AE5: 25 | AF5: 26 | AG5: 27 | AH5: 28 | AL5: 2 | AM5: Directly stated: rephrased, reworded
E6: Item Difficulty | G6: 47 | H6: 52 | I6: 56 | J6: 68 | K6: 71 | L6: 59 | M6: 64 | N6: 55 | O6: 69 | P6: 74 | Q6: 62 | R6: 63 | S6: 67 | T6: 60 | U6: 64 | V6: 71 | W6: 49 | X6: 56 | Y6: 47 | Z6: 54 | AA6: 56 | AB6: 41 | AC6: 61 | AD6: 69 | AE6: 71 | AF6: 68 | AG6: 60 | AH6: 55 | AL6: Locate, interpret and infer
E7: Item Category | G7: Locate, Interpret and Infer | H7: Locate | I7: Locate, Interpret and Infer | J7: Locate | K7: Locate, Interpret and Infer | L7: Locate, Interpret and Infer | M7: Locate | N7: Locate, Interpret and Infer | O7: Interpret, Infer and Use | P7: Interpret, Infer and Use | Q7: Locate, Interpret and Infer | R7: Locate, Interpret and Infer | S7: Locate, Interpret and Infer | T7: Locate | U7: Locate, Interpret and Infer | V7: Locate | W7: Locate | X7: Locate | Y7: Locate | Z7: Locate | AA7: Locate | AB7: Locate | AC7: Locate | AD7: Locate, Interpret and Infer | AE7: Locate, Interpret and Infer | AF7: Interpret, Infer and Use | AG7: Locate | AH7: Locate | AL7: 3 | AM7: Directly stated: across text
AL8: 4 | AM8: Directly stated: embedded
AL9: 5 | AM9: Inference: simple, explicit references
AL10: Interpret, infer and use
AL11: 6 | AM11: Inference: complex, multiple references, cultural values, writer's intention
E12: Item Type | G12: 3 | H12: 2 | I12: 4 | J12: 2 | K12: 4 | L12: 5 | M12: 2 | N12: 3 | O12: 6 | P12: 6 | Q12: 3 | R12: 3 | S12: 3 | T12: 2 | U12: 3 | V12: 2 | W12: 2 | X12: 2 | Y12: 2 | Z12: 2 | AA12: 2 | AB12: 2 | AC12: 2 | AD12: 4 | AE12: 3 | AF12: 6 | AG12: 2 | AH12: 2
A14: Date (dd/mm/yy) | B14: Yr_Lev | C14: HG | D14: Surname | E14: First_Name | F14: Student_ID | G14: Y | H14: Y | I14: Y | J14: Y | K14: Y | L14: Y | M14: Y | N14: Y | O14: Y | P14: Y | Q14: Y | R14: Y | S14: Y | T14: Y | U14: Y | V14: Y | W14: Y | X14: Y | Y14: Y | Z14: Y | AA14: Y | AB14: Y | AC14: Y | AD14: Y | AE14: Y | AF14: Y | AG14: Y | AH14: Y | AI14: Raw Score | AJ14: TORCH Score
A15: 45356 | B15: 3 | C15: 3A | D15: Lname1 | E15: Fname1 | F15: XXXXX1 | AI15: =IF(D15="",0,COUNTIF(G15:AH15,"Y")) -> 0 | AJ15: =IF(D15="","",VLOOKUP(AI15,TorchTables!$Y$1:$Z$29,2,FALSE)) -> 26.8
A16: 45356 | B16: 3 | C16: 3A | D16: Lname2 | E16: Fname2 | F16: XXXXX2 | AI16: =IF(D16="",0,COUNTIF(G16:AH16,"Y")) -> 0 | AJ16: =IF(D16="","",VLOOKUP(AI16,TorchTables!$Y$1:$Z$29,2,FALSE)) -> 26.8
A17: 45356 | B17: 3 | C17: 3A | D17: Lname3 | E17: Fname3 | F17: XXXXX3 | AI17: =IF(D17="",0,COUNTIF(G17:AH17,"Y")) -> 0 | AJ17: =IF(D17="","",VLOOKUP(AI17,TorchTables!$Y$1:$Z$29,2,FALSE)) -> 26.8
A18: 45356 | B18: 3 | C18: 3A | D18: Lname4 | E18: Fname4 | F18: XXXXX4 | AI18: =IF(D18="",0,COUNTIF(G18:AH18,"Y")) -> 0 | AJ18: =IF(D18="","",VLOOKUP(AI18,TorchTables!$Y$1:$Z$29,2,FALSE)) -> 26.8
A19: 45356 | B19: 3 | C19: 3B | D19: ULname13 | E19: UFname13 | F19: UNLISTED | AI19: =IF(D19="",0,COUNTIF(G19:AH19,"Y")) -> 0 | AJ19: =IF(D19="","",VLOOKUP(AI19,TorchTables!$Y$1:$Z$29,2,FALSE)) -> 26.8
A20: 45356 | B20: 3 | C20: 3A | D20: Lname5 | E20: Fname5 | F20: XXXXX5 | AI20: =IF(D20="",0,COUNTIF(G20:AH20,"Y")) -> 0 | AJ20: =IF(D20="","",VLOOKUP(AI20,TorchTables!$Y$1:$Z$29,2,FALSE)) -> 26.8
A21: 45356 | B21: 3 | C21: 3B | D21: Lname6 | E21: Fname6 | F21: XXXXX6 | AI21: =IF(D21="",0,COUNTIF(G21:AH21,"Y")) -> 0 | AJ21: =IF(D21="","",VLOOKUP(AI21,TorchTables!$Y$1:$Z$29,2,FALSE)) -> 26.8
A22: 45356 | B22: 3 | C22: 3B | D22: Lname7 | E22: Fname7 | F22: XXXXX7 | AI22: =IF(D22="",0,COUNTIF(G22:AH22,"Y")) -> 0 | AJ22: =IF(D22="","",VLOOKUP(AI22,TorchTables!$Y$1:$Z$29,2,FALSE)) -> 26.8
A23: 45356 | B23: 3 | C23: 3B | D23: Lname8 | E23: Fname8 | F23: XXXXX8 | AI23: =IF(D23="",0,COUNTIF(G23:AH23,"Y")) -> 0 | AJ23: =IF(D23="","",VLOOKUP(AI23,TorchTables!$Y$1:$Z$29,2,FALSE)) -> 26.8
A24: 45356 | B24: 3 | C24: 3B | D24: Lname9 | E24: Fname9 | F24: XXXXX9 | AI24: =IF(D24="",0,COUNTIF(G24:AH24,"Y")) -> 0 | AJ24: =IF(D24="","",VLOOKUP(AI24,TorchTables!$Y$1:$Z$29,2,FALSE)) -> 26.8
A25: 45356 | B25: 3 | C25: 3B | D25: Lname10 | E25: Fname10 | F25: XXXXX10 | AI25: =IF(D25="",0,COUNTIF(G25:AH25,"Y")) -> 0 | AJ25: =IF(D25="","",VLOOKUP(AI25,TorchTables!$Y$1:$Z$29,2,FALSE)) -> 26.8
AI26: =IF(D26="",0,COUNTIF(G26:AH26,"Y")) -> 0 | AJ26: =IF(D26="","",VLOOKUP(AI26,TorchTables!$Y$1:$Z$29,2,FALSE))
AI27: =IF(D27="",0,COUNTIF(G27:AH27,"Y")) -> 0 | AJ27: =IF(D27="","",VLOOKUP(AI27,TorchTables!$Y$1:$Z$29,2,FALSE))
AI28: =IF(D28="",0,COUNTIF(G28:AH28,"Y")) -> 0 | AJ28: =IF(D28="","",VLOOKUP(AI28,TorchTables!$Y$1:$Z$29,2,FALSE))
AI29: =IF(D29="",0,COUNTIF(G29:AH29,"Y")) -> 0 | AJ29: =IF(D29="","",VLOOKUP(AI29,TorchTables!$Y$1:$Z$29,2,FALSE))
AI30: =IF(D30="",0,COUNTIF(G30:AH30,"Y")) -> 0 | AJ30: =IF(D30="","",VLOOKUP(AI30,TorchTables!$Y$1:$Z$29,2,FALSE))
AI31: =IF(D31="",0,COUNTIF(G31:AH31,"Y")) -> 0 | AJ31: =IF(D31="","",VLOOKUP(AI31,TorchTables!$Y$1:$Z$29,2,FALSE))
AI32: =IF(D32="",0,COUNTIF(G32:AH32,"Y")) -> 0 | AJ32: =IF(D32="","",VLOOKUP(AI32,TorchTables!$Y$1:$Z$29,2,FALSE))
AI33: =IF(D33="",0,COUNTIF(G33:AH33,"Y")) -> 0 | AJ33: =IF(D33="","",VLOOKUP(AI33,TorchTables!$Y$1:$Z$29,2,FALSE))
AI34: =IF(D34="",0,COUNTIF(G34:AH34,"Y")) -> 0 | AJ34: =IF(D34="","",VLOOKUP(AI34,TorchTables!$Y$1:$Z$29,2,FALSE))
AI35: =IF(D35="",0,COUNTIF(G35:AH35,"Y")) -> 0 | AJ35: =IF(D35="","",VLOOKUP(AI35,TorchTables!$Y$1:$Z$29,2,FALSE))
AI36: =IF(D36="",0,COUNTIF(G36:AH36,"Y")) -> 0 | AJ36: =IF(D36="","",VLOOKUP(AI36,TorchTables!$Y$1:$Z$29,2,FALSE))
AI37: =IF(D37="",0,COUNTIF(G37:AH37,"Y")) -> 0 | AJ37: =IF(D37="","",VLOOKUP(AI37,TorchTables!$Y$1:$Z$29,2,FALSE))
... AI509: =IF(D509="",0,COUNTIF(G509:AH509,"Y")) -> 0 | AJ509: =IF(D509="","",VLOOKUP(AI509,TorchTables!$Y$1:$Z$29,2,FALSE))

Sheet Dissection
A1: TORCH - Dissection in the Classroom | AK1: Item Type Key
A2: 3rd Edition
AK3: Locate
G4: QUESTION No. and ANSWER KEY (Enter the student's response - "Y" if correct, "N" if incorrect) | AK4: 1 | AL4: Directly stated: verbatim
E5: Question Number | G5: 1 | H5: 2 | I5: 3 | J5: 4 | K5: 5 | L5: 6 | M5: 7 | N5: 8 | O5: 9 | P5: 10 | Q5: 11 | R5: 12 | S5: 13 | T5: 14 | U5: 15 | V5: 16 | W5: 17 | X5: 18 | Y5: 19 | Z5: 20 | AA5: 21 | AB5: 22 | AC5: 23 | AD5: 24 | AE5: 25 | AF5: 26 | AK5: 2 | AL5: Directly stated: rephrased, reworded
E6: Item Difficulty | G6: 83 | H6: 73 | I6: 61 | J6: 56 | K6: 62 | L6: 58 | M6: 76 | N6: 71 | O6: 71 | P6: 66 | Q6: 63 | R6: 67 | S6: 67 | T6: 61 | U6: 55 | V6: 61 | W6: 76 | X6: 79 | Y6: 65 | Z6: 66 | AA6: 77 | AB6: 87 | AC6: 77 | AD6: 72 | AE6: 67 | AF6: 52 | AK6: Locate, interpret and infer
E7: Item Category | G7: Locate, Interpret and Infer | H7: Locate, Interpret and Infer | I7: Locate, Interpret and Infer | J7: Locate | K7: Locate | L7: Locate, Interpret and Infer | M7: Locate, Interpret and Infer | N7: Locate, Interpret and Infer | O7: Locate, Interpret and Infer | P7: Locate, Interpret and Infer | Q7: Locate, Interpret and Infer | R7: Locate, Interpret and Infer | S7: Locate, Interpret and Infer | T7: Locate | U7: Locate, Interpret and Infer | V7: Locate, Interpret and Infer | W7: Interpret, Infer and Use | X7: Interpret, Infer and Use | Y7: Locate, Interpret and Infer | Z7: Locate, Interpret and Infer | AA7: Locate, Interpret and Infer | AB7: Locate, Interpret and Infer | AC7: Locate, Interpret and Infer | AD7: Locate, Interpret and Infer | AE7: Interpret, Infer and Use | AF7: Locate, Interpret and Infer | AK7: 3 | AL7: Directly stated: across text
AK8: 4 | AL8: Directly stated: embedded
AK9: 5 | AL9: Inference: simple, explicit references
AK10: Interpret, infer and use
AK11: 6 | AL11: Inference: complex, multiple references, cultural values, writer's intention
E12: Item Type | G12: 3 | H12: 5 | I12: 4 | J12: 2 | K12: 2 | L12: 4 | M12: 4 | N12: 4 | O12: 5 | P12: 4 | Q12: 3 | R12: 3 | S12: 3 | T12: 2 | U12: 3 | V12: 3 | W12: 6 | X12: 6 | Y12: 3 | Z12: 3 | AA12: 4 | AB12: 4 | AC12: 4 | AD12: 5 | AE12: 6 | AF12: 3
A14: Date (dd/mm/yy) | B14: Yr_Lev | C14: HG | D14: Surname | E14: First_Name | F14: Student_ID | G14: Y | H14: Y | I14: Y | J14: Y | K14: Y | L14: Y | M14: Y | N14: Y | O14: Y | P14: Y | Q14: Y | R14: Y | S14: Y | T14: Y | U14: Y | V14: Y | W14: Y | X14: Y | Y14: Y | Z14: Y | AA14: Y | AB14: Y | AC14: Y | AD14: Y | AE14: Y | AF14: Y | AG14: Raw Score | AH14: TORCH Score
A15: 45356 | B15: 3 | C15: 3A | D15: Lname1 | E15: Fname1 | F15: XXXXX1 | AG15: =IF(D15="",0,COUNTIF(G15:AF15,"Y")) -> 0 | AH15: =IF(D15="","",VLOOKUP(AG15,TorchTables!$AC$1:$AD$27,2,FALSE)) -> 35.7
A16: 45356 | B16: 3 | C16: 3A | D16: Lname2 | E16: Fname2 | F16: XXXXX2 | AG16: =IF(D16="",0,COUNTIF(G16:AF16,"Y")) -> 0 | AH16: =IF(D16="","",VLOOKUP(AG16,TorchTables!$AC$1:$AD$27,2,FALSE)) -> 35.7
A17: 45356 | B17: 3 | C17: 3A | D17: Lname3 | E17: Fname3 | F17: XXXXX3 | AG17: =IF(D17="",0,COUNTIF(G17:AF17,"Y")) -> 0 | AH17: =IF(D17="","",VLOOKUP(AG17,TorchTables!$AC$1:$AD$27,2,FALSE)) -> 35.7
A18: 45356 | B18: 3 | C18: 3A | D18: Lname4 | E18: Fname4 | F18: XXXXX4 | AG18: =IF(D18="",0,COUNTIF(G18:AF18,"Y")) -> 0 | AH18: =IF(D18="","",VLOOKUP(AG18,TorchTables!$AC$1:$AD$27,2,FALSE)) -> 35.7
A19: 45356 | B19: 3 | C19: 3B | D19: ULname13 | E19: UFname13 | F19: UNLISTED | AG19: =IF(D19="",0,COUNTIF(G19:AF19,"Y")) -> 0 | AH19: =IF(D19="","",VLOOKUP(AG19,TorchTables!$AC$1:$AD$27,2,FALSE)) -> 35.7
A20: 45356 | B20: 3 | C20: 3A | D20: Lname5 | E20: Fname5 | F20: XXXXX5 | AG20: =IF(D20="",0,COUNTIF(G20:AF20,"Y")) -> 0 | AH20: =IF(D20="","",VLOOKUP(AG20,TorchTables!$AC$1:$AD$27,2,FALSE)) -> 35.7
A21: 45356 | B21: 3 | C21: 3B | D21: Lname6 | E21: Fname6 | F21: XXXXX6 | AG21: =IF(D21="",0,COUNTIF(G21:AF21,"Y")) -> 0 | AH21: =IF(D21="","",VLOOKUP(AG21,TorchTables!$AC$1:$AD$27,2,FALSE)) -> 35.7
A22: 45356 | B22: 3 | C22: 3B | D22: Lname7 | E22: Fname7 | F22: XXXXX7 | AG22: =IF(D22="",0,COUNTIF(G22:AF22,"Y")) -> 0 | AH22: =IF(D22="","",VLOOKUP(AG22,TorchTables!$AC$1:$AD$27,2,FALSE)) -> 35.7
A23: 45356 | B23: 3 | C23: 3B | D23: Lname8 | E23: Fname8 | F23: XXXXX8 | AG23: =IF(D23="",0,COUNTIF(G23:AF23,"Y")) -> 0 | AH23: =IF(D23="","",VLOOKUP(AG23,TorchTables!$AC$1:$AD$27,2,FALSE)) -> 35.7
A24: 45356 | B24: 3 | C24: 3B | D24: Lname9 | E24: Fname9 | F24: XXXXX9 | AG24: =IF(D24="",0,COUNTIF(G24:AF24,"Y")) -> 0 | AH24: =IF(D24="","",VLOOKUP(AG24,TorchTables!$AC$1:$AD$27,2,FALSE)) -> 35.7
A25: 45356 | B25: 3 | C25: 3B | D25: Lname10 | E25: Fname10 | F25: XXXXX10 | AG25: =IF(D25="",0,COUNTIF(G25:AF25,"Y")) -> 0 | AH25: =IF(D25="","",VLOOKUP(AG25,TorchTables!$AC$1:$AD$27,2,FALSE)) -> 35.7
AG26: =IF(D26="",0,COUNTIF(G26:AF26,"Y")) -> 0 | AH26: =IF(D26="","",VLOOKUP(AG26,TorchTables!$AC$1:$AD$27,2,FALSE))
AG27: =IF(D27="",0,COUNTIF(G27:AF27,"Y")) -> 0 | AH27: =IF(D27="","",VLOOKUP(AG27,TorchTables!$AC$1:$AD$27,2,FALSE))
AG28: =IF(D28="",0,COUNTIF(G28:AF28,"Y")) -> 0 | AH28: =IF(D28="","",VLOOKUP(AG28,TorchTables!$AC$1:$AD$27,2,FALSE))
AG29: =IF(D29="",0,COUNTIF(G29:AF29,"Y")) -> 0 | AH29: =IF(D29="","",VLOOKUP(AG29,TorchTables!$AC$1:$AD$27,2,FALSE))
AG30: =IF(D30="",0,COUNTIF(G30:AF30,"Y")) -> 0 | AH30: =IF(D30="","",VLOOKUP(AG30,TorchTables!$AC$1:$AD$27,2,FALSE))
AG31: =IF(D31="",0,COUNTIF(G31:AF31,"Y")) -> 0 | AH31: =IF(D31="","",VLOOKUP(AG31,TorchTables!$AC$1:$AD$27,2,FALSE))
AG32: =IF(D32="",0,COUNTIF(G32:AF32,"Y")) -> 0 | AH32: =IF(D32="","",VLOOKUP(AG32,TorchTables!$AC$1:$AD$27,2,FALSE))
AG33: =IF(D33="",0,COUNTIF(G33:AF33,"Y")) -> 0 | AH33: =IF(D33="","",VLOOKUP(AG33,TorchTables!$AC$1:$AD$27,2,FALSE))
AG34: =IF(D34="",0,COUNTIF(G34:AF34,"Y")) -> 0 | AH34: =IF(D34="","",VLOOKUP(AG34,TorchTables!$AC$1:$AD$27,2,FALSE))
AG35: =IF(D35="",0,COUNTIF(G35:AF35,"Y")) -> 0 | AH35: =IF(D35="","",VLOOKUP(AG35,TorchTables!$AC$1:$AD$27,2,FALSE))
AG36: =IF(D36="",0,COUNTIF(G36:AF36,"Y")) -> 0 | AH36: =IF(D36="","",VLOOKUP(AG36,TorchTables!$AC$1:$AD$27,2,FALSE))
AG37: =IF(D37="",0,COUNTIF(G37:AF37,"Y")) -> 0 | AH37: =IF(D37="","",VLOOKUP(AG37,TorchTables!$AC$1:$AD$27,2,FALSE))
... AG509: =IF(D509="",0,COUNTIF(G509:AF509,"Y")) -> 0 | AH509: =IF(D509="","",VLOOKUP(AG509,TorchTables!$AC$1:$AD$27,2,FALSE))

Sheet Kiss
A1: TORCH - Kiss and Make Up | AH1: Item Type Key
A2: 3rd Edition
AH3: Locate
G4: QUESTION No. and ANSWER KEY (Enter the student's response - "Y" if correct, "N" if incorrect) | AH4: 1 | AI4: Directly stated: verbatim
E5: Question Number | G5: 1 | H5: 2 | I5: 3 | J5: 4 | K5: 5 | L5: 6 | M5: 7 | N5: 8 | O5: 9 | P5: 10 | Q5: 11 | R5: 12 | S5: 13 | T5: 14 | U5: 15 | V5: 16 | W5: 17 | X5: 18 | Y5: 19 | Z5: 20 | AA5: 21 | AB5: 22 | AC5: 23 | AD5: 24 | AH5: 2 | AI5: Directly stated: rephrased, reworded
E6: Item Difficulty | G6: 48 | H6: 70 | I6: 57 | J6: 56 | K6: 79 | L6: 62 | M6: 70 | N6: 74 | O6: 74 | P6: 81 | Q6: 79 | R6: 66 | S6: 63 | T6: 70 | U6: 60 | V6: 66 | W6: 64 | X6: 69 | Y6: 53 | Z6: 58 | AA6: 61 | AB6: 61 | AC6: 59 | AD6: 49 | AH6: Locate, interpret and infer
E7: Item Category | G7: Locate | H7: Locate, Interpret and Infer | I7: Locate, Interpret and Infer | J7: Locate, Interpret and Infer | K7: Interpret, Infer and Use | L7: Locate, Interpret and Infer | M7: Locate, Interpret and Infer | N7: Locate, Interpret and Infer | O7: Locate, Interpret and Infer | P7: Interpret, Infer and Use | Q7: Interpret, Infer and Use | R7: Locate | S7: Locate, Interpret and Infer | T7: Locate, Interpret and Infer | U7: Locate | V7: Locate, Interpret and Infer | W7: Locate | X7: Locate, Interpret and Infer | Y7: Locate | Z7: Locate, Interpret and Infer | AA7: Locate | AB7: Locate, Interpret and Infer | AC7: Locate | AD7: Locate | AH7: 3 | AI7: Directly stated: across text
AH8: 4 | AI8: Directly stated: embedded
AH9: 5 | AI9: Inference: simple, explicit references
AH10: Interpret, infer and use
AH11: 6 | AI11: Inference: complex, multiple references, cultural values, writer's intention
E12: Item Type | G12: 2 | H12: 3 | I12: 3 | J12: 4 | K12: 6 | L12: 3 | M12: 5 | N12: 5 | O12: 5 | P12: 6 | Q12: 6 | R12: 2 | S12: 3 | T12: 4 | U12: 2 | V12: 3 | W12: 2 | X12: 5 | Y12: 2 | Z12: 3 | AA12: 2 | AB12: 4 | AC12: 2 | AD12: 2
A15: Date (dd/mm/yy) | B15: Yr_Lev | C15: HG | D15: Surname | E15: First_Name | F15: Student_ID | G15: Y | H15: Y | I15: Y | J15: Y | K15: Y | L15: Y | M15: Y | N15: Y | O15: Y | P15: Y | Q15: Y | R15: Y | S15: Y | T15: Y | U15: Y | V15: Y | W15: Y | X15: Y | Y15: Y | Z15: Y | AA15: Y | AB15: Y | AC15: Y | AD15: Y | AE15: Raw Score | AF15: TORCH Score
A16: 45356 | B16: 3 | C16: 3A | D16: Lname1 | E16: Fname1 | F16: XXXXX1 | AE16: =IF(D16="",0,COUNTIF(G16:AD16,"Y")) -> 0 | AF16: =IF(D16="","",VLOOKUP(AE16,TorchTables!$AA$1:$AB$25,2,FALSE)) -> 32
A17: 45356 | B17: 3 | C17: 3A | D17: Lname2 | E17: Fname2 | F17: XXXXX2 | AE17: =IF(D17="",0,COUNTIF(G17:AD17,"Y")) -> 0 | AF17: =IF(D17="","",VLOOKUP(AE17,TorchTables!$AA$1:$AB$25,2,FALSE)) -> 32
A18: 45356 | B18: 3 | C18: 3A | D18: Lname3 | E18: Fname3 | F18: XXXXX3 | AE18: =IF(D18="",0,COUNTIF(G18:AD18,"Y")) -> 0 | AF18: =IF(D18="","",VLOOKUP(AE18,TorchTables!$AA$1:$AB$25,2,FALSE)) -> 32
A19: 45356 | B19: 3 | C19: 3A | D19: Lname4 | E19: Fname4 | F19: XXXXX4 | AE19: =IF(D19="",0,COUNTIF(G19:AD19,"Y")) -> 0 | AF19: =IF(D19="","",VLOOKUP(AE19,TorchTables!$AA$1:$AB$25,2,FALSE)) -> 32
A20: 45356 | B20: 3 | C20: 3B | D20: ULname13 | E20: UFname13 | F20: UNLISTED | AE20: =IF(D20="",0,COUNTIF(G20:AD20,"Y")) -> 0 | AF20: =IF(D20="","",VLOOKUP(AE20,TorchTables!$AA$1:$AB$25,2,FALSE)) -> 32
A21: 45356 | B21: 3 | C21: 3A | D21: Lname5 | E21: Fname5 | F21: XXXXX5 | AE21: =IF(D21="",0,COUNTIF(G21:AD21,"Y")) -> 0 | AF21: =IF(D21="","",VLOOKUP(AE21,TorchTables!$AA$1:$AB$25,2,FALSE)) -> 32
A22: 45356 | B22: 3 | C22: 3B | D22: Lname6 | E22: Fname6 | F22: XXXXX6 | AE22: =IF(D22="",0,COUNTIF(G22:AD22,"Y")) -> 0 | AF22: =IF(D22="","",VLOOKUP(AE22,TorchTables!$AA$1:$AB$25,2,FALSE)) -> 32
A23: 45356 | B23: 3 | C23: 3B | D23: Lname7 | E23: Fname7 | F23: XXXXX7 | AE23: =IF(D23="",0,COUNTIF(G23:AD23,"Y")) -> 0 | AF23: =IF(D23="","",VLOOKUP(AE23,TorchTables!$AA$1:$AB$25,2,FALSE)) -> 32
A24: 45356 | B24: 3 | C24: 3B | D24: Lname8 | E24: Fname8 | F24: XXXXX8 | AE24: =IF(D24="",0,COUNTIF(G24:AD24,"Y")) -> 0 | AF24: =IF(D24="","",VLOOKUP(AE24,TorchTables!$AA$1:$AB$25,2,FALSE)) -> 32
A25: 45356 | B25: 3 | C25: 3B | D25: Lname9 | E25: Fname9 | F25: XXXXX9 | AE25: =IF(D25="",0,COUNTIF(G25:AD25,"Y")) -> 0 | AF25: =IF(D25="","",VLOOKUP(AE25,TorchTables!$AA$1:$AB$25,2,FALSE)) -> 32
A26: 45356 | B26: 3 | C26: 3B | D26: Lname10 | E26: Fname10 | F26: XXXXX10 | AE26: =IF(D26="",0,COUNTIF(G26:AD26,"Y")) -> 0 | AF26: =IF(D26="","",VLOOKUP(AE26,TorchTables!$AA$1:$AB$25,2,FALSE)) -> 32
AE27: =IF(D27="",0,COUNTIF(G27:AD27,"Y")) -> 0 | AF27: =IF(D27="","",VLOOKUP(AE27,TorchTables!$AA$1:$AB$25,2,FALSE))
AE28: =IF(D28="",0,COUNTIF(G28:AD28,"Y")) -> 0 | AF28: =IF(D28="","",VLOOKUP(AE28,TorchTables!$AA$1:$AB$25,2,FALSE))
AE29: =IF(D29="",0,COUNTIF(G29:AD29,"Y")) -> 0 | AF29: =IF(D29="","",VLOOKUP(AE29,TorchTables!$AA$1:$AB$25,2,FALSE))
AE30: =IF(D30="",0,COUNTIF(G30:AD30,"Y")) -> 0 | AF30: =IF(D30="","",VLOOKUP(AE30,TorchTables!$AA$1:$AB$25,2,FALSE))
AE31: =IF(D31="",0,COUNTIF(G31:AD31,"Y")) -> 0 | AF31: =IF(D31="","",VLOOKUP(AE31,TorchTables!$AA$1:$AB$25,2,FALSE))
AE32: =IF(D32="",0,COUNTIF(G32:AD32,"Y")) -> 0 | AF32: =IF(D32="","",VLOOKUP(AE32,TorchTables!$AA$1:$AB$25,2,FALSE))
AE33: =IF(D33="",0,COUNTIF(G33:AD33,"Y")) -> 0 | AF33: =IF(D33="","",VLOOKUP(AE33,TorchTables!$AA$1:$AB$25,2,FALSE))
AE34: =IF(D34="",0,COUNTIF(G34:AD34,"Y")) -> 0 | AF34: =IF(D34="","",VLOOKUP(AE34,TorchTables!$AA$1:$AB$25,2,FALSE))
AE35: =IF(D35="",0,COUNTIF(G35:AD35,"Y")) -> 0 | AF35: =IF(D35="","",VLOOKUP(AE35,TorchTables!$AA$1:$AB$25,2,FALSE))
AE36: =IF(D36="",0,COUNTIF(G36:AD36,"Y")) -> 0 | AF36: =IF(D36="","",VLOOKUP(AE36,TorchTables!$AA$1:$AB$25,2,FALSE))
AE37: =IF(D37="",0,COUNTIF(G37:AD37,"Y")) -> 0 | AF37: =IF(D37="","",VLOOKUP(AE37,TorchTables!$AA$1:$AB$25,2,FALSE))
AE38: =IF(D38="",0,COUNTIF(G38:AD38,"Y")) -> 0 | AF38: =IF(D38="","",VLOOKUP(AE38,TorchTables!$AA$1:$AB$25,2,FALSE))
... AE510: =IF(D510="",0,COUNTIF(G510:AD510,"Y")) -> 0 | AF510: =IF(D510="","",VLOOKUP(AE510,TorchTables!$AA$1:$AB$25,2,FALSE))

Sheet Professor
A1: TORCH - The Unusual Professor | AK1: Item Type Key
A2: 3rd Edition
AK3: Locate
G4: QUESTION No. and ANSWER KEY (Enter the student's response - "Y" if correct, "N" if incorrect) | AK4: 1 | AL4: Directly stated: verbatim
E5: Question Number | G5: 1 | H5: 2 | I5: 3 | J5: 4 | K5: 5 | L5: 6 | M5: 7 | N5: 8 | O5: 9 | P5: 10 | Q5: 11 | R5: 12 | S5: 13 | T5: 14 | U5: 15 | V5: 16 | W5: 17 | X5: 18 | Y5: 19 | Z5: 20 | AA5: 21 | AB5: 22 | AC5: 23 | AD5: 24 | AE5: 25 | AF5: 26 | AK5: 2 | AL5: Directly stated: rephrased, reworded
E6: Item Difficulty | G6: 74 | H6: 79 | I6: 74 | J6: 76 | K6: 69 | L6: 70 | M6: 71 | N6: 64 | O6: 59 | P6: 68 | Q6: 69 | R6: 65 | S6: 87 | T6: 67 | U6: 66 | V6: 60 | W6: 77 | X6: 73 | Y6: 59 | Z6: 58 | AA6: 78 | AB6: 72 | AC6: 71 | AD6: 76 | AE6: 64 | AF6: 76 | AK6: Locate, interpret and infer
E7: Item Category | G7: Interpret, Infer and Use | H7: Interpret, Infer and Use | I7: Locate, Interpret and Infer | J7: Interpret, Infer and Use | K7: Locate, Interpret and Infer | L7: Locate, Interpret and Infer | M7: Locate, Interpret and Infer | N7: Locate, Interpret and Infer | O7: Locate | P7: Locate | Q7: Locate | R7: Locate, Interpret and Infer | S7: Locate, Interpret and Infer | T7: Locate | U7: Locate | V7: Locate, Interpret and Infer | W7: Locate, Interpret and Infer | X7: Locate, Interpret and Infer | Y7: Locate | Z7: Locate | AA7: Locate, Interpret and Infer | AB7: Locate, Interpret and Infer | AC7: Locate, Interpret and Infer | AD7: Interpret, Infer and Use | AE7: Locate | AF7: Interpret, Infer and Use | AK7: 3 | AL7: Directly stated: across text
AK8: 4 | AL8: Directly stated: embedded
AK9: 5 | AL9: Inference: simple, explicit references
AK10: Interpret, infer and use
AK11: 6 | AL11: Inference: complex, multiple references, cultural values, writer's intention
E12: Item Type | G12: 6 | H12: 6 | I12: 4 | J12: 6 | K12: 5 | L12: 3 | M12: 4 | N12: 4 | O12: 2 | P12: 2 | Q12: 2 | R12: 3 | S12: 5 | T12: 2 | U12: 2 | V12: 3 | W12: 4 | X12: 4 | Y12: 2 | Z12: 2 | AA12: 3 | AB12: 3 | AC12: 4 | AD12: 6 | AE12: 2 | AF12: 6
A14: Date (dd/mm/yy) | B14: Yr_Lev | C14: HG | D14: Surname | E14: First_Name | F14: Student_ID | G14: Y | H14: Y | I14: Y | J14: Y | K14: Y | L14: Y | M14: Y | N14: Y | O14: Y | P14: Y | Q14: Y | R14: Y | S14: Y | T14: Y | U14: Y | V14: Y | W14: Y | X14: Y | Y14: Y | Z14: Y | AA14: Y | AB14: Y | AC14: Y | AD14: Y | AE14: Y | AF14: Y | AG14: Raw Score | AH14: TORCH Score
A15: 45356 | B15: 3 | C15: 3A | D15: Lname1 | E15: Fname1 | F15: XXXXX1 | AG15: =IF(D15="",0,COUNTIF(G15:AF15,"Y")) -> 0 | AH15: =IF(D15="","",VLOOKUP(AG15,TorchTables!$AE$1:$AF$27,2,FALSE)) -> 39
A16: 45356 | B16: 3 | C16: 3A | D16: Lname2 | E16: Fname2 | F16: XXXXX2 | AG16: =IF(D16="",0,COUNTIF(G16:AF16,"Y")) -> 0 | AH16: =IF(D16="","",VLOOKUP(AG16,TorchTables!$AE$1:$AF$27,2,FALSE)) -> 39
A17: 45356 | B17: 3 | C17: 3A | D17: Lname3 | E17: Fname3 | F17: XXXXX3 | AG17: =IF(D17="",0,COUNTIF(G17:AF17,"Y")) -> 0 | AH17: =IF(D17="","",VLOOKUP(AG17,TorchTables!$AE$1:$AF$27,2,FALSE)) -> 39
A18: 45356 | B18: 3 | C18: 3A | D18: Lname4 | E18: Fname4 | F18: XXXXX4 | AG18: =IF(D18="",0,COUNTIF(G18:AF18,"Y")) -> 0 | AH18: =IF(D18="","",VLOOKUP(AG18,TorchTables!$AE$1:$AF$27,2,FALSE)) -> 39
A19: 45356 | B19: 3 | C19: 3B | D19: ULname13 | E19: UFname13 | F19: UNLISTED | AG19: =IF(D19="",0,COUNTIF(G19:AF19,"Y")) -> 0 | AH19: =IF(D19="","",VLOOKUP(AG19,TorchTables!$AE$1:$AF$27,2,FALSE)) -> 39
A20: 45356 | B20: 3 | C20: 3A | D20: Lname5 | E20: Fname5 | F20: XXXXX5 | AG20: =IF(D20="",0,COUNTIF(G20:AF20,"Y")) -> 0 | AH20: =IF(D20="","",VLOOKUP(AG20,TorchTables!$AE$1:$AF$27,2,FALSE)) -> 39
A21: 45356 | B21: 3 | C21: 3B | D21: Lname6 | E21: Fname6 | F21: XXXXX6 | AG21: =IF(D21="",0,COUNTIF(G21:AF21,"Y")) -> 0 | AH21: =IF(D21="","",VLOOKUP(AG21,TorchTables!$AE$1:$AF$27,2,FALSE)) -> 39
A22: 45356 | B22: 3 | C22: 3B | D22: Lname7 | E22: Fname7 | F22: XXXXX7 | AG22: =IF(D22="",0,COUNTIF(G22:AF22,"Y")) -> 0 | AH22: =IF(D22="","",VLOOKUP(AG22,TorchTables!$AE$1:$AF$27,2,FALSE)) -> 39
A23: 45356 | B23: 3 | C23: 3B | D23: Lname8 | E23: Fname8 | F23: XXXXX8 | AG23: =IF(D23="",0,COUNTIF(G23:AF23,"Y")) -> 0 | AH23: =IF(D23="","",VLOOKUP(AG23,TorchTables!$AE$1:$AF$27,2,FALSE)) -> 39
A24: 45356 | B24: 3 | C24: 3B | D24: Lname9 | E24: Fname9 | F24: XXXXX9 | AG24: =IF(D24="",0,COUNTIF(G24:AF24,"Y")) -> 0 | AH24: =IF(D24="","",VLOOKUP(AG24,TorchTables!$AE$1:$AF$27,2,FALSE)) -> 39
A25: 45356 | B25: 3 | C25: 3B | D25: Lname10 | E25: Fname10 | F25: XXXXX10 | AG25: =IF(D25="",0,COUNTIF(G25:AF25,"Y")) -> 0 | AH25: =IF(D25="","",VLOOKUP(AG25,TorchTables!$AE$1:$AF$27,2,FALSE)) -> 39
AG26: =IF(D26="",0,COUNTIF(G26:AF26,"Y")) -> 0 | AH26: =IF(D26="","",VLOOKUP(AG26,TorchTables!$AE$1:$AF$27,2,FALSE))
AG27: =IF(D27="",0,COUNTIF(G27:AF27,"Y")) -> 0 | AH27: =IF(D27="","",VLOOKUP(AG27,TorchTables!$AE$1:$AF$27,2,FALSE))
AG28: =IF(D28="",0,COUNTIF(G28:AF28,"Y")) -> 0 | AH28: =IF(D28="","",VLOOKUP(AG28,TorchTables!$AE$1:$AF$27,2,FALSE))
AG29: =IF(D29="",0,COUNTIF(G29:AF29,"Y")) -> 0 | AH29: =IF(D29="","",VLOOKUP(AG29,TorchTables!$AE$1:$AF$27,2,FALSE))
AG30: =IF(D30="",0,COUNTIF(G30:AF30,"Y")) -> 0 | AH30: =IF(D30="","",VLOOKUP(AG30,TorchTables!$AE$1:$AF$27,2,FALSE))
AG31: =IF(D31="",0,COUNTIF(G31:AF31,"Y")) -> 0 | AH31: =IF(D31="","",VLOOKUP(AG31,TorchTables!$AE$1:$AF$27,2,FALSE))
AG32: =IF(D32="",0,COUNTIF(G32:AF32,"Y")) -> 0 | AH32: =IF(D32="","",VLOOKUP(AG32,TorchTables!$AE$1:$AF$27,2,FALSE))
AG33: =IF(D33="",0,COUNTIF(G33:AF33,"Y")) -> 0 | AH33: =IF(D33="","",VLOOKUP(AG33,TorchTables!$AE$1:$AF$27,2,FALSE))
AG34: =IF(D34="",0,COUNTIF(G34:AF34,"Y")) -> 0 | AH34: =IF(D34="","",VLOOKUP(AG34,TorchTables!$AE$1:$AF$27,2,FALSE))
AG35: =IF(D35="",0,COUNTIF(G35:AF35,"Y")) -> 0 | AH35: =IF(D35="","",VLOOKUP(AG35,TorchTables!$AE$1:$AF$27,2,FALSE))
AG36: =IF(D36="",0,COUNTIF(G36:AF36,"Y")) -> 0 | AH36: =IF(D36="","",VLOOKUP(AG36,TorchTables!$AE$1:$AF$27,2,FALSE))
AG37: =IF(D37="",0,COUNTIF(G37:AF37,"Y")) -> 0 | AH37: =IF(D37="","",VLOOKUP(AG37,TorchTables!$AE$1:$AF$27,2,FALSE))
... AG509: =IF(D509="",0,COUNTIF(G509:AF509,"Y")) -> 0 | AH509: =IF(D509="","",VLOOKUP(AG509,TorchTables!$AE$1:$AF$27,2,FALSE))

Sheet TORCH_Tables
A1: Grass Hoppers | C1: Lizards Love Eggs | E1: At the Zoo | G1: Feeding Puff | I1: Donna Dingo | K1: The Cats | M1: The Swamp-Creature | O1: Matches | Q1: She's Crying | S1: The Accident | U1: The Red Ace of Spades | W1: The Rages of Mrs Torrens | Y1: Kis and Make Up | AA1: The Purple Children | AC1: Dissection in the Classroom | AE1: An Unusual Professor
A2: Raw | B2: TORCH | C2: Raw | D2: TORCH | E2: Raw | F2: TORCH | G2: Raw | H2: TORCH | I2: Raw | J2: TORCH | K2: Raw | L2: TORCH | M2: Raw | N2: TORCH | O2: Raw | P2: TORCH | Q2: Raw | R2: TORCH | S2: Raw | T2: TORCH | U2: Raw | V2: TORCH | W2: Raw | X2: TORCH | Y2: Raw | Z2: TORCH | AA2: Raw | AB2: TORCH | AC2: Raw | AD2: TORCH | AE2: Raw | AF2: TORCH
AC3: 26 | AD3: 101 | AE3: 26 | AF3: 100
W4: 25 | X4: 90 | AC4: 25 | AD4: 94.1 | AE4: 25 | AF4: 93.6
M5: 24 | N5: 77 | W5: 24 | X5: 82.4 | Y5: 24 | Z5: 96 | AC5: 24 | AD5: 88.8 | AE5: 24 | AF5: 88.6
M6: 23 | N6: 67.4 | S6: 23 | T6: 78.2 | W6: 23 | X6: 77 | Y6: 23 | Z6: 88.4 | AC6: 23 | AD6: 85.3 | AE6: 23 | AF6: 85.4
G7: 22 | H7: 67.4 | M7: 22 | N7: 60.7 | Q7: 22 | R7: 80.9 | S7: 22 | T7: 71.5 | U7: 22 | V7: 84.4 | W7: 22 | X7: 73.5 | Y7: 22 | Z7: 83 | AC7: 22 | AD7: 82.6 | AE7: 22 | AF7: 83
G8: 21 | H8: 60.5 | M8: 21 | N8: 56.7 | Q8: 21 | R8: 73.7 | S8: 21 | T8: 66.5 | U8: 21 | V8: 77.5 | W8: 21 | X8: 70.9 | Y8: 21 | Z8: 79.4 | AC8: 21 | AD8: 80.4 | AE8: 21 | AF8: 81
C9: 20 | D9: 63.9 | E9: 20 | F9: 69.1 | G9: 20 | H9: 55.4 | I9: 20 | J9: 68.9 | K9: 20 | L9: 70.8 | M9: 20 | N9: 53.9 | Q9: 20 | R9: 68.4 | S9: 20 | T9: 63.4 | U9: 20 | V9: 72.4 | W9: 20 | X9: 68.7 | Y9: 20 | Z9: 76.6 | AC9: 20 | AD9: 78.4 | AE9: 20 | AF9: 79.3
A10: 19 | B10: 58.6 | C10: 19 | D10: 56.5 | E10: 19 | F10: 61.7 | G10: 19 | H10: 52.2 | I10: 19 | J10: 61.8 | K10: 19 | L10: 63.8 | M10: 19 | N10: 51.7 | O10: 19 | P10: 77.5 | Q10: 19 | R10: 64.9 | S10: 19 | T10: 61 | U10: 19 | V10: 69 | W10: 19 | X10: 66.9 | Y10: 19 | Z10: 74.2 | AC10: 19 | AD10: 76.7 | AE10: 19 | AF10: 77.7
A11: 18 | B11: 51.4 | C11: 18 | D11: 51.1 | E11: 18 | F11: 56 | G11: 18 | H11: 49.7 | I11: 18 | J11: 56.6 | K11: 18 | L11: 58.7 | M11: 18 | N11: 49.9 | O11: 18 | P11: 70.4 | Q11: 18 | R11: 62.2 | S11: 18 | T11: 59.1 | U11: 18 | V11: 66.5 | W11: 18 | X11: 65.2 | Y11: 18 | Z11: 72.2 | AA11: 18 | AB11: 92.3 | AC11: 18 | AD11: 75.1 | AE11: 18 | AF11: 76.2
A12: 17 | B12: 46 | C12: 17 | D12: 47.5 | E12: 17 | F12: 52.1 | G12: 17 | H12: 47.6 | I12: 17 | J12: 53.3 | K12: 17 | L12: 55.4 | M12: 17 | N12: 48.3 | O12: 17 | P12: 65.2 | Q12: 17 | R12: 59.9 | S12: 17 | T12: 57.4 | U12: 17 | V12: 64.3 | W12: 17 | X12: 63.6 | Y12: 17 | Z12: 70.3 | AA12: 17 | AB12: 85.3 | AC12: 17 | AD12: 73.5 | AE12: 17 | AF12: 74.7
A13: 16 | B13: 42.4 | C13: 16 | D13: 44.7 | E13: 16 | F13: 49 | G13: 16 | H13: 45.8 | I13: 16 | J13: 50.6 | K13: 16 | L13: 52.8 | M13: 16 | N13: 46.8 | O13: 16 | P13: 61.9 | Q13: 16 | R13: 57.9 | S13: 16 | T13: 55.8 | U13: 16 | V13: 62.3 | W13: 16 | X13: 62.1 | Y13: 16 | Z13: 68.5 | AA13: 16 | AB13: 80 | AC13: 16 | AD13: 72.1 | AE13: 16 | AF13: 73.4
A14: 15 | B14: 39.6 | C14: 15 | D14: 42.3 | E14: 15 | F14: 46.3 | G14: 15 | H14: 44.2 | I14: 15 | J14: 48.4 | K14: 15 | L14: 50.6 | M14: 15 | N14: 45.4 | O14: 15 | P14: 59.2 | Q14: 15 | R14: 56 | S14: 15 | T14: 54.4 | U14: 15 | V14: 60.5 | W14: 15 | X14: 60.7 | Y14: 15 | Z14: 66.8 | AA14: 15 | AB14: 76.5 | AC14: 15 | AD14: 70.7 | AE14: 15 | AF14: 72.1
A15: 14 | B15: 37.2 | C15: 14 | D15: 40.2 | E15: 14 | F15: 43.8 | G15: 14 | H15: 42.6 | I15: 14 | J15: 46.4 | K15: 14 | L15: 48.7 | M15: 14 | N15: 44.2 | O15: 14 | P15: 57 | Q15: 14 | R15: 54.2 | S15: 14 | T15: 53 | U15: 14 | V15: 58.8 | W15: 14 | X15: 59.3 | Y15: 14 | Z15: 65.2 | AA15: 14 | AB15: 73.9 | AC15: 14 | AD15: 69.3 | AE15: 14 | AF15: 70.8
A16: 13 | B16: 35.1 | C16: 13 | D16: 38.2 | E16: 13 | F16: 41.5 | G16: 13 | H16: 41.2 | I16: 13 | J16: 44.5 | K16: 13 | L16: 46.8 | M16: 13 | N16: 42.9 | O16: 13 | P16: 55 | Q16: 13 | R16: 52.5 | S16: 13 | T16: 51.6 | U16: 13 | V16: 57.2 | W16: 13 | X16: 57.9 | Y16: 13 | Z16: 63.7 | AA16: 13 | AB16: 71.6 | AC16: 13 | AD16: 67.9 | AE16: 13 | AF16: 69.5
A17: 12 | B17: 33.1 | C17: 12 | D17: 36.4 | E17: 12 | F17: 39.4 | G17: 12 | H17: 39.8 | I17: 12 | J17: 42.7 | K17: 12 | L17: 45.1 | M17: 12 | N17: 41.7 | O17: 12 | P17: 53.1 | Q17: 12 | R17: 50.9 | S17: 12 | T17: 50.3 | U17: 12 | V17: 55.6 | W17: 12 | X17: 56.5 | Y17: 12 | Z17: 62.1 | AA17: 12 | AB17: 69.5 | AC17: 12 | AD17: 66.5 | AE17: 12 | AF17: 68.2
A18: 11 | B18: 31.2 | C18: 11 | D18: 34.6 | E18: 11 | F18: 37.4 | G18: 11 | H18: 38.3 | I18: 11 | J18: 41 | K18: 11 | L18: 43.5 | M18: 11 | N18: 40.5 | O18: 11 | P18: 51.3 | Q18: 11 | R18: 49.2 | S18: 11 | T18: 49.1 | U18: 11 | V18: 54.1 | W18: 11 | X18: 55.1 | Y18: 11 | Z18: 60.6 | AA18: 11 | AB18: 67.6 | AC18: 11 | AD18: 65.2 | AE18: 11 | AF18: 66.9
A19: 10 | B19: 29.5 | C19: 10 | D19: 32.8 | E19: 10 | F19: 35.5 | G19: 10 | H19: 36.9 | I19: 10 | J19: 39.2 | K19: 10 | L19: 41.8 | M19: 10 | N19: 39.2 | O19: 10 | P19: 49.6 | Q19: 10 | R19: 47.6 | S19: 10 | T19: 47.8 | U19: 10 | V19: 52.5 | W19: 10 | X19: 53.6 | Y19: 10 | Z19: 59 | AA19: 10 | AB19: 65.6 | AC19: 10 | AD19: 63.8 | AE19: 10 | AF19: 65.5
A20: 9 | B20: 27.7 | C20: 9 | D20: 31 | E20: 9 | F20: 33.7 | G20: 9 | H20: 35.5 | I20: 9 | J20: 37.5 | K20: 9 | L20: 40.2 | M20: 9 | N20: 38 | O20: 9 | P20: 47.9 | Q20: 9 | R20: 45.9 | S20: 9 | T20: 46.5 | U20: 9 | V20: 50.9 | W20: 9 | X20: 52.2 | Y20: 9 | Z20: 57.5 | AA20: 9 | AB20: 63.7 | AC20: 9 | AD20: 62.3 | AE20: 9 | AF20: 64.2
A21: 8 | B21: 25.9 | C21: 8 | D21: 29.2 | E21: 8 | F21: 31.8 | G21: 8 | H21: 34 | I21: 8 | J21: 35.7 | K21: 8 | L21: 38.5 | M21: 8 | N21: 36.7 | O21: 8 | P21: 46.1 | Q21: 8 | R21: 44.1 | S21: 8 | T21: 45.1 | U21: 8 | V21: 49.3 | W21: 8 | X21: 50.6 | Y21: 8 | Z21: 55.8 | AA21: 8 | AB21: 61.8 | AC21: 8 | AD21: 60.8 | AE21: 8 | AF21: 62.7
A22: 7 | B22: 24.1 | C22: 7 | D22: 27.4 | E22: 7 | F22: 30 | G22: 7 | H22: 32.4 | I22: 7 | J22: 33.9 | K22: 7 | L22: 36.8 | M22: 7 | N22: 35.3 | O22: 7 | P22: 44.4 | Q22: 7 | R22: 42.3 | S22: 7 | T22: 43.7 | U22: 7 | V22: 47.7 | W22: 7 | X22: 48.9 | Y22: 7 | Z22: 54.1 | AA22: 7 | AB22: 59.7 | AC22: 7 | AD22: 59.2 | AE22: 7 | AF22: 61.2
... A29: 0 | B29: 1.6 | C29: 0 | D29: 1.6 | E29: 0 | F29: 5.6 | G29: 0 | H29: 9.3 | I29: 0 | J29: 7.2 | K29: 0 | L29: 12.8 | M29: 0 | N29: 13.1 | O29: 0 | P29: 19.3 | Q29: 0 | R29: 16.4 | S29: 0 | T29: 21.3 | U29: 0 | V29: 23.7 | W29: 0 | X29: 24 | Y29: 0 | Z29: 29 | AA29: 0 | AB29: 30.1 | AC29: 0 | AD29: 36 | AE29: 0 | AF29: 38

Sheet TorchTables
A1: 20 | B1: 61.5 | C1: 28 | D1: 75.8 | E1: 27 | F1: 71.3 | G1: 27 | H1: 72.8 | I1: 19 | J1: 76.3 | K1: 27 | L1: 81.5 | M1: 27 | N1: 82 | O1: 22 | P1: 82.6 | Q1: 28 | R1: 85.6 | S1: 26 | T1: 88 | U1: 29 | V1: 95.5 | W1: 25 | X1: 89.2 | Y1: 28 | Z1: 92.9 | AA1: 24 | AB1: 97.3 | AC1: 26 | AD1: 101.4 | AE1: 26 | AF1: 101.6
A2: 19 | B2: 53.9 | C2: 27 | D2: 66.9 | E2: 26 | F2: 64.4 | G2: 26 | H2: 65.8 | I2: 18 | J2: 69.4 | K2: 26 | L2: 74.7 | M2: 26 | N2: 75.1 | O2: 21 | P2: 75.2 | Q2: 27 | R2: 78.5 | S2: 25 | T2: 81 | U2: 28 | V2: 87.4 | W2: 24 | X2: 81.9 | Y2: 27 | Z2: 85.8 | AA2: 23 | AB2: 90.1 | AC2: 25 | AD2: 94 | AE2: 25 | AF2: 94.4
A3: 18 | B3: 48.1 | C3: 26 | D3: 60.2 | E3: 25 | F3: 59.3 | G3: 25 | H3: 60.7 | I3: 17 | J3: 64.3 | K3: 25 | L3: 69.6 | M3: 25 | N3: 70 | O3: 20 | P3: 69.7 | Q3: 26 | R3: 73.2 | S3: 24 | T3: 75.9 | U3: 27 | V3: 81.2 | W3: 23 | X3: 76.5 | Y3: 26 | Z3: 80.8 | AA3: 22 | AB3: 84.7 | AC3: 24 | AD3: 88.6 | AE3: 24 | AF3: 89.2
A4: 17 | B4: 44.3 | C4: 25 | D4: 55.7 | E4: 24 | F4: 56.1 | G4: 24 | H4: 57.4 | I4: 16 | J4: 61.1 | K4: 24 | L4: 66.3 | M4: 24 | N4: 66.8 | O4: 19 | P4: 66.2 | Q4: 25 | R4: 69.8 | S4: 23 | T4: 72.6 | U4: 26 | V4: 76.8 | W4: 22 | X4: 73 | Y4: 25 | Z4: 77.6 | AA4: 21 | AB4: 81.3 | AC4: 23 | AD4: 85.3 | AE4: 23 | AF4: 86
A5: 16 | B5: 41.4 | C5: 24 | D5: 52.4 | E5: 23 | F5: 53.7 | G5: 23 | H5: 54.8 | I5: 15 | J5: 58.5 | K5: 23 | L5: 63.9 | M5: 23 | N5: 64.3 | O5: 18 | P5: 63.4 | Q5: 24 | R5: 67.2 | S5: 22 | T5: 70 | U5: 25 | V5: 73.4 | W5: 21 | X5: 70.4 | Y5: 24 | Z5: 75.2 | AA5: 20 | AB5: 78.6 | AC5: 22 | AD5: 82.6 | AE5: 22 | AF5: 83.4
A6: 15 | B6: 38.8 | C6: 23 | D6: 49.7 | E6: 22 | F6: 51.7 | G6: 22 | H6: 52.8 | I6: 14 | J6: 56.4 | K6: 22 | L6: 61.8 | M6: 22 | N6: 62.2 | O6: 17 | P6: 61 | Q6: 23 | R6: 65 | S6: 21 | T6: 67.8 | U6: 24 | V6: 70.5 | W6: 20 | X6: 68.2 | Y6: 23 | Z6: 73.2 | AA6: 19 | AB6: 76.3 | AC6: 21 | AD6: 80.4 | AE6: 21 | AF6: 81.4
A7: 14 | B7: 36.6 | C7: 22 | D7: 47.6 | E7: 21 | F7: 50 | G7: 21 | H7: 50.9 | I7: 13 | J7: 54.5 | K7: 21 | L7: 60 | M7: 21 | N7: 60.4 | O7: 16 | P7: 58.9 | Q7: 22 | R7: 63.2 | S7: 20 | T7: 65.9 | U7: 23 | V7: 68.1 | W7: 19 | X7: 66.3 | Y7: 22 | Z7: 71.4 | AA7: 18 | AB7: 74.3 | AC7: 20 | AD7: 78.4 | AE7: 20 | AF7: 79.7
A8: 13 | B8: 34.6 | C8: 21 | D8: 45.6 | E8: 20 | F8: 48.4 | G8: 20 | H8: 49.2 | I8: 12 | J8: 52.7 | K8: 20 | L8: 58.3 | M8: 20 | N8: 58.7 | O8: 15 | P8: 56.9 | Q8: 21 | R8: 61.5 | S8: 19 | T8: 64.1 | U8: 22 | V8: 65.9 | W8: 18 | X8: 64.6 | Y8: 21 | Z8: 69.8 | AA8: 17 | AB8: 72.4 | AC8: 19 | AD8: 76.7 | AE8: 19 | AF8: 78
A9: 12 | B9: 32.8 | C9: 20 | D9: 43.9 | E9: 19 | F9: 47 | G9: 19 | H9: 47.6 | I9: 11 | J9: 51 | K9: 19 | L9: 56.8 | M9: 19 | N9: 57.2 | O9: 14 | P9: 55.1 | Q9: 20 | R9: 60 | S9: 18 | T9: 62.4 | U9: 21 | V9: 64.1 | W9: 17 | X9: 63.1 | Y9: 20 | Z9: 68.4 | AA9: 16 | AB9: 70.7 | AC9: 18 | AD9: 75 | AE9: 18 | AF9: 76.6
A10: 11 | B10: 31 | C10: 19 | D10: 42.4 | E10: 18 | F10: 45.6 | G10: 18 | H10: 46.1 | I10: 10 | J10: 49.4 | K10: 18 | L10: 55.4 | M10: 18 | N10: 55.7 | O10: 13 | P10: 53.3 | Q10: 19 | R10: 58.5 | S10: 17 | T10: 60.8 | U10: 20 | V10: 62.3 | W10: 16 | X10: 61.6 | Y10: 19 | Z10: 66.9 | AA10: 15 | AB10: 69.1 | AC10: 17 | AD10: 73.5 | AE10: 17 | AF10: 75.2
A11: 10 | B11: 29.2 | C11: 18 | D11: 40.9 | E11: 17 | F11: 44.3 | G11: 17 | H11: 44.6 | I11: 9 | J11: 47.7 | K11: 17 | L11: 54.1 | M11: 17 | N11: 54.3 | O11: 12 | P11: 51.6 | Q11: 18 | R11: 57.1 | S11: 16 | T11: 59.3 | U11: 19 | V11: 60.7 | W11: 15 | X11: 60.2 | Y11: 18 | Z11: 65.6 | AA11: 14 | AB11: 67.5 | AC11: 16 | AD11: 72.1 | AE11: 16 | AF11: 73.9
A12: 9 | B12: 27.5 | C12: 17 | D12: 39.6 | E12: 16 | F12: 43 | G12: 16 | H12: 43.3 | I12: 8 | J12: 46.1 | K12: 16 | L12: 52.8 | M12: 16 | N12: 52.9 | O12: 11 | P12: 50 | Q12: 17 | R12: 55.8 | S12: 15 | T12: 57.8 | U12: 18 | V12: 59.3 | W12: 14 | X12: 58.7 | Y12: 17 | Z12: 64.3 | AA12: 13 | AB12: 65.9 | AC12: 15 | AD12: 70.6 | AE12: 15 | AF12: 72.6
... A20: 1 | B20: 4.7 | C20: 9 | D20: 29.3 | E20: 8 | F20: 33.3 | G20: 8 | H20: 32.5 | I20: 0 | J20: 18.6 | K20: 8 | L20: 41.6 | M20: 8 | N20: 42.1 | O20: 3 | P20: 33.3 | Q20: 9 | R20: 45.7 | S20: 7 | T20: 45.6 | U20: 10 | V20: 48.7 | W20: 6 | X20: 46.5 | Y20: 9 | Z20: 53.9 | AA20: 5 | AB20: 52.8 | AC20: 7 | AD20: 59.3 | AE20: 7 | AF20: 62.1
A21: 0 | B21: -3.3 | C21: 8 | D21: 27.9 | E21: 7 | F21: 31.8 | G21: 7 | H21: 31 | I21: Matches | K21: 7 | L21: 39.9 | M21: 7 | N21: 40.5 | O21: 2 | P21: 29.5 | Q21: 8 | R21: 44.3 | S21: 6 | T21: 43.8 | U21: 9 | V21: 47.4 | W21: 5 | X21: 44.4 | Y21: 8 | Z21: 52.5 | AA21: 4 | AB21: 50.6 | AC21: 6 | AD21: 57.6 | AE21: 6 | AF21: 60.5
A22: Lizards | C22: 7 | D22: 26.4 | E22: 6 | F22: 30.3 | G22: 6 | H22: 29.4 | K22: 6 | L22: 38.1 | M22: 6 | N22: 38.8 | O22: 1 | P22: 23.8 | Q22: 7 | R22: 42.9 | S22: 5 | T22: 41.9 | U22: 8 | V22: 46 | W22: 4 | X22: 42 | Y22: 7 | Z22: 50.9 | AA22: 3 | AB22: 47.9 | AC22: 5 | AD22: 55.7 | AE22: 5 | AF22: 58.7
C23: 6 | D23: 24.7 | E23: 5 | F23: 28.6 | G23: 5 | H23: 27.5 | K23: 5 | L23: 35.9 | M23: 5 | N23: 37 | O23: 0 | P23: 16.3 | Q23: 6 | R23: 41.2 | S23: 4 | T23: 39.7 | U23: 7 | V23: 44.5 | W23: 3 | X23: 39.1 | Y23: 6 | Z23: 49.2 | AA23: 2 | AB23: 44.6 | AC23: 4 | AD23: 53.6 | AE23: 4 | AF23: 56.7
C24: 5 | D24: 22.9 | E24: 4 | F24: 26.6 | G24: 4 | H24: 25.5 | K24: 4 | L24: 33.4 | M24: 4 | N24: 34.9 | O24: Crying | Q24: 5 | R24: 39.5 | S24: 3 | T24: 37 | U24: 6 | V24: 42.9 | W24: 2 | X24: 35.4 | Y24: 5 | Z24: 47.3 | AA24: 1 | AB24: 39.2 | AC24: 3 | AD24: 51.1 | AE24: 3 | AF24: 54.2
C25: 4 | D25: 20.8 | E25: 3 | F25: 24.2 | G25: 3 | H25: 22.9 | K25: 3 | L25: 30.4 | M25: 3 | N25: 32.3 | Q25: 4 | R25: 37.5 | S25: 2 | T25: 33.6 | U25: 5 | V25: 41.1 | W25: 1 | X25: 29.6 | Y25: 4 | Z25: 45.1 | AA25: 0 | AB25: 32 | AC25: 2 | AD25: 47.8 | AE25: 2 | AF25: 51.1
C26: 3 | D26: 18.4 | E26: 2 | F26: 21.1 | G26: 2 | H26: 19.7 | K26: 2 | L26: 26.4 | M26: 2 | N26: 29 | Q26: 3 | R26: 35 | S26: 1 | T26: 28.2 | U26: 4 | V26: 38.9 | W26: 0 | X26: 21.7 | Y26: 3 | Z26: 42.5 | AA26: Kiss | AC26: 1 | AD26: 42.7 | AE26: 1 | AF26: 46
C27: 2 | D27: 15.1 | E27: 1 | F27: 16 | G27: 1 | H27: 14.5 | K27: 1 | L27: 20.4 | M27: 1 | N27: 23.8 | Q27: 2 | R27: 31.8 | S27: 0 | T27: 21 | U27: 3 | V27: 36.4 | W27: Rages | Y27: 2 | Z27: 39.1 | AC27: 0 | AD27: 35.7 | AE27: 0 | AF27: 39
C28: 1 | D28: 10 | E28: 0 | F28: 9 | G28: 0 | H28: 7.5 | K28: 0 | L28: 12.3 | M28: 0 | N28: 16.7 | Q28: 1 | R28: 26.8 | S28: RoboCup | U28: 2 | V28: 32.9 | Y28: 1 | Z28: 33.8 | AC28: Dissection | AE28: Professor
C29: 0 | D29: 3 | E29: RockPools | G29: Audrey | K29: Mall | M29: Glass | Q29: 0 | R29: 19.8 | U29: 1 | V29: 27.5 | Y29: 0 | Z29: 26.8
C30: Gorillas | Q30: Bones | U30: 0 | V30: 20 | Y30: Kuran
U31: Biohazard

Sheet Sheet2
