Workbook

Sheet Main Menu
B2: PAT-R Comprehesion Fourth Edition Scoring Templates
B4: This series of spreadsheets provide the templates required to enter ACER's PAT-R (Comprehension) results into the Student Performance Analyser (SPA). Click on the appropriate button (at right) to select the correct Test Booklet proforma to complete. Follow the instructions opposite. | H4: Step 1: Click on the appropriate button (at left) to select the correct Test Booklet proforma to complete. Step 2: For each student, enter the Date (when test was sat), Year Level, Home Group, Name, and Student ID (CASES No. or Student No.). Step 3: For each question, enter their response (their score will be calculated) OR enter their Raw Score OR enter their PAT Score. Step 4: Save and upload into SPA.
B29: Click here to find out more about other tests available from ACER | H29: Click here to find out more about the Student Performance Analyser

Sheet PAT-R Comp P
A1: PAT-R Comprehesion - Test Booklet P
G3: QUESTION No. and ANSWER KEY (Enter the student's response - "Y" if correct, "N" if incorrect)
E4: Question Number | G4: 1 | H4: 2 | I4: 3 | J4: 4 | K4: 5 | L4: 6 | M4: 7 | N4: 8 | O4: 9 | P4: 10 | Q4: 11 | R4: 12 | S4: 13 | T4: 14 | U4: 15 | V4: 16 | W4: 17 | X4: 18 | Y4: 19 | Z4: 20 | AA4: 21 | AB4: 22 | AC4: 23
E5: Item Difficulty | G5: 51.43 | H5: 58.54 | I5: 66.06 | J5: 49.72 | K5: 93.78 | L5: 73.61 | M5: 103.28 | N5: 59.42 | O5: 49.72 | P5: 55.48 | Q5: 97.12 | R5: 71.05 | S5: 63.76 | T5: 47.71 | U5: 49.72 | V5: 61.02 | W5: 80.81 | X5: 71.05 | Y5: 74.28 | Z5: 63.76 | AA5: 68.97 | AB5: 64.37 | AC5: 73.95
E6: Skill Assessed | G6: PR | H6: PR | I6: PR | J6: PR | K6: PR | L6: PR | M6: PR | N6: PR | O6: PR | P6: PR | Q6: PR | R6: PR | S6: PR | T6: PR | U6: PR | V6: PR | W6: PR | X6: PR | Y6: PR | Z6: PR | AA6: PR | AB6: PR | AC6: PR
A7: required | B7: required | C7: optional | D7: required | E7: required | F7: required
A8: Date (dd/mm/yy) | B8: Yr_Lev | C8: HG | D8: Surname | E8: First_Name | F8: Student_ID | G8: Y | H8: Y | I8: Y | J8: Y | K8: Y | L8: Y | M8: Y | N8: Y | O8: Y | P8: Y | Q8: Y | R8: Y | S8: Y | T8: Y | U8: Y | V8: Y | W8: Y | X8: Y | Y8: Y | Z8: Y | AA8: Y | AB8: Y | AC8: Y | AD8: Raw Score | AE8: PAT Score
A9: 45356 | B9: 3 | C9: 3A | D9: Lname1 | E9: Fname1 | F9: XXXXX1 | AD9: =IF(D9="",0,(IF(G9=$G$8,1,0)+IF(H9=$H$8,1,0)+IF(I9=$I$8,1,0)+IF(J9=$J$8,1,0)+IF(K9=$K$8,1,0)+IF(L9=$L$8,1,0)+IF(M9=$M$8,1,0)+IF(N9=$N$8,1,0)+IF(O9=$O$8,1,0)+IF(P9=$P$8,1,0)+IF(Q9=$Q$8,1,0)+IF(R9=$R$8,1,0)+IF(S9=$S$8,1,0)+IF(T9=$T$8,1,0)+IF(U9=$U$8,1,0)+IF(V9=$V$8,1,0)+IF(W9=$W$8,1,0)+IF(X9=$X$8,1,0)+IF(Y9=$Y$8,1,0)+IF(Z9=$Z$8,1,0)+IF(AA9=$AA$8,1,0)+IF(AB9=$AB$8,1,0)+IF(AC9=$AC$8,1,0))) -> 0 | AE9: =IF(D9="","",VLOOKUP(AD9,'PAT-C_Tables'!$A$3:$B$40,2,FALSE)) -> 18.9
A10: 45356 | B10: 3 | C10: 3A | D10: Lname2 | E10: Fname2 | F10: XXXXX2 | AD10: =IF(D10="",0,(IF(G10=$G$8,1,0)+IF(H10=$H$8,1,0)+IF(I10=$I$8,1,0)+IF(J10=$J$8,1,0)+IF(K10=$K$8,1,0)+IF(L10=$L$8,1,0)+IF(M10=$M$8,1,0)+IF(N10=$N$8,1,0)+IF(O10=$O$8,1,0)+IF(P10=$P$8,1,0)+IF(Q10=$Q$8,1,0)+IF(R10=$R$8,1,0)+IF(S10=$S$8,1,0)+IF(T10=$T$8,1,0)+IF(U10=$U$8,1,0)+IF(V10=$V$8,1,0)+IF(W10=$W$8,1,0)+IF(X10=$X$8,1,0)+IF(Y10=$Y$8,1,0)+IF(Z10=$Z$8,1,0)+IF(AA10=$AA$8,1,0)+IF(AB10=$AB$8,1,0)+IF(AC10=$AC$8,1,0))) -> 0 | AE10: =IF(D10="","",VLOOKUP(AD10,'PAT-C_Tables'!$A$3:$B$40,2,FALSE)) -> 18.9
A11: 45356 | B11: 3 | C11: 3A | D11: Lname3 | E11: Fname3 | F11: XXXXX3 | AD11: =IF(D11="",0,(IF(G11=$G$8,1,0)+IF(H11=$H$8,1,0)+IF(I11=$I$8,1,0)+IF(J11=$J$8,1,0)+IF(K11=$K$8,1,0)+IF(L11=$L$8,1,0)+IF(M11=$M$8,1,0)+IF(N11=$N$8,1,0)+IF(O11=$O$8,1,0)+IF(P11=$P$8,1,0)+IF(Q11=$Q$8,1,0)+IF(R11=$R$8,1,0)+IF(S11=$S$8,1,0)+IF(T11=$T$8,1,0)+IF(U11=$U$8,1,0)+IF(V11=$V$8,1,0)+IF(W11=$W$8,1,0)+IF(X11=$X$8,1,0)+IF(Y11=$Y$8,1,0)+IF(Z11=$Z$8,1,0)+IF(AA11=$AA$8,1,0)+IF(AB11=$AB$8,1,0)+IF(AC11=$AC$8,1,0))) -> 0 | AE11: =IF(D11="","",VLOOKUP(AD11,'PAT-C_Tables'!$A$3:$B$40,2,FALSE)) -> 18.9
A12: 45356 | B12: 3 | C12: 3A | D12: Lname4 | E12: Fname4 | F12: XXXXX4 | AD12: =IF(D12="",0,(IF(G12=$G$8,1,0)+IF(H12=$H$8,1,0)+IF(I12=$I$8,1,0)+IF(J12=$J$8,1,0)+IF(K12=$K$8,1,0)+IF(L12=$L$8,1,0)+IF(M12=$M$8,1,0)+IF(N12=$N$8,1,0)+IF(O12=$O$8,1,0)+IF(P12=$P$8,1,0)+IF(Q12=$Q$8,1,0)+IF(R12=$R$8,1,0)+IF(S12=$S$8,1,0)+IF(T12=$T$8,1,0)+IF(U12=$U$8,1,0)+IF(V12=$V$8,1,0)+IF(W12=$W$8,1,0)+IF(X12=$X$8,1,0)+IF(Y12=$Y$8,1,0)+IF(Z12=$Z$8,1,0)+IF(AA12=$AA$8,1,0)+IF(AB12=$AB$8,1,0)+IF(AC12=$AC$8,1,0))) -> 0 | AE12: =IF(D12="","",VLOOKUP(AD12,'PAT-C_Tables'!$A$3:$B$40,2,FALSE)) -> 18.9
A13: 45356 | B13: 3 | C13: 3B | D13: ULname13 | E13: UFname13 | F13: UNLISTED | AD13: =IF(D13="",0,(IF(G13=$G$8,1,0)+IF(H13=$H$8,1,0)+IF(I13=$I$8,1,0)+IF(J13=$J$8,1,0)+IF(K13=$K$8,1,0)+IF(L13=$L$8,1,0)+IF(M13=$M$8,1,0)+IF(N13=$N$8,1,0)+IF(O13=$O$8,1,0)+IF(P13=$P$8,1,0)+IF(Q13=$Q$8,1,0)+IF(R13=$R$8,1,0)+IF(S13=$S$8,1,0)+IF(T13=$T$8,1,0)+IF(U13=$U$8,1,0)+IF(V13=$V$8,1,0)+IF(W13=$W$8,1,0)+IF(X13=$X$8,1,0)+IF(Y13=$Y$8,1,0)+IF(Z13=$Z$8,1,0)+IF(AA13=$AA$8,1,0)+IF(AB13=$AB$8,1,0)+IF(AC13=$AC$8,1,0))) -> 0 | AE13: =IF(D13="","",VLOOKUP(AD13,'PAT-C_Tables'!$A$3:$B$40,2,FALSE)) -> 18.9
A14: 45356 | B14: 3 | C14: 3A | D14: Lname5 | E14: Fname5 | F14: XXXXX5 | AD14: =IF(D14="",0,(IF(G14=$G$8,1,0)+IF(H14=$H$8,1,0)+IF(I14=$I$8,1,0)+IF(J14=$J$8,1,0)+IF(K14=$K$8,1,0)+IF(L14=$L$8,1,0)+IF(M14=$M$8,1,0)+IF(N14=$N$8,1,0)+IF(O14=$O$8,1,0)+IF(P14=$P$8,1,0)+IF(Q14=$Q$8,1,0)+IF(R14=$R$8,1,0)+IF(S14=$S$8,1,0)+IF(T14=$T$8,1,0)+IF(U14=$U$8,1,0)+IF(V14=$V$8,1,0)+IF(W14=$W$8,1,0)+IF(X14=$X$8,1,0)+IF(Y14=$Y$8,1,0)+IF(Z14=$Z$8,1,0)+IF(AA14=$AA$8,1,0)+IF(AB14=$AB$8,1,0)+IF(AC14=$AC$8,1,0))) -> 0 | AE14: =IF(D14="","",VLOOKUP(AD14,'PAT-C_Tables'!$A$3:$B$40,2,FALSE)) -> 18.9
A15: 45356 | B15: 3 | C15: 3B | D15: Lname6 | E15: Fname6 | F15: XXXXX6 | AD15: =IF(D15="",0,(IF(G15=$G$8,1,0)+IF(H15=$H$8,1,0)+IF(I15=$I$8,1,0)+IF(J15=$J$8,1,0)+IF(K15=$K$8,1,0)+IF(L15=$L$8,1,0)+IF(M15=$M$8,1,0)+IF(N15=$N$8,1,0)+IF(O15=$O$8,1,0)+IF(P15=$P$8,1,0)+IF(Q15=$Q$8,1,0)+IF(R15=$R$8,1,0)+IF(S15=$S$8,1,0)+IF(T15=$T$8,1,0)+IF(U15=$U$8,1,0)+IF(V15=$V$8,1,0)+IF(W15=$W$8,1,0)+IF(X15=$X$8,1,0)+IF(Y15=$Y$8,1,0)+IF(Z15=$Z$8,1,0)+IF(AA15=$AA$8,1,0)+IF(AB15=$AB$8,1,0)+IF(AC15=$AC$8,1,0))) -> 0 | AE15: =IF(D15="","",VLOOKUP(AD15,'PAT-C_Tables'!$A$3:$B$40,2,FALSE)) -> 18.9
A16: 45356 | B16: 3 | C16: 3B | D16: Lname7 | E16: Fname7 | F16: XXXXX7 | AD16: =IF(D16="",0,(IF(G16=$G$8,1,0)+IF(H16=$H$8,1,0)+IF(I16=$I$8,1,0)+IF(J16=$J$8,1,0)+IF(K16=$K$8,1,0)+IF(L16=$L$8,1,0)+IF(M16=$M$8,1,0)+IF(N16=$N$8,1,0)+IF(O16=$O$8,1,0)+IF(P16=$P$8,1,0)+IF(Q16=$Q$8,1,0)+IF(R16=$R$8,1,0)+IF(S16=$S$8,1,0)+IF(T16=$T$8,1,0)+IF(U16=$U$8,1,0)+IF(V16=$V$8,1,0)+IF(W16=$W$8,1,0)+IF(X16=$X$8,1,0)+IF(Y16=$Y$8,1,0)+IF(Z16=$Z$8,1,0)+IF(AA16=$AA$8,1,0)+IF(AB16=$AB$8,1,0)+IF(AC16=$AC$8,1,0))) -> 0 | AE16: =IF(D16="","",VLOOKUP(AD16,'PAT-C_Tables'!$A$3:$B$40,2,FALSE)) -> 18.9
A17: 45356 | B17: 3 | C17: 3B | D17: Lname8 | E17: Fname8 | F17: XXXXX8 | AD17: =IF(D17="",0,(IF(G17=$G$8,1,0)+IF(H17=$H$8,1,0)+IF(I17=$I$8,1,0)+IF(J17=$J$8,1,0)+IF(K17=$K$8,1,0)+IF(L17=$L$8,1,0)+IF(M17=$M$8,1,0)+IF(N17=$N$8,1,0)+IF(O17=$O$8,1,0)+IF(P17=$P$8,1,0)+IF(Q17=$Q$8,1,0)+IF(R17=$R$8,1,0)+IF(S17=$S$8,1,0)+IF(T17=$T$8,1,0)+IF(U17=$U$8,1,0)+IF(V17=$V$8,1,0)+IF(W17=$W$8,1,0)+IF(X17=$X$8,1,0)+IF(Y17=$Y$8,1,0)+IF(Z17=$Z$8,1,0)+IF(AA17=$AA$8,1,0)+IF(AB17=$AB$8,1,0)+IF(AC17=$AC$8,1,0))) -> 0 | AE17: =IF(D17="","",VLOOKUP(AD17,'PAT-C_Tables'!$A$3:$B$40,2,FALSE)) -> 18.9
A18: 45356 | B18: 3 | C18: 3B | D18: Lname9 | E18: Fname9 | F18: XXXXX9 | AD18: =IF(D18="",0,(IF(G18=$G$8,1,0)+IF(H18=$H$8,1,0)+IF(I18=$I$8,1,0)+IF(J18=$J$8,1,0)+IF(K18=$K$8,1,0)+IF(L18=$L$8,1,0)+IF(M18=$M$8,1,0)+IF(N18=$N$8,1,0)+IF(O18=$O$8,1,0)+IF(P18=$P$8,1,0)+IF(Q18=$Q$8,1,0)+IF(R18=$R$8,1,0)+IF(S18=$S$8,1,0)+IF(T18=$T$8,1,0)+IF(U18=$U$8,1,0)+IF(V18=$V$8,1,0)+IF(W18=$W$8,1,0)+IF(X18=$X$8,1,0)+IF(Y18=$Y$8,1,0)+IF(Z18=$Z$8,1,0)+IF(AA18=$AA$8,1,0)+IF(AB18=$AB$8,1,0)+IF(AC18=$AC$8,1,0))) -> 0 | AE18: =IF(D18="","",VLOOKUP(AD18,'PAT-C_Tables'!$A$3:$B$40,2,FALSE)) -> 18.9
A19: 45356 | B19: 3 | C19: 3B | D19: Lname10 | E19: Fname10 | F19: XXXXX10 | AD19: =IF(D19="",0,(IF(G19=$G$8,1,0)+IF(H19=$H$8,1,0)+IF(I19=$I$8,1,0)+IF(J19=$J$8,1,0)+IF(K19=$K$8,1,0)+IF(L19=$L$8,1,0)+IF(M19=$M$8,1,0)+IF(N19=$N$8,1,0)+IF(O19=$O$8,1,0)+IF(P19=$P$8,1,0)+IF(Q19=$Q$8,1,0)+IF(R19=$R$8,1,0)+IF(S19=$S$8,1,0)+IF(T19=$T$8,1,0)+IF(U19=$U$8,1,0)+IF(V19=$V$8,1,0)+IF(W19=$W$8,1,0)+IF(X19=$X$8,1,0)+IF(Y19=$Y$8,1,0)+IF(Z19=$Z$8,1,0)+IF(AA19=$AA$8,1,0)+IF(AB19=$AB$8,1,0)+IF(AC19=$AC$8,1,0))) -> 0 | AE19: =IF(D19="","",VLOOKUP(AD19,'PAT-C_Tables'!$A$3:$B$40,2,FALSE)) -> 18.9
AD20: =IF(D20="",0,(IF(G20=$G$8,1,0)+IF(H20=$H$8,1,0)+IF(I20=$I$8,1,0)+IF(J20=$J$8,1,0)+IF(K20=$K$8,1,0)+IF(L20=$L$8,1,0)+IF(M20=$M$8,1,0)+IF(N20=$N$8,1,0)+IF(O20=$O$8,1,0)+IF(P20=$P$8,1,0)+IF(Q20=$Q$8,1,0)+IF(R20=$R$8,1,0)+IF(S20=$S$8,1,0)+IF(T20=$T$8,1,0)+IF(U20=$U$8,1,0)+IF(V20=$V$8,1,0)+IF(W20=$W$8,1,0)+IF(X20=$X$8,1,0)+IF(Y20=$Y$8,1,0)+IF(Z20=$Z$8,1,0)+IF(AA20=$AA$8,1,0)+IF(AB20=$AB$8,1,0)+IF(AC20=$AC$8,1,0))) -> 0 | AE20: =IF(D20="","",VLOOKUP(AD20,'PAT-C_Tables'!$A$3:$B$40,2,FALSE))
AD21: =IF(D21="",0,(IF(G21=$G$8,1,0)+IF(H21=$H$8,1,0)+IF(I21=$I$8,1,0)+IF(J21=$J$8,1,0)+IF(K21=$K$8,1,0)+IF(L21=$L$8,1,0)+IF(M21=$M$8,1,0)+IF(N21=$N$8,1,0)+IF(O21=$O$8,1,0)+IF(P21=$P$8,1,0)+IF(Q21=$Q$8,1,0)+IF(R21=$R$8,1,0)+IF(S21=$S$8,1,0)+IF(T21=$T$8,1,0)+IF(U21=$U$8,1,0)+IF(V21=$V$8,1,0)+IF(W21=$W$8,1,0)+IF(X21=$X$8,1,0)+IF(Y21=$Y$8,1,0)+IF(Z21=$Z$8,1,0)+IF(AA21=$AA$8,1,0)+IF(AB21=$AB$8,1,0)+IF(AC21=$AC$8,1,0))) -> 0 | AE21: =IF(D21="","",VLOOKUP(AD21,'PAT-C_Tables'!$A$3:$B$40,2,FALSE))
AD22: =IF(D22="",0,(IF(G22=$G$8,1,0)+IF(H22=$H$8,1,0)+IF(I22=$I$8,1,0)+IF(J22=$J$8,1,0)+IF(K22=$K$8,1,0)+IF(L22=$L$8,1,0)+IF(M22=$M$8,1,0)+IF(N22=$N$8,1,0)+IF(O22=$O$8,1,0)+IF(P22=$P$8,1,0)+IF(Q22=$Q$8,1,0)+IF(R22=$R$8,1,0)+IF(S22=$S$8,1,0)+IF(T22=$T$8,1,0)+IF(U22=$U$8,1,0)+IF(V22=$V$8,1,0)+IF(W22=$W$8,1,0)+IF(X22=$X$8,1,0)+IF(Y22=$Y$8,1,0)+IF(Z22=$Z$8,1,0)+IF(AA22=$AA$8,1,0)+IF(AB22=$AB$8,1,0)+IF(AC22=$AC$8,1,0))) -> 0 | AE22: =IF(D22="","",VLOOKUP(AD22,'PAT-C_Tables'!$A$3:$B$40,2,FALSE))
AD23: =IF(D23="",0,(IF(G23=$G$8,1,0)+IF(H23=$H$8,1,0)+IF(I23=$I$8,1,0)+IF(J23=$J$8,1,0)+IF(K23=$K$8,1,0)+IF(L23=$L$8,1,0)+IF(M23=$M$8,1,0)+IF(N23=$N$8,1,0)+IF(O23=$O$8,1,0)+IF(P23=$P$8,1,0)+IF(Q23=$Q$8,1,0)+IF(R23=$R$8,1,0)+IF(S23=$S$8,1,0)+IF(T23=$T$8,1,0)+IF(U23=$U$8,1,0)+IF(V23=$V$8,1,0)+IF(W23=$W$8,1,0)+IF(X23=$X$8,1,0)+IF(Y23=$Y$8,1,0)+IF(Z23=$Z$8,1,0)+IF(AA23=$AA$8,1,0)+IF(AB23=$AB$8,1,0)+IF(AC23=$AC$8,1,0))) -> 0 | AE23: =IF(D23="","",VLOOKUP(AD23,'PAT-C_Tables'!$A$3:$B$40,2,FALSE))
AD24: =IF(D24="",0,(IF(G24=$G$8,1,0)+IF(H24=$H$8,1,0)+IF(I24=$I$8,1,0)+IF(J24=$J$8,1,0)+IF(K24=$K$8,1,0)+IF(L24=$L$8,1,0)+IF(M24=$M$8,1,0)+IF(N24=$N$8,1,0)+IF(O24=$O$8,1,0)+IF(P24=$P$8,1,0)+IF(Q24=$Q$8,1,0)+IF(R24=$R$8,1,0)+IF(S24=$S$8,1,0)+IF(T24=$T$8,1,0)+IF(U24=$U$8,1,0)+IF(V24=$V$8,1,0)+IF(W24=$W$8,1,0)+IF(X24=$X$8,1,0)+IF(Y24=$Y$8,1,0)+IF(Z24=$Z$8,1,0)+IF(AA24=$AA$8,1,0)+IF(AB24=$AB$8,1,0)+IF(AC24=$AC$8,1,0))) -> 0 | AE24: =IF(D24="","",VLOOKUP(AD24,'PAT-C_Tables'!$A$3:$B$40,2,FALSE))
AD25: =IF(D25="",0,(IF(G25=$G$8,1,0)+IF(H25=$H$8,1,0)+IF(I25=$I$8,1,0)+IF(J25=$J$8,1,0)+IF(K25=$K$8,1,0)+IF(L25=$L$8,1,0)+IF(M25=$M$8,1,0)+IF(N25=$N$8,1,0)+IF(O25=$O$8,1,0)+IF(P25=$P$8,1,0)+IF(Q25=$Q$8,1,0)+IF(R25=$R$8,1,0)+IF(S25=$S$8,1,0)+IF(T25=$T$8,1,0)+IF(U25=$U$8,1,0)+IF(V25=$V$8,1,0)+IF(W25=$W$8,1,0)+IF(X25=$X$8,1,0)+IF(Y25=$Y$8,1,0)+IF(Z25=$Z$8,1,0)+IF(AA25=$AA$8,1,0)+IF(AB25=$AB$8,1,0)+IF(AC25=$AC$8,1,0))) -> 0 | AE25: =IF(D25="","",VLOOKUP(AD25,'PAT-C_Tables'!$A$3:$B$40,2,FALSE))
AD26: =IF(D26="",0,(IF(G26=$G$8,1,0)+IF(H26=$H$8,1,0)+IF(I26=$I$8,1,0)+IF(J26=$J$8,1,0)+IF(K26=$K$8,1,0)+IF(L26=$L$8,1,0)+IF(M26=$M$8,1,0)+IF(N26=$N$8,1,0)+IF(O26=$O$8,1,0)+IF(P26=$P$8,1,0)+IF(Q26=$Q$8,1,0)+IF(R26=$R$8,1,0)+IF(S26=$S$8,1,0)+IF(T26=$T$8,1,0)+IF(U26=$U$8,1,0)+IF(V26=$V$8,1,0)+IF(W26=$W$8,1,0)+IF(X26=$X$8,1,0)+IF(Y26=$Y$8,1,0)+IF(Z26=$Z$8,1,0)+IF(AA26=$AA$8,1,0)+IF(AB26=$AB$8,1,0)+IF(AC26=$AC$8,1,0))) -> 0 | AE26: =IF(D26="","",VLOOKUP(AD26,'PAT-C_Tables'!$A$3:$B$40,2,FALSE))
AD27: =IF(D27="",0,(IF(G27=$G$8,1,0)+IF(H27=$H$8,1,0)+IF(I27=$I$8,1,0)+IF(J27=$J$8,1,0)+IF(K27=$K$8,1,0)+IF(L27=$L$8,1,0)+IF(M27=$M$8,1,0)+IF(N27=$N$8,1,0)+IF(O27=$O$8,1,0)+IF(P27=$P$8,1,0)+IF(Q27=$Q$8,1,0)+IF(R27=$R$8,1,0)+IF(S27=$S$8,1,0)+IF(T27=$T$8,1,0)+IF(U27=$U$8,1,0)+IF(V27=$V$8,1,0)+IF(W27=$W$8,1,0)+IF(X27=$X$8,1,0)+IF(Y27=$Y$8,1,0)+IF(Z27=$Z$8,1,0)+IF(AA27=$AA$8,1,0)+IF(AB27=$AB$8,1,0)+IF(AC27=$AC$8,1,0))) -> 0 | AE27: =IF(D27="","",VLOOKUP(AD27,'PAT-C_Tables'!$A$3:$B$40,2,FALSE))
AD28: =IF(D28="",0,(IF(G28=$G$8,1,0)+IF(H28=$H$8,1,0)+IF(I28=$I$8,1,0)+IF(J28=$J$8,1,0)+IF(K28=$K$8,1,0)+IF(L28=$L$8,1,0)+IF(M28=$M$8,1,0)+IF(N28=$N$8,1,0)+IF(O28=$O$8,1,0)+IF(P28=$P$8,1,0)+IF(Q28=$Q$8,1,0)+IF(R28=$R$8,1,0)+IF(S28=$S$8,1,0)+IF(T28=$T$8,1,0)+IF(U28=$U$8,1,0)+IF(V28=$V$8,1,0)+IF(W28=$W$8,1,0)+IF(X28=$X$8,1,0)+IF(Y28=$Y$8,1,0)+IF(Z28=$Z$8,1,0)+IF(AA28=$AA$8,1,0)+IF(AB28=$AB$8,1,0)+IF(AC28=$AC$8,1,0))) -> 0 | AE28: =IF(D28="","",VLOOKUP(AD28,'PAT-C_Tables'!$A$3:$B$40,2,FALSE))
AD29: =IF(D29="",0,(IF(G29=$G$8,1,0)+IF(H29=$H$8,1,0)+IF(I29=$I$8,1,0)+IF(J29=$J$8,1,0)+IF(K29=$K$8,1,0)+IF(L29=$L$8,1,0)+IF(M29=$M$8,1,0)+IF(N29=$N$8,1,0)+IF(O29=$O$8,1,0)+IF(P29=$P$8,1,0)+IF(Q29=$Q$8,1,0)+IF(R29=$R$8,1,0)+IF(S29=$S$8,1,0)+IF(T29=$T$8,1,0)+IF(U29=$U$8,1,0)+IF(V29=$V$8,1,0)+IF(W29=$W$8,1,0)+IF(X29=$X$8,1,0)+IF(Y29=$Y$8,1,0)+IF(Z29=$Z$8,1,0)+IF(AA29=$AA$8,1,0)+IF(AB29=$AB$8,1,0)+IF(AC29=$AC$8,1,0))) -> 0 | AE29: =IF(D29="","",VLOOKUP(AD29,'PAT-C_Tables'!$A$3:$B$40,2,FALSE))
AD30: =IF(D30="",0,(IF(G30=$G$8,1,0)+IF(H30=$H$8,1,0)+IF(I30=$I$8,1,0)+IF(J30=$J$8,1,0)+IF(K30=$K$8,1,0)+IF(L30=$L$8,1,0)+IF(M30=$M$8,1,0)+IF(N30=$N$8,1,0)+IF(O30=$O$8,1,0)+IF(P30=$P$8,1,0)+IF(Q30=$Q$8,1,0)+IF(R30=$R$8,1,0)+IF(S30=$S$8,1,0)+IF(T30=$T$8,1,0)+IF(U30=$U$8,1,0)+IF(V30=$V$8,1,0)+IF(W30=$W$8,1,0)+IF(X30=$X$8,1,0)+IF(Y30=$Y$8,1,0)+IF(Z30=$Z$8,1,0)+IF(AA30=$AA$8,1,0)+IF(AB30=$AB$8,1,0)+IF(AC30=$AC$8,1,0))) -> 0 | AE30: =IF(D30="","",VLOOKUP(AD30,'PAT-C_Tables'!$A$3:$B$40,2,FALSE))
AD31: =IF(D31="",0,(IF(G31=$G$8,1,0)+IF(H31=$H$8,1,0)+IF(I31=$I$8,1,0)+IF(J31=$J$8,1,0)+IF(K31=$K$8,1,0)+IF(L31=$L$8,1,0)+IF(M31=$M$8,1,0)+IF(N31=$N$8,1,0)+IF(O31=$O$8,1,0)+IF(P31=$P$8,1,0)+IF(Q31=$Q$8,1,0)+IF(R31=$R$8,1,0)+IF(S31=$S$8,1,0)+IF(T31=$T$8,1,0)+IF(U31=$U$8,1,0)+IF(V31=$V$8,1,0)+IF(W31=$W$8,1,0)+IF(X31=$X$8,1,0)+IF(Y31=$Y$8,1,0)+IF(Z31=$Z$8,1,0)+IF(AA31=$AA$8,1,0)+IF(AB31=$AB$8,1,0)+IF(AC31=$AC$8,1,0))) -> 0 | AE31: =IF(D31="","",VLOOKUP(AD31,'PAT-C_Tables'!$A$3:$B$40,2,FALSE))
... AD503: =IF(D503="",0,(IF(G503=$G$8,1,0)+IF(H503=$H$8,1,0)+IF(I503=$I$8,1,0)+IF(J503=$J$8,1,0)+IF(K503=$K$8,1,0)+IF(L503=$L$8,1,0)+IF(M503=$M$8,1,0)+IF(N503=$N$8,1,0)+IF(O503=$O$8,1,0)+IF(P503=$P$8,1,0)+IF(Q503=$Q$8,1,0)+IF(R503=$R$8,1,0)+IF(S503=$S$8,1,0)+IF(T503=$T$8,1,0)+IF(U503=$U$8,1,0)+IF(V503=$V$8,1,0)+IF(W503=$W$8,1,0)+IF(X503=$X$8,1,0)+IF(Y503=$Y$8,1,0)+IF(Z503=$Z$8,1,0)+IF(AA503=$AA$8,1,0)+IF(AB503=$AB$8,1,0)+IF(AC503=$AC$8,1,0))) -> 0 | AE503: =IF(D503="","",VLOOKUP(AD503,'PAT-C_Tables'!$A$3:$B$40,2,FALSE))

Sheet PAT-R Comp 1
A1: PAT-R Comprehesion - Test Booklet 1
G3: QUESTION No. and ANSWER KEY (Enter the student's response - "Y" if correct, "N" if incorrect)
E4: Question Number | G4: 1 | H4: 2 | I4: 3 | J4: 4 | K4: 5 | L4: 6 | M4: 7 | N4: 8 | O4: 9 | P4: 10 | Q4: 11 | R4: 12 | S4: 13 | T4: 14 | U4: 15 | V4: 16 | W4: 17 | X4: 18
E5: Item Difficulty | G5: 45.07 | H5: 64.52 | I5: 57.29 | J5: 55.79 | K5: 67.12 | L5: 71.05 | M5: 73.42 | N5: 87.42 | O5: 88.95 | P5: 74.76 | Q5: 73.53 | R5: 79.53 | S5: 96.06 | T5: 75.56 | U5: 90.69 | V5: 91.14 | W5: 82.23 | X5: 91.8
E6: Skill Assessed | G6: RI | H6: RI | I6: RI | J6: IE | K6: RI | L6: IE | M6: PR | N6: PR | O6: PR | P6: PR | Q6: CL | R6: CL | S6: CL | T6: CL | U6: CL | V6: CL | W6: CL | X6: CL
A7: required | B7: required | C7: optional | D7: required | E7: required | F7: required
A8: Date (dd/mm/yy) | B8: Yr_Lev | C8: HG | D8: Surname | E8: First_Name | F8: Student_ID | G8: Y | H8: Y | I8: Y | J8: Y | K8: Y | L8: Y | M8: Y | N8: Y | O8: Y | P8: Y | Q8: Y | R8: Y | S8: Y | T8: Y | U8: Y | V8: Y | W8: Y | X8: Y | Y8: Raw Score | Z8: PAT Score
A9: 45356 | B9: 3 | C9: 3A | D9: Lname1 | E9: Fname1 | F9: XXXXX1 | Y9: =IF(D9="",0,(IF(G9=$G$8,1,0)+IF(H9=$H$8,1,0)+IF(I9=$I$8,1,0)+IF(J9=$J$8,1,0)+IF(K9=$K$8,1,0)+IF(L9=$L$8,1,0)+IF(M9=$M$8,1,0)+IF(N9=$N$8,1,0)+IF(O9=$O$8,1,0)+IF(P9=$P$8,1,0)+IF(Q9=$Q$8,1,0)+IF(R9=$R$8,1,0)+IF(S9=$S$8,1,0)+IF(T9=$T$8,1,0)+IF(U9=$U$8,1,0)+IF(V9=$V$8,1,0)+IF(W9=$W$8,1,0)+IF(X9=$X$8,1,0))) -> 0 | Z9: =IF(D9="","",VLOOKUP(Y9,'PAT-C_Tables'!$C$3:$D$40,2,FALSE)) -> 27
A10: 45356 | B10: 3 | C10: 3A | D10: Lname2 | E10: Fname2 | F10: XXXXX2 | Y10: =IF(D10="",0,(IF(G10=$G$8,1,0)+IF(H10=$H$8,1,0)+IF(I10=$I$8,1,0)+IF(J10=$J$8,1,0)+IF(K10=$K$8,1,0)+IF(L10=$L$8,1,0)+IF(M10=$M$8,1,0)+IF(N10=$N$8,1,0)+IF(O10=$O$8,1,0)+IF(P10=$P$8,1,0)+IF(Q10=$Q$8,1,0)+IF(R10=$R$8,1,0)+IF(S10=$S$8,1,0)+IF(T10=$T$8,1,0)+IF(U10=$U$8,1,0)+IF(V10=$V$8,1,0)+IF(W10=$W$8,1,0)+IF(X10=$X$8,1,0))) -> 0 | Z10: =IF(D10="","",VLOOKUP(Y10,'PAT-C_Tables'!$C$3:$D$40,2,FALSE)) -> 27
A11: 45356 | B11: 3 | C11: 3A | D11: Lname3 | E11: Fname3 | F11: XXXXX3 | Y11: =IF(D11="",0,(IF(G11=$G$8,1,0)+IF(H11=$H$8,1,0)+IF(I11=$I$8,1,0)+IF(J11=$J$8,1,0)+IF(K11=$K$8,1,0)+IF(L11=$L$8,1,0)+IF(M11=$M$8,1,0)+IF(N11=$N$8,1,0)+IF(O11=$O$8,1,0)+IF(P11=$P$8,1,0)+IF(Q11=$Q$8,1,0)+IF(R11=$R$8,1,0)+IF(S11=$S$8,1,0)+IF(T11=$T$8,1,0)+IF(U11=$U$8,1,0)+IF(V11=$V$8,1,0)+IF(W11=$W$8,1,0)+IF(X11=$X$8,1,0))) -> 0 | Z11: =IF(D11="","",VLOOKUP(Y11,'PAT-C_Tables'!$C$3:$D$40,2,FALSE)) -> 27
A12: 45356 | B12: 3 | C12: 3A | D12: Lname4 | E12: Fname4 | F12: XXXXX4 | Y12: =IF(D12="",0,(IF(G12=$G$8,1,0)+IF(H12=$H$8,1,0)+IF(I12=$I$8,1,0)+IF(J12=$J$8,1,0)+IF(K12=$K$8,1,0)+IF(L12=$L$8,1,0)+IF(M12=$M$8,1,0)+IF(N12=$N$8,1,0)+IF(O12=$O$8,1,0)+IF(P12=$P$8,1,0)+IF(Q12=$Q$8,1,0)+IF(R12=$R$8,1,0)+IF(S12=$S$8,1,0)+IF(T12=$T$8,1,0)+IF(U12=$U$8,1,0)+IF(V12=$V$8,1,0)+IF(W12=$W$8,1,0)+IF(X12=$X$8,1,0))) -> 0 | Z12: =IF(D12="","",VLOOKUP(Y12,'PAT-C_Tables'!$C$3:$D$40,2,FALSE)) -> 27
A13: 45356 | B13: 3 | C13: 3B | D13: ULname13 | E13: UFname13 | F13: UNLISTED | Y13: =IF(D13="",0,(IF(G13=$G$8,1,0)+IF(H13=$H$8,1,0)+IF(I13=$I$8,1,0)+IF(J13=$J$8,1,0)+IF(K13=$K$8,1,0)+IF(L13=$L$8,1,0)+IF(M13=$M$8,1,0)+IF(N13=$N$8,1,0)+IF(O13=$O$8,1,0)+IF(P13=$P$8,1,0)+IF(Q13=$Q$8,1,0)+IF(R13=$R$8,1,0)+IF(S13=$S$8,1,0)+IF(T13=$T$8,1,0)+IF(U13=$U$8,1,0)+IF(V13=$V$8,1,0)+IF(W13=$W$8,1,0)+IF(X13=$X$8,1,0))) -> 0 | Z13: =IF(D13="","",VLOOKUP(Y13,'PAT-C_Tables'!$C$3:$D$40,2,FALSE)) -> 27
A14: 45356 | B14: 3 | C14: 3A | D14: Lname5 | E14: Fname5 | F14: XXXXX5 | Y14: =IF(D14="",0,(IF(G14=$G$8,1,0)+IF(H14=$H$8,1,0)+IF(I14=$I$8,1,0)+IF(J14=$J$8,1,0)+IF(K14=$K$8,1,0)+IF(L14=$L$8,1,0)+IF(M14=$M$8,1,0)+IF(N14=$N$8,1,0)+IF(O14=$O$8,1,0)+IF(P14=$P$8,1,0)+IF(Q14=$Q$8,1,0)+IF(R14=$R$8,1,0)+IF(S14=$S$8,1,0)+IF(T14=$T$8,1,0)+IF(U14=$U$8,1,0)+IF(V14=$V$8,1,0)+IF(W14=$W$8,1,0)+IF(X14=$X$8,1,0))) -> 0 | Z14: =IF(D14="","",VLOOKUP(Y14,'PAT-C_Tables'!$C$3:$D$40,2,FALSE)) -> 27
A15: 45356 | B15: 3 | C15: 3B | D15: Lname6 | E15: Fname6 | F15: XXXXX6 | Y15: =IF(D15="",0,(IF(G15=$G$8,1,0)+IF(H15=$H$8,1,0)+IF(I15=$I$8,1,0)+IF(J15=$J$8,1,0)+IF(K15=$K$8,1,0)+IF(L15=$L$8,1,0)+IF(M15=$M$8,1,0)+IF(N15=$N$8,1,0)+IF(O15=$O$8,1,0)+IF(P15=$P$8,1,0)+IF(Q15=$Q$8,1,0)+IF(R15=$R$8,1,0)+IF(S15=$S$8,1,0)+IF(T15=$T$8,1,0)+IF(U15=$U$8,1,0)+IF(V15=$V$8,1,0)+IF(W15=$W$8,1,0)+IF(X15=$X$8,1,0))) -> 0 | Z15: =IF(D15="","",VLOOKUP(Y15,'PAT-C_Tables'!$C$3:$D$40,2,FALSE)) -> 27
A16: 45356 | B16: 3 | C16: 3B | D16: Lname7 | E16: Fname7 | F16: XXXXX7 | Y16: =IF(D16="",0,(IF(G16=$G$8,1,0)+IF(H16=$H$8,1,0)+IF(I16=$I$8,1,0)+IF(J16=$J$8,1,0)+IF(K16=$K$8,1,0)+IF(L16=$L$8,1,0)+IF(M16=$M$8,1,0)+IF(N16=$N$8,1,0)+IF(O16=$O$8,1,0)+IF(P16=$P$8,1,0)+IF(Q16=$Q$8,1,0)+IF(R16=$R$8,1,0)+IF(S16=$S$8,1,0)+IF(T16=$T$8,1,0)+IF(U16=$U$8,1,0)+IF(V16=$V$8,1,0)+IF(W16=$W$8,1,0)+IF(X16=$X$8,1,0))) -> 0 | Z16: =IF(D16="","",VLOOKUP(Y16,'PAT-C_Tables'!$C$3:$D$40,2,FALSE)) -> 27
A17: 45356 | B17: 3 | C17: 3B | D17: Lname8 | E17: Fname8 | F17: XXXXX8 | Y17: =IF(D17="",0,(IF(G17=$G$8,1,0)+IF(H17=$H$8,1,0)+IF(I17=$I$8,1,0)+IF(J17=$J$8,1,0)+IF(K17=$K$8,1,0)+IF(L17=$L$8,1,0)+IF(M17=$M$8,1,0)+IF(N17=$N$8,1,0)+IF(O17=$O$8,1,0)+IF(P17=$P$8,1,0)+IF(Q17=$Q$8,1,0)+IF(R17=$R$8,1,0)+IF(S17=$S$8,1,0)+IF(T17=$T$8,1,0)+IF(U17=$U$8,1,0)+IF(V17=$V$8,1,0)+IF(W17=$W$8,1,0)+IF(X17=$X$8,1,0))) -> 0 | Z17: =IF(D17="","",VLOOKUP(Y17,'PAT-C_Tables'!$C$3:$D$40,2,FALSE)) -> 27
A18: 45356 | B18: 3 | C18: 3B | D18: Lname9 | E18: Fname9 | F18: XXXXX9 | Y18: =IF(D18="",0,(IF(G18=$G$8,1,0)+IF(H18=$H$8,1,0)+IF(I18=$I$8,1,0)+IF(J18=$J$8,1,0)+IF(K18=$K$8,1,0)+IF(L18=$L$8,1,0)+IF(M18=$M$8,1,0)+IF(N18=$N$8,1,0)+IF(O18=$O$8,1,0)+IF(P18=$P$8,1,0)+IF(Q18=$Q$8,1,0)+IF(R18=$R$8,1,0)+IF(S18=$S$8,1,0)+IF(T18=$T$8,1,0)+IF(U18=$U$8,1,0)+IF(V18=$V$8,1,0)+IF(W18=$W$8,1,0)+IF(X18=$X$8,1,0))) -> 0 | Z18: =IF(D18="","",VLOOKUP(Y18,'PAT-C_Tables'!$C$3:$D$40,2,FALSE)) -> 27
A19: 45356 | B19: 3 | C19: 3B | D19: Lname10 | E19: Fname10 | F19: XXXXX10 | Y19: =IF(D19="",0,(IF(G19=$G$8,1,0)+IF(H19=$H$8,1,0)+IF(I19=$I$8,1,0)+IF(J19=$J$8,1,0)+IF(K19=$K$8,1,0)+IF(L19=$L$8,1,0)+IF(M19=$M$8,1,0)+IF(N19=$N$8,1,0)+IF(O19=$O$8,1,0)+IF(P19=$P$8,1,0)+IF(Q19=$Q$8,1,0)+IF(R19=$R$8,1,0)+IF(S19=$S$8,1,0)+IF(T19=$T$8,1,0)+IF(U19=$U$8,1,0)+IF(V19=$V$8,1,0)+IF(W19=$W$8,1,0)+IF(X19=$X$8,1,0))) -> 0 | Z19: =IF(D19="","",VLOOKUP(Y19,'PAT-C_Tables'!$C$3:$D$40,2,FALSE)) -> 27
Y20: =IF(D20="",0,(IF(G20=$G$8,1,0)+IF(H20=$H$8,1,0)+IF(I20=$I$8,1,0)+IF(J20=$J$8,1,0)+IF(K20=$K$8,1,0)+IF(L20=$L$8,1,0)+IF(M20=$M$8,1,0)+IF(N20=$N$8,1,0)+IF(O20=$O$8,1,0)+IF(P20=$P$8,1,0)+IF(Q20=$Q$8,1,0)+IF(R20=$R$8,1,0)+IF(S20=$S$8,1,0)+IF(T20=$T$8,1,0)+IF(U20=$U$8,1,0)+IF(V20=$V$8,1,0)+IF(W20=$W$8,1,0)+IF(X20=$X$8,1,0))) -> 0 | Z20: =IF(D20="","",VLOOKUP(Y20,'PAT-C_Tables'!$C$3:$D$40,2,FALSE))
Y21: =IF(D21="",0,(IF(G21=$G$8,1,0)+IF(H21=$H$8,1,0)+IF(I21=$I$8,1,0)+IF(J21=$J$8,1,0)+IF(K21=$K$8,1,0)+IF(L21=$L$8,1,0)+IF(M21=$M$8,1,0)+IF(N21=$N$8,1,0)+IF(O21=$O$8,1,0)+IF(P21=$P$8,1,0)+IF(Q21=$Q$8,1,0)+IF(R21=$R$8,1,0)+IF(S21=$S$8,1,0)+IF(T21=$T$8,1,0)+IF(U21=$U$8,1,0)+IF(V21=$V$8,1,0)+IF(W21=$W$8,1,0)+IF(X21=$X$8,1,0))) -> 0 | Z21: =IF(D21="","",VLOOKUP(Y21,'PAT-C_Tables'!$C$3:$D$40,2,FALSE))
Y22: =IF(D22="",0,(IF(G22=$G$8,1,0)+IF(H22=$H$8,1,0)+IF(I22=$I$8,1,0)+IF(J22=$J$8,1,0)+IF(K22=$K$8,1,0)+IF(L22=$L$8,1,0)+IF(M22=$M$8,1,0)+IF(N22=$N$8,1,0)+IF(O22=$O$8,1,0)+IF(P22=$P$8,1,0)+IF(Q22=$Q$8,1,0)+IF(R22=$R$8,1,0)+IF(S22=$S$8,1,0)+IF(T22=$T$8,1,0)+IF(U22=$U$8,1,0)+IF(V22=$V$8,1,0)+IF(W22=$W$8,1,0)+IF(X22=$X$8,1,0))) -> 0 | Z22: =IF(D22="","",VLOOKUP(Y22,'PAT-C_Tables'!$C$3:$D$40,2,FALSE))
Y23: =IF(D23="",0,(IF(G23=$G$8,1,0)+IF(H23=$H$8,1,0)+IF(I23=$I$8,1,0)+IF(J23=$J$8,1,0)+IF(K23=$K$8,1,0)+IF(L23=$L$8,1,0)+IF(M23=$M$8,1,0)+IF(N23=$N$8,1,0)+IF(O23=$O$8,1,0)+IF(P23=$P$8,1,0)+IF(Q23=$Q$8,1,0)+IF(R23=$R$8,1,0)+IF(S23=$S$8,1,0)+IF(T23=$T$8,1,0)+IF(U23=$U$8,1,0)+IF(V23=$V$8,1,0)+IF(W23=$W$8,1,0)+IF(X23=$X$8,1,0))) -> 0 | Z23: =IF(D23="","",VLOOKUP(Y23,'PAT-C_Tables'!$C$3:$D$40,2,FALSE))
Y24: =IF(D24="",0,(IF(G24=$G$8,1,0)+IF(H24=$H$8,1,0)+IF(I24=$I$8,1,0)+IF(J24=$J$8,1,0)+IF(K24=$K$8,1,0)+IF(L24=$L$8,1,0)+IF(M24=$M$8,1,0)+IF(N24=$N$8,1,0)+IF(O24=$O$8,1,0)+IF(P24=$P$8,1,0)+IF(Q24=$Q$8,1,0)+IF(R24=$R$8,1,0)+IF(S24=$S$8,1,0)+IF(T24=$T$8,1,0)+IF(U24=$U$8,1,0)+IF(V24=$V$8,1,0)+IF(W24=$W$8,1,0)+IF(X24=$X$8,1,0))) -> 0 | Z24: =IF(D24="","",VLOOKUP(Y24,'PAT-C_Tables'!$C$3:$D$40,2,FALSE))
Y25: =IF(D25="",0,(IF(G25=$G$8,1,0)+IF(H25=$H$8,1,0)+IF(I25=$I$8,1,0)+IF(J25=$J$8,1,0)+IF(K25=$K$8,1,0)+IF(L25=$L$8,1,0)+IF(M25=$M$8,1,0)+IF(N25=$N$8,1,0)+IF(O25=$O$8,1,0)+IF(P25=$P$8,1,0)+IF(Q25=$Q$8,1,0)+IF(R25=$R$8,1,0)+IF(S25=$S$8,1,0)+IF(T25=$T$8,1,0)+IF(U25=$U$8,1,0)+IF(V25=$V$8,1,0)+IF(W25=$W$8,1,0)+IF(X25=$X$8,1,0))) -> 0 | Z25: =IF(D25="","",VLOOKUP(Y25,'PAT-C_Tables'!$C$3:$D$40,2,FALSE))
Y26: =IF(D26="",0,(IF(G26=$G$8,1,0)+IF(H26=$H$8,1,0)+IF(I26=$I$8,1,0)+IF(J26=$J$8,1,0)+IF(K26=$K$8,1,0)+IF(L26=$L$8,1,0)+IF(M26=$M$8,1,0)+IF(N26=$N$8,1,0)+IF(O26=$O$8,1,0)+IF(P26=$P$8,1,0)+IF(Q26=$Q$8,1,0)+IF(R26=$R$8,1,0)+IF(S26=$S$8,1,0)+IF(T26=$T$8,1,0)+IF(U26=$U$8,1,0)+IF(V26=$V$8,1,0)+IF(W26=$W$8,1,0)+IF(X26=$X$8,1,0))) -> 0 | Z26: =IF(D26="","",VLOOKUP(Y26,'PAT-C_Tables'!$C$3:$D$40,2,FALSE))
Y27: =IF(D27="",0,(IF(G27=$G$8,1,0)+IF(H27=$H$8,1,0)+IF(I27=$I$8,1,0)+IF(J27=$J$8,1,0)+IF(K27=$K$8,1,0)+IF(L27=$L$8,1,0)+IF(M27=$M$8,1,0)+IF(N27=$N$8,1,0)+IF(O27=$O$8,1,0)+IF(P27=$P$8,1,0)+IF(Q27=$Q$8,1,0)+IF(R27=$R$8,1,0)+IF(S27=$S$8,1,0)+IF(T27=$T$8,1,0)+IF(U27=$U$8,1,0)+IF(V27=$V$8,1,0)+IF(W27=$W$8,1,0)+IF(X27=$X$8,1,0))) -> 0 | Z27: =IF(D27="","",VLOOKUP(Y27,'PAT-C_Tables'!$C$3:$D$40,2,FALSE))
Y28: =IF(D28="",0,(IF(G28=$G$8,1,0)+IF(H28=$H$8,1,0)+IF(I28=$I$8,1,0)+IF(J28=$J$8,1,0)+IF(K28=$K$8,1,0)+IF(L28=$L$8,1,0)+IF(M28=$M$8,1,0)+IF(N28=$N$8,1,0)+IF(O28=$O$8,1,0)+IF(P28=$P$8,1,0)+IF(Q28=$Q$8,1,0)+IF(R28=$R$8,1,0)+IF(S28=$S$8,1,0)+IF(T28=$T$8,1,0)+IF(U28=$U$8,1,0)+IF(V28=$V$8,1,0)+IF(W28=$W$8,1,0)+IF(X28=$X$8,1,0))) -> 0 | Z28: =IF(D28="","",VLOOKUP(Y28,'PAT-C_Tables'!$C$3:$D$40,2,FALSE))
Y29: =IF(D29="",0,(IF(G29=$G$8,1,0)+IF(H29=$H$8,1,0)+IF(I29=$I$8,1,0)+IF(J29=$J$8,1,0)+IF(K29=$K$8,1,0)+IF(L29=$L$8,1,0)+IF(M29=$M$8,1,0)+IF(N29=$N$8,1,0)+IF(O29=$O$8,1,0)+IF(P29=$P$8,1,0)+IF(Q29=$Q$8,1,0)+IF(R29=$R$8,1,0)+IF(S29=$S$8,1,0)+IF(T29=$T$8,1,0)+IF(U29=$U$8,1,0)+IF(V29=$V$8,1,0)+IF(W29=$W$8,1,0)+IF(X29=$X$8,1,0))) -> 0 | Z29: =IF(D29="","",VLOOKUP(Y29,'PAT-C_Tables'!$C$3:$D$40,2,FALSE))
Y30: =IF(D30="",0,(IF(G30=$G$8,1,0)+IF(H30=$H$8,1,0)+IF(I30=$I$8,1,0)+IF(J30=$J$8,1,0)+IF(K30=$K$8,1,0)+IF(L30=$L$8,1,0)+IF(M30=$M$8,1,0)+IF(N30=$N$8,1,0)+IF(O30=$O$8,1,0)+IF(P30=$P$8,1,0)+IF(Q30=$Q$8,1,0)+IF(R30=$R$8,1,0)+IF(S30=$S$8,1,0)+IF(T30=$T$8,1,0)+IF(U30=$U$8,1,0)+IF(V30=$V$8,1,0)+IF(W30=$W$8,1,0)+IF(X30=$X$8,1,0))) -> 0 | Z30: =IF(D30="","",VLOOKUP(Y30,'PAT-C_Tables'!$C$3:$D$40,2,FALSE))
Y31: =IF(D31="",0,(IF(G31=$G$8,1,0)+IF(H31=$H$8,1,0)+IF(I31=$I$8,1,0)+IF(J31=$J$8,1,0)+IF(K31=$K$8,1,0)+IF(L31=$L$8,1,0)+IF(M31=$M$8,1,0)+IF(N31=$N$8,1,0)+IF(O31=$O$8,1,0)+IF(P31=$P$8,1,0)+IF(Q31=$Q$8,1,0)+IF(R31=$R$8,1,0)+IF(S31=$S$8,1,0)+IF(T31=$T$8,1,0)+IF(U31=$U$8,1,0)+IF(V31=$V$8,1,0)+IF(W31=$W$8,1,0)+IF(X31=$X$8,1,0))) -> 0 | Z31: =IF(D31="","",VLOOKUP(Y31,'PAT-C_Tables'!$C$3:$D$40,2,FALSE))
... Y501: =IF(D501="",0,(IF(G501=$G$8,1,0)+IF(H501=$H$8,1,0)+IF(I501=$I$8,1,0)+IF(J501=$J$8,1,0)+IF(K501=$K$8,1,0)+IF(L501=$L$8,1,0)+IF(M501=$M$8,1,0)+IF(N501=$N$8,1,0)+IF(O501=$O$8,1,0)+IF(P501=$P$8,1,0)+IF(Q501=$Q$8,1,0)+IF(R501=$R$8,1,0)+IF(S501=$S$8,1,0)+IF(T501=$T$8,1,0)+IF(U501=$U$8,1,0)+IF(V501=$V$8,1,0)+IF(W501=$W$8,1,0)+IF(X501=$X$8,1,0))) -> 0 | Z501: =IF(D501="","",VLOOKUP(Y501,'PAT-C_Tables'!$C$3:$D$40,2,FALSE))

Sheet PAT-R Comp 2
A1: PAT-R Comprehesion - Test Booklet 2
G3: QUESTION No. and ANSWER KEY (Enter the student's response - "A" or "B" or "C" or "D")
E4: Question Number | G4: 1 | H4: 2 | I4: 3 | J4: 4 | K4: 5 | L4: 6 | M4: 7 | N4: 8 | O4: 9 | P4: 10 | Q4: 11 | R4: 12 | S4: 13 | T4: 14 | U4: 15 | V4: 16 | W4: 17 | X4: 18 | Y4: 19 | Z4: 20 | AA4: 21 | AB4: 22 | AC4: 23 | AD4: 24 | AE4: 25
E5: Item Difficulty | G5: 74.29 | H5: 82.41 | I5: 84.46 | J5: 95.22 | K5: 87.6 | L5: 89.26 | M5: 86.36 | N5: 94.06 | O5: 96.37 | P5: 95.49 | Q5: 77.82 | R5: 87.88 | S5: 103.06 | T5: 87.25 | U5: 97.12 | V5: 96.21 | W5: 100.58 | X5: 111.97 | Y5: 93.8 | Z5: 88.2 | AA5: 103.11 | AB5: 106.29 | AC5: 95.46 | AD5: 103.19 | AE5: 109.93
E6: Skill Assessed | G6: RI | H6: IE | I6: IE | J6: IE | K6: IE | L6: RI | M6: RI | N6: IE | O6: IE | P6: IE | Q6: RI | R6: IE | S6: RI | T6: IE | U6: RI | V6: IE | W6: IE | X6: RI | Y6: RI | Z6: RI | AA6: II | AB6: IE | AC6: RI | AD6: IE | AE6: RF
A7: required | B7: required | C7: optional | D7: required | E7: required | F7: required
A8: Date (dd/mm/yy) | B8: Yr_Lev | C8: HG | D8: Surname | E8: First_Name | F8: Student_ID | G8: A | H8: A | I8: A | J8: C | K8: D | L8: A | M8: C | N8: C | O8: C | P8: D | Q8: A | R8: B | S8: A | T8: D | U8: D | V8: C | W8: A | X8: A | Y8: C | Z8: B | AA8: D | AB8: D | AC8: C | AD8: C | AE8: B | AF8: Raw Score | AG8: PAT Score
A9: 45356 | B9: 3 | C9: 3A | D9: Lname1 | E9: Fname1 | F9: XXXXX1 | AF9: =IF(D9="",0,(IF(G9=$G$8,1,0)+IF(H9=$H$8,1,0)+IF(I9=$I$8,1,0)+IF(J9=$J$8,1,0)+IF(K9=$K$8,1,0)+IF(L9=$L$8,1,0)+IF(M9=$M$8,1,0)+IF(N9=$N$8,1,0)+IF(O9=$O$8,1,0)+IF(P9=$P$8,1,0)+IF(Q9=$Q$8,1,0)+IF(R9=$R$8,1,0)+IF(S9=$S$8,1,0)+IF(T9=$T$8,1,0)+IF(U9=$U$8,1,0)+IF(V9=$V$8,1,0)+IF(W9=$W$8,1,0)+IF(X9=$X$8,1,0)+IF(Y9=$Y$8,1,0)+IF(Z9=$Z$8,1,0)+IF(AA9=$AA$8,1,0)+IF(AB9=$AB$8,1,0)+IF(AC9=$AC$8,1,0)+IF(AD9=$AD$8,1,0)+IF(AE9=$AE$8,1,0))) -> 0 | AG9: =IF(D9="","",VLOOKUP(AF9,'PAT-C_Tables'!$E$3:$F$40,2,FALSE)) -> 47.8
A10: 45356 | B10: 3 | C10: 3A | D10: Lname2 | E10: Fname2 | F10: XXXXX2 | AF10: =IF(D10="",0,(IF(G10=$G$8,1,0)+IF(H10=$H$8,1,0)+IF(I10=$I$8,1,0)+IF(J10=$J$8,1,0)+IF(K10=$K$8,1,0)+IF(L10=$L$8,1,0)+IF(M10=$M$8,1,0)+IF(N10=$N$8,1,0)+IF(O10=$O$8,1,0)+IF(P10=$P$8,1,0)+IF(Q10=$Q$8,1,0)+IF(R10=$R$8,1,0)+IF(S10=$S$8,1,0)+IF(T10=$T$8,1,0)+IF(U10=$U$8,1,0)+IF(V10=$V$8,1,0)+IF(W10=$W$8,1,0)+IF(X10=$X$8,1,0)+IF(Y10=$Y$8,1,0)+IF(Z10=$Z$8,1,0)+IF(AA10=$AA$8,1,0)+IF(AB10=$AB$8,1,0)+IF(AC10=$AC$8,1,0)+IF(AD10=$AD$8,1,0)+IF(AE10=$AE$8,1,0))) -> 0 | AG10: =IF(D10="","",VLOOKUP(AF10,'PAT-C_Tables'!$E$3:$F$40,2,FALSE)) -> 47.8
A11: 45356 | B11: 3 | C11: 3A | D11: Lname3 | E11: Fname3 | F11: XXXXX3 | AF11: =IF(D11="",0,(IF(G11=$G$8,1,0)+IF(H11=$H$8,1,0)+IF(I11=$I$8,1,0)+IF(J11=$J$8,1,0)+IF(K11=$K$8,1,0)+IF(L11=$L$8,1,0)+IF(M11=$M$8,1,0)+IF(N11=$N$8,1,0)+IF(O11=$O$8,1,0)+IF(P11=$P$8,1,0)+IF(Q11=$Q$8,1,0)+IF(R11=$R$8,1,0)+IF(S11=$S$8,1,0)+IF(T11=$T$8,1,0)+IF(U11=$U$8,1,0)+IF(V11=$V$8,1,0)+IF(W11=$W$8,1,0)+IF(X11=$X$8,1,0)+IF(Y11=$Y$8,1,0)+IF(Z11=$Z$8,1,0)+IF(AA11=$AA$8,1,0)+IF(AB11=$AB$8,1,0)+IF(AC11=$AC$8,1,0)+IF(AD11=$AD$8,1,0)+IF(AE11=$AE$8,1,0))) -> 0 | AG11: =IF(D11="","",VLOOKUP(AF11,'PAT-C_Tables'!$E$3:$F$40,2,FALSE)) -> 47.8
A12: 45356 | B12: 3 | C12: 3A | D12: Lname4 | E12: Fname4 | F12: XXXXX4 | AF12: =IF(D12="",0,(IF(G12=$G$8,1,0)+IF(H12=$H$8,1,0)+IF(I12=$I$8,1,0)+IF(J12=$J$8,1,0)+IF(K12=$K$8,1,0)+IF(L12=$L$8,1,0)+IF(M12=$M$8,1,0)+IF(N12=$N$8,1,0)+IF(O12=$O$8,1,0)+IF(P12=$P$8,1,0)+IF(Q12=$Q$8,1,0)+IF(R12=$R$8,1,0)+IF(S12=$S$8,1,0)+IF(T12=$T$8,1,0)+IF(U12=$U$8,1,0)+IF(V12=$V$8,1,0)+IF(W12=$W$8,1,0)+IF(X12=$X$8,1,0)+IF(Y12=$Y$8,1,0)+IF(Z12=$Z$8,1,0)+IF(AA12=$AA$8,1,0)+IF(AB12=$AB$8,1,0)+IF(AC12=$AC$8,1,0)+IF(AD12=$AD$8,1,0)+IF(AE12=$AE$8,1,0))) -> 0 | AG12: =IF(D12="","",VLOOKUP(AF12,'PAT-C_Tables'!$E$3:$F$40,2,FALSE)) -> 47.8
A13: 45356 | B13: 3 | C13: 3B | D13: ULname13 | E13: UFname13 | F13: UNLISTED | AF13: =IF(D13="",0,(IF(G13=$G$8,1,0)+IF(H13=$H$8,1,0)+IF(I13=$I$8,1,0)+IF(J13=$J$8,1,0)+IF(K13=$K$8,1,0)+IF(L13=$L$8,1,0)+IF(M13=$M$8,1,0)+IF(N13=$N$8,1,0)+IF(O13=$O$8,1,0)+IF(P13=$P$8,1,0)+IF(Q13=$Q$8,1,0)+IF(R13=$R$8,1,0)+IF(S13=$S$8,1,0)+IF(T13=$T$8,1,0)+IF(U13=$U$8,1,0)+IF(V13=$V$8,1,0)+IF(W13=$W$8,1,0)+IF(X13=$X$8,1,0)+IF(Y13=$Y$8,1,0)+IF(Z13=$Z$8,1,0)+IF(AA13=$AA$8,1,0)+IF(AB13=$AB$8,1,0)+IF(AC13=$AC$8,1,0)+IF(AD13=$AD$8,1,0)+IF(AE13=$AE$8,1,0))) -> 0 | AG13: =IF(D13="","",VLOOKUP(AF13,'PAT-C_Tables'!$E$3:$F$40,2,FALSE)) -> 47.8
A14: 45356 | B14: 3 | C14: 3A | D14: Lname5 | E14: Fname5 | F14: XXXXX5 | AF14: =IF(D14="",0,(IF(G14=$G$8,1,0)+IF(H14=$H$8,1,0)+IF(I14=$I$8,1,0)+IF(J14=$J$8,1,0)+IF(K14=$K$8,1,0)+IF(L14=$L$8,1,0)+IF(M14=$M$8,1,0)+IF(N14=$N$8,1,0)+IF(O14=$O$8,1,0)+IF(P14=$P$8,1,0)+IF(Q14=$Q$8,1,0)+IF(R14=$R$8,1,0)+IF(S14=$S$8,1,0)+IF(T14=$T$8,1,0)+IF(U14=$U$8,1,0)+IF(V14=$V$8,1,0)+IF(W14=$W$8,1,0)+IF(X14=$X$8,1,0)+IF(Y14=$Y$8,1,0)+IF(Z14=$Z$8,1,0)+IF(AA14=$AA$8,1,0)+IF(AB14=$AB$8,1,0)+IF(AC14=$AC$8,1,0)+IF(AD14=$AD$8,1,0)+IF(AE14=$AE$8,1,0))) -> 0 | AG14: =IF(D14="","",VLOOKUP(AF14,'PAT-C_Tables'!$E$3:$F$40,2,FALSE)) -> 47.8
A15: 45356 | B15: 3 | C15: 3B | D15: Lname6 | E15: Fname6 | F15: XXXXX6 | AF15: =IF(D15="",0,(IF(G15=$G$8,1,0)+IF(H15=$H$8,1,0)+IF(I15=$I$8,1,0)+IF(J15=$J$8,1,0)+IF(K15=$K$8,1,0)+IF(L15=$L$8,1,0)+IF(M15=$M$8,1,0)+IF(N15=$N$8,1,0)+IF(O15=$O$8,1,0)+IF(P15=$P$8,1,0)+IF(Q15=$Q$8,1,0)+IF(R15=$R$8,1,0)+IF(S15=$S$8,1,0)+IF(T15=$T$8,1,0)+IF(U15=$U$8,1,0)+IF(V15=$V$8,1,0)+IF(W15=$W$8,1,0)+IF(X15=$X$8,1,0)+IF(Y15=$Y$8,1,0)+IF(Z15=$Z$8,1,0)+IF(AA15=$AA$8,1,0)+IF(AB15=$AB$8,1,0)+IF(AC15=$AC$8,1,0)+IF(AD15=$AD$8,1,0)+IF(AE15=$AE$8,1,0))) -> 0 | AG15: =IF(D15="","",VLOOKUP(AF15,'PAT-C_Tables'!$E$3:$F$40,2,FALSE)) -> 47.8
A16: 45356 | B16: 3 | C16: 3B | D16: Lname7 | E16: Fname7 | F16: XXXXX7 | AF16: =IF(D16="",0,(IF(G16=$G$8,1,0)+IF(H16=$H$8,1,0)+IF(I16=$I$8,1,0)+IF(J16=$J$8,1,0)+IF(K16=$K$8,1,0)+IF(L16=$L$8,1,0)+IF(M16=$M$8,1,0)+IF(N16=$N$8,1,0)+IF(O16=$O$8,1,0)+IF(P16=$P$8,1,0)+IF(Q16=$Q$8,1,0)+IF(R16=$R$8,1,0)+IF(S16=$S$8,1,0)+IF(T16=$T$8,1,0)+IF(U16=$U$8,1,0)+IF(V16=$V$8,1,0)+IF(W16=$W$8,1,0)+IF(X16=$X$8,1,0)+IF(Y16=$Y$8,1,0)+IF(Z16=$Z$8,1,0)+IF(AA16=$AA$8,1,0)+IF(AB16=$AB$8,1,0)+IF(AC16=$AC$8,1,0)+IF(AD16=$AD$8,1,0)+IF(AE16=$AE$8,1,0))) -> 0 | AG16: =IF(D16="","",VLOOKUP(AF16,'PAT-C_Tables'!$E$3:$F$40,2,FALSE)) -> 47.8
A17: 45356 | B17: 3 | C17: 3B | D17: Lname8 | E17: Fname8 | F17: XXXXX8 | AF17: =IF(D17="",0,(IF(G17=$G$8,1,0)+IF(H17=$H$8,1,0)+IF(I17=$I$8,1,0)+IF(J17=$J$8,1,0)+IF(K17=$K$8,1,0)+IF(L17=$L$8,1,0)+IF(M17=$M$8,1,0)+IF(N17=$N$8,1,0)+IF(O17=$O$8,1,0)+IF(P17=$P$8,1,0)+IF(Q17=$Q$8,1,0)+IF(R17=$R$8,1,0)+IF(S17=$S$8,1,0)+IF(T17=$T$8,1,0)+IF(U17=$U$8,1,0)+IF(V17=$V$8,1,0)+IF(W17=$W$8,1,0)+IF(X17=$X$8,1,0)+IF(Y17=$Y$8,1,0)+IF(Z17=$Z$8,1,0)+IF(AA17=$AA$8,1,0)+IF(AB17=$AB$8,1,0)+IF(AC17=$AC$8,1,0)+IF(AD17=$AD$8,1,0)+IF(AE17=$AE$8,1,0))) -> 0 | AG17: =IF(D17="","",VLOOKUP(AF17,'PAT-C_Tables'!$E$3:$F$40,2,FALSE)) -> 47.8
A18: 45356 | B18: 3 | C18: 3B | D18: Lname9 | E18: Fname9 | F18: XXXXX9 | AF18: =IF(D18="",0,(IF(G18=$G$8,1,0)+IF(H18=$H$8,1,0)+IF(I18=$I$8,1,0)+IF(J18=$J$8,1,0)+IF(K18=$K$8,1,0)+IF(L18=$L$8,1,0)+IF(M18=$M$8,1,0)+IF(N18=$N$8,1,0)+IF(O18=$O$8,1,0)+IF(P18=$P$8,1,0)+IF(Q18=$Q$8,1,0)+IF(R18=$R$8,1,0)+IF(S18=$S$8,1,0)+IF(T18=$T$8,1,0)+IF(U18=$U$8,1,0)+IF(V18=$V$8,1,0)+IF(W18=$W$8,1,0)+IF(X18=$X$8,1,0)+IF(Y18=$Y$8,1,0)+IF(Z18=$Z$8,1,0)+IF(AA18=$AA$8,1,0)+IF(AB18=$AB$8,1,0)+IF(AC18=$AC$8,1,0)+IF(AD18=$AD$8,1,0)+IF(AE18=$AE$8,1,0))) -> 0 | AG18: =IF(D18="","",VLOOKUP(AF18,'PAT-C_Tables'!$E$3:$F$40,2,FALSE)) -> 47.8
A19: 45356 | B19: 3 | C19: 3B | D19: Lname10 | E19: Fname10 | F19: XXXXX10 | AF19: =IF(D19="",0,(IF(G19=$G$8,1,0)+IF(H19=$H$8,1,0)+IF(I19=$I$8,1,0)+IF(J19=$J$8,1,0)+IF(K19=$K$8,1,0)+IF(L19=$L$8,1,0)+IF(M19=$M$8,1,0)+IF(N19=$N$8,1,0)+IF(O19=$O$8,1,0)+IF(P19=$P$8,1,0)+IF(Q19=$Q$8,1,0)+IF(R19=$R$8,1,0)+IF(S19=$S$8,1,0)+IF(T19=$T$8,1,0)+IF(U19=$U$8,1,0)+IF(V19=$V$8,1,0)+IF(W19=$W$8,1,0)+IF(X19=$X$8,1,0)+IF(Y19=$Y$8,1,0)+IF(Z19=$Z$8,1,0)+IF(AA19=$AA$8,1,0)+IF(AB19=$AB$8,1,0)+IF(AC19=$AC$8,1,0)+IF(AD19=$AD$8,1,0)+IF(AE19=$AE$8,1,0))) -> 0 | AG19: =IF(D19="","",VLOOKUP(AF19,'PAT-C_Tables'!$E$3:$F$40,2,FALSE)) -> 47.8
AF20: =IF(D20="",0,(IF(G20=$G$8,1,0)+IF(H20=$H$8,1,0)+IF(I20=$I$8,1,0)+IF(J20=$J$8,1,0)+IF(K20=$K$8,1,0)+IF(L20=$L$8,1,0)+IF(M20=$M$8,1,0)+IF(N20=$N$8,1,0)+IF(O20=$O$8,1,0)+IF(P20=$P$8,1,0)+IF(Q20=$Q$8,1,0)+IF(R20=$R$8,1,0)+IF(S20=$S$8,1,0)+IF(T20=$T$8,1,0)+IF(U20=$U$8,1,0)+IF(V20=$V$8,1,0)+IF(W20=$W$8,1,0)+IF(X20=$X$8,1,0)+IF(Y20=$Y$8,1,0)+IF(Z20=$Z$8,1,0)+IF(AA20=$AA$8,1,0)+IF(AB20=$AB$8,1,0)+IF(AC20=$AC$8,1,0)+IF(AD20=$AD$8,1,0)+IF(AE20=$AE$8,1,0))) -> 0 | AG20: =IF(D20="","",VLOOKUP(AF20,'PAT-C_Tables'!$E$3:$F$40,2,FALSE))
AF21: =IF(D21="",0,(IF(G21=$G$8,1,0)+IF(H21=$H$8,1,0)+IF(I21=$I$8,1,0)+IF(J21=$J$8,1,0)+IF(K21=$K$8,1,0)+IF(L21=$L$8,1,0)+IF(M21=$M$8,1,0)+IF(N21=$N$8,1,0)+IF(O21=$O$8,1,0)+IF(P21=$P$8,1,0)+IF(Q21=$Q$8,1,0)+IF(R21=$R$8,1,0)+IF(S21=$S$8,1,0)+IF(T21=$T$8,1,0)+IF(U21=$U$8,1,0)+IF(V21=$V$8,1,0)+IF(W21=$W$8,1,0)+IF(X21=$X$8,1,0)+IF(Y21=$Y$8,1,0)+IF(Z21=$Z$8,1,0)+IF(AA21=$AA$8,1,0)+IF(AB21=$AB$8,1,0)+IF(AC21=$AC$8,1,0)+IF(AD21=$AD$8,1,0)+IF(AE21=$AE$8,1,0))) -> 0 | AG21: =IF(D21="","",VLOOKUP(AF21,'PAT-C_Tables'!$E$3:$F$40,2,FALSE))
AF22: =IF(D22="",0,(IF(G22=$G$8,1,0)+IF(H22=$H$8,1,0)+IF(I22=$I$8,1,0)+IF(J22=$J$8,1,0)+IF(K22=$K$8,1,0)+IF(L22=$L$8,1,0)+IF(M22=$M$8,1,0)+IF(N22=$N$8,1,0)+IF(O22=$O$8,1,0)+IF(P22=$P$8,1,0)+IF(Q22=$Q$8,1,0)+IF(R22=$R$8,1,0)+IF(S22=$S$8,1,0)+IF(T22=$T$8,1,0)+IF(U22=$U$8,1,0)+IF(V22=$V$8,1,0)+IF(W22=$W$8,1,0)+IF(X22=$X$8,1,0)+IF(Y22=$Y$8,1,0)+IF(Z22=$Z$8,1,0)+IF(AA22=$AA$8,1,0)+IF(AB22=$AB$8,1,0)+IF(AC22=$AC$8,1,0)+IF(AD22=$AD$8,1,0)+IF(AE22=$AE$8,1,0))) -> 0 | AG22: =IF(D22="","",VLOOKUP(AF22,'PAT-C_Tables'!$E$3:$F$40,2,FALSE))
AF23: =IF(D23="",0,(IF(G23=$G$8,1,0)+IF(H23=$H$8,1,0)+IF(I23=$I$8,1,0)+IF(J23=$J$8,1,0)+IF(K23=$K$8,1,0)+IF(L23=$L$8,1,0)+IF(M23=$M$8,1,0)+IF(N23=$N$8,1,0)+IF(O23=$O$8,1,0)+IF(P23=$P$8,1,0)+IF(Q23=$Q$8,1,0)+IF(R23=$R$8,1,0)+IF(S23=$S$8,1,0)+IF(T23=$T$8,1,0)+IF(U23=$U$8,1,0)+IF(V23=$V$8,1,0)+IF(W23=$W$8,1,0)+IF(X23=$X$8,1,0)+IF(Y23=$Y$8,1,0)+IF(Z23=$Z$8,1,0)+IF(AA23=$AA$8,1,0)+IF(AB23=$AB$8,1,0)+IF(AC23=$AC$8,1,0)+IF(AD23=$AD$8,1,0)+IF(AE23=$AE$8,1,0))) -> 0 | AG23: =IF(D23="","",VLOOKUP(AF23,'PAT-C_Tables'!$E$3:$F$40,2,FALSE))
AF24: =IF(D24="",0,(IF(G24=$G$8,1,0)+IF(H24=$H$8,1,0)+IF(I24=$I$8,1,0)+IF(J24=$J$8,1,0)+IF(K24=$K$8,1,0)+IF(L24=$L$8,1,0)+IF(M24=$M$8,1,0)+IF(N24=$N$8,1,0)+IF(O24=$O$8,1,0)+IF(P24=$P$8,1,0)+IF(Q24=$Q$8,1,0)+IF(R24=$R$8,1,0)+IF(S24=$S$8,1,0)+IF(T24=$T$8,1,0)+IF(U24=$U$8,1,0)+IF(V24=$V$8,1,0)+IF(W24=$W$8,1,0)+IF(X24=$X$8,1,0)+IF(Y24=$Y$8,1,0)+IF(Z24=$Z$8,1,0)+IF(AA24=$AA$8,1,0)+IF(AB24=$AB$8,1,0)+IF(AC24=$AC$8,1,0)+IF(AD24=$AD$8,1,0)+IF(AE24=$AE$8,1,0))) -> 0 | AG24: =IF(D24="","",VLOOKUP(AF24,'PAT-C_Tables'!$E$3:$F$40,2,FALSE))
AF25: =IF(D25="",0,(IF(G25=$G$8,1,0)+IF(H25=$H$8,1,0)+IF(I25=$I$8,1,0)+IF(J25=$J$8,1,0)+IF(K25=$K$8,1,0)+IF(L25=$L$8,1,0)+IF(M25=$M$8,1,0)+IF(N25=$N$8,1,0)+IF(O25=$O$8,1,0)+IF(P25=$P$8,1,0)+IF(Q25=$Q$8,1,0)+IF(R25=$R$8,1,0)+IF(S25=$S$8,1,0)+IF(T25=$T$8,1,0)+IF(U25=$U$8,1,0)+IF(V25=$V$8,1,0)+IF(W25=$W$8,1,0)+IF(X25=$X$8,1,0)+IF(Y25=$Y$8,1,0)+IF(Z25=$Z$8,1,0)+IF(AA25=$AA$8,1,0)+IF(AB25=$AB$8,1,0)+IF(AC25=$AC$8,1,0)+IF(AD25=$AD$8,1,0)+IF(AE25=$AE$8,1,0))) -> 0 | AG25: =IF(D25="","",VLOOKUP(AF25,'PAT-C_Tables'!$E$3:$F$40,2,FALSE))
AF26: =IF(D26="",0,(IF(G26=$G$8,1,0)+IF(H26=$H$8,1,0)+IF(I26=$I$8,1,0)+IF(J26=$J$8,1,0)+IF(K26=$K$8,1,0)+IF(L26=$L$8,1,0)+IF(M26=$M$8,1,0)+IF(N26=$N$8,1,0)+IF(O26=$O$8,1,0)+IF(P26=$P$8,1,0)+IF(Q26=$Q$8,1,0)+IF(R26=$R$8,1,0)+IF(S26=$S$8,1,0)+IF(T26=$T$8,1,0)+IF(U26=$U$8,1,0)+IF(V26=$V$8,1,0)+IF(W26=$W$8,1,0)+IF(X26=$X$8,1,0)+IF(Y26=$Y$8,1,0)+IF(Z26=$Z$8,1,0)+IF(AA26=$AA$8,1,0)+IF(AB26=$AB$8,1,0)+IF(AC26=$AC$8,1,0)+IF(AD26=$AD$8,1,0)+IF(AE26=$AE$8,1,0))) -> 0 | AG26: =IF(D26="","",VLOOKUP(AF26,'PAT-C_Tables'!$E$3:$F$40,2,FALSE))
AF27: =IF(D27="",0,(IF(G27=$G$8,1,0)+IF(H27=$H$8,1,0)+IF(I27=$I$8,1,0)+IF(J27=$J$8,1,0)+IF(K27=$K$8,1,0)+IF(L27=$L$8,1,0)+IF(M27=$M$8,1,0)+IF(N27=$N$8,1,0)+IF(O27=$O$8,1,0)+IF(P27=$P$8,1,0)+IF(Q27=$Q$8,1,0)+IF(R27=$R$8,1,0)+IF(S27=$S$8,1,0)+IF(T27=$T$8,1,0)+IF(U27=$U$8,1,0)+IF(V27=$V$8,1,0)+IF(W27=$W$8,1,0)+IF(X27=$X$8,1,0)+IF(Y27=$Y$8,1,0)+IF(Z27=$Z$8,1,0)+IF(AA27=$AA$8,1,0)+IF(AB27=$AB$8,1,0)+IF(AC27=$AC$8,1,0)+IF(AD27=$AD$8,1,0)+IF(AE27=$AE$8,1,0))) -> 0 | AG27: =IF(D27="","",VLOOKUP(AF27,'PAT-C_Tables'!$E$3:$F$40,2,FALSE))
AF28: =IF(D28="",0,(IF(G28=$G$8,1,0)+IF(H28=$H$8,1,0)+IF(I28=$I$8,1,0)+IF(J28=$J$8,1,0)+IF(K28=$K$8,1,0)+IF(L28=$L$8,1,0)+IF(M28=$M$8,1,0)+IF(N28=$N$8,1,0)+IF(O28=$O$8,1,0)+IF(P28=$P$8,1,0)+IF(Q28=$Q$8,1,0)+IF(R28=$R$8,1,0)+IF(S28=$S$8,1,0)+IF(T28=$T$8,1,0)+IF(U28=$U$8,1,0)+IF(V28=$V$8,1,0)+IF(W28=$W$8,1,0)+IF(X28=$X$8,1,0)+IF(Y28=$Y$8,1,0)+IF(Z28=$Z$8,1,0)+IF(AA28=$AA$8,1,0)+IF(AB28=$AB$8,1,0)+IF(AC28=$AC$8,1,0)+IF(AD28=$AD$8,1,0)+IF(AE28=$AE$8,1,0))) -> 0 | AG28: =IF(D28="","",VLOOKUP(AF28,'PAT-C_Tables'!$E$3:$F$40,2,FALSE))
AF29: =IF(D29="",0,(IF(G29=$G$8,1,0)+IF(H29=$H$8,1,0)+IF(I29=$I$8,1,0)+IF(J29=$J$8,1,0)+IF(K29=$K$8,1,0)+IF(L29=$L$8,1,0)+IF(M29=$M$8,1,0)+IF(N29=$N$8,1,0)+IF(O29=$O$8,1,0)+IF(P29=$P$8,1,0)+IF(Q29=$Q$8,1,0)+IF(R29=$R$8,1,0)+IF(S29=$S$8,1,0)+IF(T29=$T$8,1,0)+IF(U29=$U$8,1,0)+IF(V29=$V$8,1,0)+IF(W29=$W$8,1,0)+IF(X29=$X$8,1,0)+IF(Y29=$Y$8,1,0)+IF(Z29=$Z$8,1,0)+IF(AA29=$AA$8,1,0)+IF(AB29=$AB$8,1,0)+IF(AC29=$AC$8,1,0)+IF(AD29=$AD$8,1,0)+IF(AE29=$AE$8,1,0))) -> 0 | AG29: =IF(D29="","",VLOOKUP(AF29,'PAT-C_Tables'!$E$3:$F$40,2,FALSE))
AF30: =IF(D30="",0,(IF(G30=$G$8,1,0)+IF(H30=$H$8,1,0)+IF(I30=$I$8,1,0)+IF(J30=$J$8,1,0)+IF(K30=$K$8,1,0)+IF(L30=$L$8,1,0)+IF(M30=$M$8,1,0)+IF(N30=$N$8,1,0)+IF(O30=$O$8,1,0)+IF(P30=$P$8,1,0)+IF(Q30=$Q$8,1,0)+IF(R30=$R$8,1,0)+IF(S30=$S$8,1,0)+IF(T30=$T$8,1,0)+IF(U30=$U$8,1,0)+IF(V30=$V$8,1,0)+IF(W30=$W$8,1,0)+IF(X30=$X$8,1,0)+IF(Y30=$Y$8,1,0)+IF(Z30=$Z$8,1,0)+IF(AA30=$AA$8,1,0)+IF(AB30=$AB$8,1,0)+IF(AC30=$AC$8,1,0)+IF(AD30=$AD$8,1,0)+IF(AE30=$AE$8,1,0))) -> 0 | AG30: =IF(D30="","",VLOOKUP(AF30,'PAT-C_Tables'!$E$3:$F$40,2,FALSE))
AF31: =IF(D31="",0,(IF(G31=$G$8,1,0)+IF(H31=$H$8,1,0)+IF(I31=$I$8,1,0)+IF(J31=$J$8,1,0)+IF(K31=$K$8,1,0)+IF(L31=$L$8,1,0)+IF(M31=$M$8,1,0)+IF(N31=$N$8,1,0)+IF(O31=$O$8,1,0)+IF(P31=$P$8,1,0)+IF(Q31=$Q$8,1,0)+IF(R31=$R$8,1,0)+IF(S31=$S$8,1,0)+IF(T31=$T$8,1,0)+IF(U31=$U$8,1,0)+IF(V31=$V$8,1,0)+IF(W31=$W$8,1,0)+IF(X31=$X$8,1,0)+IF(Y31=$Y$8,1,0)+IF(Z31=$Z$8,1,0)+IF(AA31=$AA$8,1,0)+IF(AB31=$AB$8,1,0)+IF(AC31=$AC$8,1,0)+IF(AD31=$AD$8,1,0)+IF(AE31=$AE$8,1,0))) -> 0 | AG31: =IF(D31="","",VLOOKUP(AF31,'PAT-C_Tables'!$E$3:$F$40,2,FALSE))
... AF486: =IF(D486="",0,(IF(G486=$G$8,1,0)+IF(H486=$H$8,1,0)+IF(I486=$I$8,1,0)+IF(J486=$J$8,1,0)+IF(K486=$K$8,1,0)+IF(L486=$L$8,1,0)+IF(M486=$M$8,1,0)+IF(N486=$N$8,1,0)+IF(O486=$O$8,1,0)+IF(P486=$P$8,1,0)+IF(Q486=$Q$8,1,0)+IF(R486=$R$8,1,0)+IF(S486=$S$8,1,0)+IF(T486=$T$8,1,0)+IF(U486=$U$8,1,0)+IF(V486=$V$8,1,0)+IF(W486=$W$8,1,0)+IF(X486=$X$8,1,0)+IF(Y486=$Y$8,1,0)+IF(Z486=$Z$8,1,0)+IF(AA486=$AA$8,1,0)+IF(AB486=$AB$8,1,0)+IF(AC486=$AC$8,1,0)+IF(AD486=$AD$8,1,0)+IF(AE486=$AE$8,1,0))) -> 0 | AG486: =IF(D486="","",VLOOKUP(AF486,'PAT-C_Tables'!$E$3:$F$40,2,FALSE))

Sheet PAT-R Comp 3
A1: PAT-R Comprehesion - Test Booklet 3
G3: QUESTION No. and ANSWER KEY (Enter the student's response - "A" or "B" or "C" or "D")
E4: Question Number | G4: 1 | H4: 2 | I4: 3 | J4: 4 | K4: 5 | L4: 6 | M4: 7 | N4: 8 | O4: 9 | P4: 10 | Q4: 11 | R4: 12 | S4: 13 | T4: 14 | U4: 15 | V4: 16 | W4: 17 | X4: 18 | Y4: 19 | Z4: 20 | AA4: 21 | AB4: 22 | AC4: 23 | AD4: 24 | AE4: 25 | AF4: 26 | AG4: 27 | AH4: 28
E5: Item Difficulty | G5: 80.08 | H5: 92.73 | I5: 86.33 | J5: 85.57 | K5: 88.36 | L5: 86.05 | M5: 93.16 | N5: 95.61 | O5: 95.73 | P5: 104.17 | Q5: 101.99 | R5: 101.57 | S5: 115.71 | T5: 103.4 | U5: 115.61 | V5: 101.05 | W5: 104.6 | X5: 108.73 | Y5: 105.77 | Z5: 99.35 | AA5: 97.46 | AB5: 105.73 | AC5: 98.61 | AD5: 108.67 | AE5: 112.83 | AF5: 123.86 | AG5: 112.36 | AH5: 108.55
E6: Skill Assessed | G6: IE | H6: RI | I6: RI | J6: II | K6: II | L6: RI | M6: RI | N6: RI | O6: II | P6: IE | Q6: IE | R6: IE | S6: II | T6: IE | U6: II | V6: II | W6: II | X6: RI | Y6: II | Z6: IE | AA6: II | AB6: IE | AC6: RF | AD6: II | AE6: IE | AF6: RF | AG6: RI | AH6: II
A7: required | B7: required | C7: optional | D7: required | E7: required | F7: required
A8: Date (dd/mm/yy) | B8: Yr_Lev | C8: HG | D8: Surname | E8: First_Name | F8: Student_ID | G8: D | H8: D | I8: B | J8: D | K8: D | L8: A | M8: C | N8: C | O8: B | P8: C | Q8: C | R8: A | S8: B | T8: D | U8: C | V8: B | W8: D | X8: C | Y8: A | Z8: B | AA8: B | AB8: C | AC8: B | AD8: D | AE8: D | AF8: D | AG8: B | AH8: B | AI8: Raw Score | AJ8: PAT Score
A9: 45356 | B9: 3 | C9: 3A | D9: Lname1 | E9: Fname1 | F9: XXXXX1 | AI9: =IF(D9="",0,(IF(G9=$G$8,1,0)+IF(H9=$H$8,1,0)+IF(I9=$I$8,1,0)+IF(J9=$J$8,1,0)+IF(K9=$K$8,1,0)+IF(L9=$L$8,1,0)+IF(M9=$M$8,1,0)+IF(N9=$N$8,1,0)+IF(O9=$O$8,1,0)+IF(P9=$P$8,1,0)+IF(Q9=$Q$8,1,0)+IF(R9=$R$8,1,0)+IF(S9=$S$8,1,0)+IF(T9=$T$8,1,0)+IF(U9=$U$8,1,0)+IF(V9=$V$8,1,0)+IF(W9=$W$8,1,0)+IF(X9=$X$8,1,0)+IF(Y9=$Y$8,1,0)+IF(Z9=$Z$8,1,0)+IF(AA9=$AA$8,1,0)+IF(AB9=$AB$8,1,0)+IF(AC9=$AC$8,1,0)+IF(AD9=$AD$8,1,0)+IF(AE9=$AE$8,1,0)+IF(AF9=$AF$8,1,0)+IF(AG9=$AG$8,1,0)+IF(AH9=$AH$8,1,0))) -> 0 | AJ9: =IF(D9="","",VLOOKUP(AI9,'PAT-C_Tables'!$G$3:$H$40,2,FALSE)) -> 53
A10: 45356 | B10: 3 | C10: 3A | D10: Lname2 | E10: Fname2 | F10: XXXXX2 | AI10: =IF(D10="",0,(IF(G10=$G$8,1,0)+IF(H10=$H$8,1,0)+IF(I10=$I$8,1,0)+IF(J10=$J$8,1,0)+IF(K10=$K$8,1,0)+IF(L10=$L$8,1,0)+IF(M10=$M$8,1,0)+IF(N10=$N$8,1,0)+IF(O10=$O$8,1,0)+IF(P10=$P$8,1,0)+IF(Q10=$Q$8,1,0)+IF(R10=$R$8,1,0)+IF(S10=$S$8,1,0)+IF(T10=$T$8,1,0)+IF(U10=$U$8,1,0)+IF(V10=$V$8,1,0)+IF(W10=$W$8,1,0)+IF(X10=$X$8,1,0)+IF(Y10=$Y$8,1,0)+IF(Z10=$Z$8,1,0)+IF(AA10=$AA$8,1,0)+IF(AB10=$AB$8,1,0)+IF(AC10=$AC$8,1,0)+IF(AD10=$AD$8,1,0)+IF(AE10=$AE$8,1,0)+IF(AF10=$AF$8,1,0)+IF(AG10=$AG$8,1,0)+IF(AH10=$AH$8,1,0))) -> 0 | AJ10: =IF(D10="","",VLOOKUP(AI10,'PAT-C_Tables'!$G$3:$H$40,2,FALSE)) -> 53
A11: 45356 | B11: 3 | C11: 3A | D11: Lname3 | E11: Fname3 | F11: XXXXX3 | AI11: =IF(D11="",0,(IF(G11=$G$8,1,0)+IF(H11=$H$8,1,0)+IF(I11=$I$8,1,0)+IF(J11=$J$8,1,0)+IF(K11=$K$8,1,0)+IF(L11=$L$8,1,0)+IF(M11=$M$8,1,0)+IF(N11=$N$8,1,0)+IF(O11=$O$8,1,0)+IF(P11=$P$8,1,0)+IF(Q11=$Q$8,1,0)+IF(R11=$R$8,1,0)+IF(S11=$S$8,1,0)+IF(T11=$T$8,1,0)+IF(U11=$U$8,1,0)+IF(V11=$V$8,1,0)+IF(W11=$W$8,1,0)+IF(X11=$X$8,1,0)+IF(Y11=$Y$8,1,0)+IF(Z11=$Z$8,1,0)+IF(AA11=$AA$8,1,0)+IF(AB11=$AB$8,1,0)+IF(AC11=$AC$8,1,0)+IF(AD11=$AD$8,1,0)+IF(AE11=$AE$8,1,0)+IF(AF11=$AF$8,1,0)+IF(AG11=$AG$8,1,0)+IF(AH11=$AH$8,1,0))) -> 0 | AJ11: =IF(D11="","",VLOOKUP(AI11,'PAT-C_Tables'!$G$3:$H$40,2,FALSE)) -> 53
A12: 45356 | B12: 3 | C12: 3A | D12: Lname4 | E12: Fname4 | F12: XXXXX4 | AI12: =IF(D12="",0,(IF(G12=$G$8,1,0)+IF(H12=$H$8,1,0)+IF(I12=$I$8,1,0)+IF(J12=$J$8,1,0)+IF(K12=$K$8,1,0)+IF(L12=$L$8,1,0)+IF(M12=$M$8,1,0)+IF(N12=$N$8,1,0)+IF(O12=$O$8,1,0)+IF(P12=$P$8,1,0)+IF(Q12=$Q$8,1,0)+IF(R12=$R$8,1,0)+IF(S12=$S$8,1,0)+IF(T12=$T$8,1,0)+IF(U12=$U$8,1,0)+IF(V12=$V$8,1,0)+IF(W12=$W$8,1,0)+IF(X12=$X$8,1,0)+IF(Y12=$Y$8,1,0)+IF(Z12=$Z$8,1,0)+IF(AA12=$AA$8,1,0)+IF(AB12=$AB$8,1,0)+IF(AC12=$AC$8,1,0)+IF(AD12=$AD$8,1,0)+IF(AE12=$AE$8,1,0)+IF(AF12=$AF$8,1,0)+IF(AG12=$AG$8,1,0)+IF(AH12=$AH$8,1,0))) -> 0 | AJ12: =IF(D12="","",VLOOKUP(AI12,'PAT-C_Tables'!$G$3:$H$40,2,FALSE)) -> 53
A13: 45356 | B13: 3 | C13: 3B | D13: ULname13 | E13: UFname13 | F13: UNLISTED | AI13: =IF(D13="",0,(IF(G13=$G$8,1,0)+IF(H13=$H$8,1,0)+IF(I13=$I$8,1,0)+IF(J13=$J$8,1,0)+IF(K13=$K$8,1,0)+IF(L13=$L$8,1,0)+IF(M13=$M$8,1,0)+IF(N13=$N$8,1,0)+IF(O13=$O$8,1,0)+IF(P13=$P$8,1,0)+IF(Q13=$Q$8,1,0)+IF(R13=$R$8,1,0)+IF(S13=$S$8,1,0)+IF(T13=$T$8,1,0)+IF(U13=$U$8,1,0)+IF(V13=$V$8,1,0)+IF(W13=$W$8,1,0)+IF(X13=$X$8,1,0)+IF(Y13=$Y$8,1,0)+IF(Z13=$Z$8,1,0)+IF(AA13=$AA$8,1,0)+IF(AB13=$AB$8,1,0)+IF(AC13=$AC$8,1,0)+IF(AD13=$AD$8,1,0)+IF(AE13=$AE$8,1,0)+IF(AF13=$AF$8,1,0)+IF(AG13=$AG$8,1,0)+IF(AH13=$AH$8,1,0))) -> 0 | AJ13: =IF(D13="","",VLOOKUP(AI13,'PAT-C_Tables'!$G$3:$H$40,2,FALSE)) -> 53
A14: 45356 | B14: 3 | C14: 3A | D14: Lname5 | E14: Fname5 | F14: XXXXX5 | AI14: =IF(D14="",0,(IF(G14=$G$8,1,0)+IF(H14=$H$8,1,0)+IF(I14=$I$8,1,0)+IF(J14=$J$8,1,0)+IF(K14=$K$8,1,0)+IF(L14=$L$8,1,0)+IF(M14=$M$8,1,0)+IF(N14=$N$8,1,0)+IF(O14=$O$8,1,0)+IF(P14=$P$8,1,0)+IF(Q14=$Q$8,1,0)+IF(R14=$R$8,1,0)+IF(S14=$S$8,1,0)+IF(T14=$T$8,1,0)+IF(U14=$U$8,1,0)+IF(V14=$V$8,1,0)+IF(W14=$W$8,1,0)+IF(X14=$X$8,1,0)+IF(Y14=$Y$8,1,0)+IF(Z14=$Z$8,1,0)+IF(AA14=$AA$8,1,0)+IF(AB14=$AB$8,1,0)+IF(AC14=$AC$8,1,0)+IF(AD14=$AD$8,1,0)+IF(AE14=$AE$8,1,0)+IF(AF14=$AF$8,1,0)+IF(AG14=$AG$8,1,0)+IF(AH14=$AH$8,1,0))) -> 0 | AJ14: =IF(D14="","",VLOOKUP(AI14,'PAT-C_Tables'!$G$3:$H$40,2,FALSE)) -> 53
A15: 45356 | B15: 3 | C15: 3B | D15: Lname6 | E15: Fname6 | F15: XXXXX6 | AI15: =IF(D15="",0,(IF(G15=$G$8,1,0)+IF(H15=$H$8,1,0)+IF(I15=$I$8,1,0)+IF(J15=$J$8,1,0)+IF(K15=$K$8,1,0)+IF(L15=$L$8,1,0)+IF(M15=$M$8,1,0)+IF(N15=$N$8,1,0)+IF(O15=$O$8,1,0)+IF(P15=$P$8,1,0)+IF(Q15=$Q$8,1,0)+IF(R15=$R$8,1,0)+IF(S15=$S$8,1,0)+IF(T15=$T$8,1,0)+IF(U15=$U$8,1,0)+IF(V15=$V$8,1,0)+IF(W15=$W$8,1,0)+IF(X15=$X$8,1,0)+IF(Y15=$Y$8,1,0)+IF(Z15=$Z$8,1,0)+IF(AA15=$AA$8,1,0)+IF(AB15=$AB$8,1,0)+IF(AC15=$AC$8,1,0)+IF(AD15=$AD$8,1,0)+IF(AE15=$AE$8,1,0)+IF(AF15=$AF$8,1,0)+IF(AG15=$AG$8,1,0)+IF(AH15=$AH$8,1,0))) -> 0 | AJ15: =IF(D15="","",VLOOKUP(AI15,'PAT-C_Tables'!$G$3:$H$40,2,FALSE)) -> 53
A16: 45356 | B16: 3 | C16: 3B | D16: Lname7 | E16: Fname7 | F16: XXXXX7 | AI16: =IF(D16="",0,(IF(G16=$G$8,1,0)+IF(H16=$H$8,1,0)+IF(I16=$I$8,1,0)+IF(J16=$J$8,1,0)+IF(K16=$K$8,1,0)+IF(L16=$L$8,1,0)+IF(M16=$M$8,1,0)+IF(N16=$N$8,1,0)+IF(O16=$O$8,1,0)+IF(P16=$P$8,1,0)+IF(Q16=$Q$8,1,0)+IF(R16=$R$8,1,0)+IF(S16=$S$8,1,0)+IF(T16=$T$8,1,0)+IF(U16=$U$8,1,0)+IF(V16=$V$8,1,0)+IF(W16=$W$8,1,0)+IF(X16=$X$8,1,0)+IF(Y16=$Y$8,1,0)+IF(Z16=$Z$8,1,0)+IF(AA16=$AA$8,1,0)+IF(AB16=$AB$8,1,0)+IF(AC16=$AC$8,1,0)+IF(AD16=$AD$8,1,0)+IF(AE16=$AE$8,1,0)+IF(AF16=$AF$8,1,0)+IF(AG16=$AG$8,1,0)+IF(AH16=$AH$8,1,0))) -> 0 | AJ16: =IF(D16="","",VLOOKUP(AI16,'PAT-C_Tables'!$G$3:$H$40,2,FALSE)) -> 53
A17: 45356 | B17: 3 | C17: 3B | D17: Lname8 | E17: Fname8 | F17: XXXXX8 | AI17: =IF(D17="",0,(IF(G17=$G$8,1,0)+IF(H17=$H$8,1,0)+IF(I17=$I$8,1,0)+IF(J17=$J$8,1,0)+IF(K17=$K$8,1,0)+IF(L17=$L$8,1,0)+IF(M17=$M$8,1,0)+IF(N17=$N$8,1,0)+IF(O17=$O$8,1,0)+IF(P17=$P$8,1,0)+IF(Q17=$Q$8,1,0)+IF(R17=$R$8,1,0)+IF(S17=$S$8,1,0)+IF(T17=$T$8,1,0)+IF(U17=$U$8,1,0)+IF(V17=$V$8,1,0)+IF(W17=$W$8,1,0)+IF(X17=$X$8,1,0)+IF(Y17=$Y$8,1,0)+IF(Z17=$Z$8,1,0)+IF(AA17=$AA$8,1,0)+IF(AB17=$AB$8,1,0)+IF(AC17=$AC$8,1,0)+IF(AD17=$AD$8,1,0)+IF(AE17=$AE$8,1,0)+IF(AF17=$AF$8,1,0)+IF(AG17=$AG$8,1,0)+IF(AH17=$AH$8,1,0))) -> 0 | AJ17: =IF(D17="","",VLOOKUP(AI17,'PAT-C_Tables'!$G$3:$H$40,2,FALSE)) -> 53
A18: 45356 | B18: 3 | C18: 3B | D18: Lname9 | E18: Fname9 | F18: XXXXX9 | AI18: =IF(D18="",0,(IF(G18=$G$8,1,0)+IF(H18=$H$8,1,0)+IF(I18=$I$8,1,0)+IF(J18=$J$8,1,0)+IF(K18=$K$8,1,0)+IF(L18=$L$8,1,0)+IF(M18=$M$8,1,0)+IF(N18=$N$8,1,0)+IF(O18=$O$8,1,0)+IF(P18=$P$8,1,0)+IF(Q18=$Q$8,1,0)+IF(R18=$R$8,1,0)+IF(S18=$S$8,1,0)+IF(T18=$T$8,1,0)+IF(U18=$U$8,1,0)+IF(V18=$V$8,1,0)+IF(W18=$W$8,1,0)+IF(X18=$X$8,1,0)+IF(Y18=$Y$8,1,0)+IF(Z18=$Z$8,1,0)+IF(AA18=$AA$8,1,0)+IF(AB18=$AB$8,1,0)+IF(AC18=$AC$8,1,0)+IF(AD18=$AD$8,1,0)+IF(AE18=$AE$8,1,0)+IF(AF18=$AF$8,1,0)+IF(AG18=$AG$8,1,0)+IF(AH18=$AH$8,1,0))) -> 0 | AJ18: =IF(D18="","",VLOOKUP(AI18,'PAT-C_Tables'!$G$3:$H$40,2,FALSE)) -> 53
A19: 45356 | B19: 3 | C19: 3B | D19: Lname10 | E19: Fname10 | F19: XXXXX10 | AI19: =IF(D19="",0,(IF(G19=$G$8,1,0)+IF(H19=$H$8,1,0)+IF(I19=$I$8,1,0)+IF(J19=$J$8,1,0)+IF(K19=$K$8,1,0)+IF(L19=$L$8,1,0)+IF(M19=$M$8,1,0)+IF(N19=$N$8,1,0)+IF(O19=$O$8,1,0)+IF(P19=$P$8,1,0)+IF(Q19=$Q$8,1,0)+IF(R19=$R$8,1,0)+IF(S19=$S$8,1,0)+IF(T19=$T$8,1,0)+IF(U19=$U$8,1,0)+IF(V19=$V$8,1,0)+IF(W19=$W$8,1,0)+IF(X19=$X$8,1,0)+IF(Y19=$Y$8,1,0)+IF(Z19=$Z$8,1,0)+IF(AA19=$AA$8,1,0)+IF(AB19=$AB$8,1,0)+IF(AC19=$AC$8,1,0)+IF(AD19=$AD$8,1,0)+IF(AE19=$AE$8,1,0)+IF(AF19=$AF$8,1,0)+IF(AG19=$AG$8,1,0)+IF(AH19=$AH$8,1,0))) -> 0 | AJ19: =IF(D19="","",VLOOKUP(AI19,'PAT-C_Tables'!$G$3:$H$40,2,FALSE)) -> 53
AI20: =IF(D20="",0,(IF(G20=$G$8,1,0)+IF(H20=$H$8,1,0)+IF(I20=$I$8,1,0)+IF(J20=$J$8,1,0)+IF(K20=$K$8,1,0)+IF(L20=$L$8,1,0)+IF(M20=$M$8,1,0)+IF(N20=$N$8,1,0)+IF(O20=$O$8,1,0)+IF(P20=$P$8,1,0)+IF(Q20=$Q$8,1,0)+IF(R20=$R$8,1,0)+IF(S20=$S$8,1,0)+IF(T20=$T$8,1,0)+IF(U20=$U$8,1,0)+IF(V20=$V$8,1,0)+IF(W20=$W$8,1,0)+IF(X20=$X$8,1,0)+IF(Y20=$Y$8,1,0)+IF(Z20=$Z$8,1,0)+IF(AA20=$AA$8,1,0)+IF(AB20=$AB$8,1,0)+IF(AC20=$AC$8,1,0)+IF(AD20=$AD$8,1,0)+IF(AE20=$AE$8,1,0)+IF(AF20=$AF$8,1,0)+IF(AG20=$AG$8,1,0)+IF(AH20=$AH$8,1,0))) -> 0 | AJ20: =IF(D20="","",VLOOKUP(AI20,'PAT-C_Tables'!$G$3:$H$40,2,FALSE))
AI21: =IF(D21="",0,(IF(G21=$G$8,1,0)+IF(H21=$H$8,1,0)+IF(I21=$I$8,1,0)+IF(J21=$J$8,1,0)+IF(K21=$K$8,1,0)+IF(L21=$L$8,1,0)+IF(M21=$M$8,1,0)+IF(N21=$N$8,1,0)+IF(O21=$O$8,1,0)+IF(P21=$P$8,1,0)+IF(Q21=$Q$8,1,0)+IF(R21=$R$8,1,0)+IF(S21=$S$8,1,0)+IF(T21=$T$8,1,0)+IF(U21=$U$8,1,0)+IF(V21=$V$8,1,0)+IF(W21=$W$8,1,0)+IF(X21=$X$8,1,0)+IF(Y21=$Y$8,1,0)+IF(Z21=$Z$8,1,0)+IF(AA21=$AA$8,1,0)+IF(AB21=$AB$8,1,0)+IF(AC21=$AC$8,1,0)+IF(AD21=$AD$8,1,0)+IF(AE21=$AE$8,1,0)+IF(AF21=$AF$8,1,0)+IF(AG21=$AG$8,1,0)+IF(AH21=$AH$8,1,0))) -> 0 | AJ21: =IF(D21="","",VLOOKUP(AI21,'PAT-C_Tables'!$G$3:$H$40,2,FALSE))
AI22: =IF(D22="",0,(IF(G22=$G$8,1,0)+IF(H22=$H$8,1,0)+IF(I22=$I$8,1,0)+IF(J22=$J$8,1,0)+IF(K22=$K$8,1,0)+IF(L22=$L$8,1,0)+IF(M22=$M$8,1,0)+IF(N22=$N$8,1,0)+IF(O22=$O$8,1,0)+IF(P22=$P$8,1,0)+IF(Q22=$Q$8,1,0)+IF(R22=$R$8,1,0)+IF(S22=$S$8,1,0)+IF(T22=$T$8,1,0)+IF(U22=$U$8,1,0)+IF(V22=$V$8,1,0)+IF(W22=$W$8,1,0)+IF(X22=$X$8,1,0)+IF(Y22=$Y$8,1,0)+IF(Z22=$Z$8,1,0)+IF(AA22=$AA$8,1,0)+IF(AB22=$AB$8,1,0)+IF(AC22=$AC$8,1,0)+IF(AD22=$AD$8,1,0)+IF(AE22=$AE$8,1,0)+IF(AF22=$AF$8,1,0)+IF(AG22=$AG$8,1,0)+IF(AH22=$AH$8,1,0))) -> 0 | AJ22: =IF(D22="","",VLOOKUP(AI22,'PAT-C_Tables'!$G$3:$H$40,2,FALSE))
AI23: =IF(D23="",0,(IF(G23=$G$8,1,0)+IF(H23=$H$8,1,0)+IF(I23=$I$8,1,0)+IF(J23=$J$8,1,0)+IF(K23=$K$8,1,0)+IF(L23=$L$8,1,0)+IF(M23=$M$8,1,0)+IF(N23=$N$8,1,0)+IF(O23=$O$8,1,0)+IF(P23=$P$8,1,0)+IF(Q23=$Q$8,1,0)+IF(R23=$R$8,1,0)+IF(S23=$S$8,1,0)+IF(T23=$T$8,1,0)+IF(U23=$U$8,1,0)+IF(V23=$V$8,1,0)+IF(W23=$W$8,1,0)+IF(X23=$X$8,1,0)+IF(Y23=$Y$8,1,0)+IF(Z23=$Z$8,1,0)+IF(AA23=$AA$8,1,0)+IF(AB23=$AB$8,1,0)+IF(AC23=$AC$8,1,0)+IF(AD23=$AD$8,1,0)+IF(AE23=$AE$8,1,0)+IF(AF23=$AF$8,1,0)+IF(AG23=$AG$8,1,0)+IF(AH23=$AH$8,1,0))) -> 0 | AJ23: =IF(D23="","",VLOOKUP(AI23,'PAT-C_Tables'!$G$3:$H$40,2,FALSE))
AI24: =IF(D24="",0,(IF(G24=$G$8,1,0)+IF(H24=$H$8,1,0)+IF(I24=$I$8,1,0)+IF(J24=$J$8,1,0)+IF(K24=$K$8,1,0)+IF(L24=$L$8,1,0)+IF(M24=$M$8,1,0)+IF(N24=$N$8,1,0)+IF(O24=$O$8,1,0)+IF(P24=$P$8,1,0)+IF(Q24=$Q$8,1,0)+IF(R24=$R$8,1,0)+IF(S24=$S$8,1,0)+IF(T24=$T$8,1,0)+IF(U24=$U$8,1,0)+IF(V24=$V$8,1,0)+IF(W24=$W$8,1,0)+IF(X24=$X$8,1,0)+IF(Y24=$Y$8,1,0)+IF(Z24=$Z$8,1,0)+IF(AA24=$AA$8,1,0)+IF(AB24=$AB$8,1,0)+IF(AC24=$AC$8,1,0)+IF(AD24=$AD$8,1,0)+IF(AE24=$AE$8,1,0)+IF(AF24=$AF$8,1,0)+IF(AG24=$AG$8,1,0)+IF(AH24=$AH$8,1,0))) -> 0 | AJ24: =IF(D24="","",VLOOKUP(AI24,'PAT-C_Tables'!$G$3:$H$40,2,FALSE))
AI25: =IF(D25="",0,(IF(G25=$G$8,1,0)+IF(H25=$H$8,1,0)+IF(I25=$I$8,1,0)+IF(J25=$J$8,1,0)+IF(K25=$K$8,1,0)+IF(L25=$L$8,1,0)+IF(M25=$M$8,1,0)+IF(N25=$N$8,1,0)+IF(O25=$O$8,1,0)+IF(P25=$P$8,1,0)+IF(Q25=$Q$8,1,0)+IF(R25=$R$8,1,0)+IF(S25=$S$8,1,0)+IF(T25=$T$8,1,0)+IF(U25=$U$8,1,0)+IF(V25=$V$8,1,0)+IF(W25=$W$8,1,0)+IF(X25=$X$8,1,0)+IF(Y25=$Y$8,1,0)+IF(Z25=$Z$8,1,0)+IF(AA25=$AA$8,1,0)+IF(AB25=$AB$8,1,0)+IF(AC25=$AC$8,1,0)+IF(AD25=$AD$8,1,0)+IF(AE25=$AE$8,1,0)+IF(AF25=$AF$8,1,0)+IF(AG25=$AG$8,1,0)+IF(AH25=$AH$8,1,0))) -> 0 | AJ25: =IF(D25="","",VLOOKUP(AI25,'PAT-C_Tables'!$G$3:$H$40,2,FALSE))
AI26: =IF(D26="",0,(IF(G26=$G$8,1,0)+IF(H26=$H$8,1,0)+IF(I26=$I$8,1,0)+IF(J26=$J$8,1,0)+IF(K26=$K$8,1,0)+IF(L26=$L$8,1,0)+IF(M26=$M$8,1,0)+IF(N26=$N$8,1,0)+IF(O26=$O$8,1,0)+IF(P26=$P$8,1,0)+IF(Q26=$Q$8,1,0)+IF(R26=$R$8,1,0)+IF(S26=$S$8,1,0)+IF(T26=$T$8,1,0)+IF(U26=$U$8,1,0)+IF(V26=$V$8,1,0)+IF(W26=$W$8,1,0)+IF(X26=$X$8,1,0)+IF(Y26=$Y$8,1,0)+IF(Z26=$Z$8,1,0)+IF(AA26=$AA$8,1,0)+IF(AB26=$AB$8,1,0)+IF(AC26=$AC$8,1,0)+IF(AD26=$AD$8,1,0)+IF(AE26=$AE$8,1,0)+IF(AF26=$AF$8,1,0)+IF(AG26=$AG$8,1,0)+IF(AH26=$AH$8,1,0))) -> 0 | AJ26: =IF(D26="","",VLOOKUP(AI26,'PAT-C_Tables'!$G$3:$H$40,2,FALSE))
AI27: =IF(D27="",0,(IF(G27=$G$8,1,0)+IF(H27=$H$8,1,0)+IF(I27=$I$8,1,0)+IF(J27=$J$8,1,0)+IF(K27=$K$8,1,0)+IF(L27=$L$8,1,0)+IF(M27=$M$8,1,0)+IF(N27=$N$8,1,0)+IF(O27=$O$8,1,0)+IF(P27=$P$8,1,0)+IF(Q27=$Q$8,1,0)+IF(R27=$R$8,1,0)+IF(S27=$S$8,1,0)+IF(T27=$T$8,1,0)+IF(U27=$U$8,1,0)+IF(V27=$V$8,1,0)+IF(W27=$W$8,1,0)+IF(X27=$X$8,1,0)+IF(Y27=$Y$8,1,0)+IF(Z27=$Z$8,1,0)+IF(AA27=$AA$8,1,0)+IF(AB27=$AB$8,1,0)+IF(AC27=$AC$8,1,0)+IF(AD27=$AD$8,1,0)+IF(AE27=$AE$8,1,0)+IF(AF27=$AF$8,1,0)+IF(AG27=$AG$8,1,0)+IF(AH27=$AH$8,1,0))) -> 0 | AJ27: =IF(D27="","",VLOOKUP(AI27,'PAT-C_Tables'!$G$3:$H$40,2,FALSE))
AI28: =IF(D28="",0,(IF(G28=$G$8,1,0)+IF(H28=$H$8,1,0)+IF(I28=$I$8,1,0)+IF(J28=$J$8,1,0)+IF(K28=$K$8,1,0)+IF(L28=$L$8,1,0)+IF(M28=$M$8,1,0)+IF(N28=$N$8,1,0)+IF(O28=$O$8,1,0)+IF(P28=$P$8,1,0)+IF(Q28=$Q$8,1,0)+IF(R28=$R$8,1,0)+IF(S28=$S$8,1,0)+IF(T28=$T$8,1,0)+IF(U28=$U$8,1,0)+IF(V28=$V$8,1,0)+IF(W28=$W$8,1,0)+IF(X28=$X$8,1,0)+IF(Y28=$Y$8,1,0)+IF(Z28=$Z$8,1,0)+IF(AA28=$AA$8,1,0)+IF(AB28=$AB$8,1,0)+IF(AC28=$AC$8,1,0)+IF(AD28=$AD$8,1,0)+IF(AE28=$AE$8,1,0)+IF(AF28=$AF$8,1,0)+IF(AG28=$AG$8,1,0)+IF(AH28=$AH$8,1,0))) -> 0 | AJ28: =IF(D28="","",VLOOKUP(AI28,'PAT-C_Tables'!$G$3:$H$40,2,FALSE))
AI29: =IF(D29="",0,(IF(G29=$G$8,1,0)+IF(H29=$H$8,1,0)+IF(I29=$I$8,1,0)+IF(J29=$J$8,1,0)+IF(K29=$K$8,1,0)+IF(L29=$L$8,1,0)+IF(M29=$M$8,1,0)+IF(N29=$N$8,1,0)+IF(O29=$O$8,1,0)+IF(P29=$P$8,1,0)+IF(Q29=$Q$8,1,0)+IF(R29=$R$8,1,0)+IF(S29=$S$8,1,0)+IF(T29=$T$8,1,0)+IF(U29=$U$8,1,0)+IF(V29=$V$8,1,0)+IF(W29=$W$8,1,0)+IF(X29=$X$8,1,0)+IF(Y29=$Y$8,1,0)+IF(Z29=$Z$8,1,0)+IF(AA29=$AA$8,1,0)+IF(AB29=$AB$8,1,0)+IF(AC29=$AC$8,1,0)+IF(AD29=$AD$8,1,0)+IF(AE29=$AE$8,1,0)+IF(AF29=$AF$8,1,0)+IF(AG29=$AG$8,1,0)+IF(AH29=$AH$8,1,0))) -> 0 | AJ29: =IF(D29="","",VLOOKUP(AI29,'PAT-C_Tables'!$G$3:$H$40,2,FALSE))
AI30: =IF(D30="",0,(IF(G30=$G$8,1,0)+IF(H30=$H$8,1,0)+IF(I30=$I$8,1,0)+IF(J30=$J$8,1,0)+IF(K30=$K$8,1,0)+IF(L30=$L$8,1,0)+IF(M30=$M$8,1,0)+IF(N30=$N$8,1,0)+IF(O30=$O$8,1,0)+IF(P30=$P$8,1,0)+IF(Q30=$Q$8,1,0)+IF(R30=$R$8,1,0)+IF(S30=$S$8,1,0)+IF(T30=$T$8,1,0)+IF(U30=$U$8,1,0)+IF(V30=$V$8,1,0)+IF(W30=$W$8,1,0)+IF(X30=$X$8,1,0)+IF(Y30=$Y$8,1,0)+IF(Z30=$Z$8,1,0)+IF(AA30=$AA$8,1,0)+IF(AB30=$AB$8,1,0)+IF(AC30=$AC$8,1,0)+IF(AD30=$AD$8,1,0)+IF(AE30=$AE$8,1,0)+IF(AF30=$AF$8,1,0)+IF(AG30=$AG$8,1,0)+IF(AH30=$AH$8,1,0))) -> 0 | AJ30: =IF(D30="","",VLOOKUP(AI30,'PAT-C_Tables'!$G$3:$H$40,2,FALSE))
AI31: =IF(D31="",0,(IF(G31=$G$8,1,0)+IF(H31=$H$8,1,0)+IF(I31=$I$8,1,0)+IF(J31=$J$8,1,0)+IF(K31=$K$8,1,0)+IF(L31=$L$8,1,0)+IF(M31=$M$8,1,0)+IF(N31=$N$8,1,0)+IF(O31=$O$8,1,0)+IF(P31=$P$8,1,0)+IF(Q31=$Q$8,1,0)+IF(R31=$R$8,1,0)+IF(S31=$S$8,1,0)+IF(T31=$T$8,1,0)+IF(U31=$U$8,1,0)+IF(V31=$V$8,1,0)+IF(W31=$W$8,1,0)+IF(X31=$X$8,1,0)+IF(Y31=$Y$8,1,0)+IF(Z31=$Z$8,1,0)+IF(AA31=$AA$8,1,0)+IF(AB31=$AB$8,1,0)+IF(AC31=$AC$8,1,0)+IF(AD31=$AD$8,1,0)+IF(AE31=$AE$8,1,0)+IF(AF31=$AF$8,1,0)+IF(AG31=$AG$8,1,0)+IF(AH31=$AH$8,1,0))) -> 0 | AJ31: =IF(D31="","",VLOOKUP(AI31,'PAT-C_Tables'!$G$3:$H$40,2,FALSE))
... AI484: =IF(D484="",0,(IF(G484=$G$8,1,0)+IF(H484=$H$8,1,0)+IF(I484=$I$8,1,0)+IF(J484=$J$8,1,0)+IF(K484=$K$8,1,0)+IF(L484=$L$8,1,0)+IF(M484=$M$8,1,0)+IF(N484=$N$8,1,0)+IF(O484=$O$8,1,0)+IF(P484=$P$8,1,0)+IF(Q484=$Q$8,1,0)+IF(R484=$R$8,1,0)+IF(S484=$S$8,1,0)+IF(T484=$T$8,1,0)+IF(U484=$U$8,1,0)+IF(V484=$V$8,1,0)+IF(W484=$W$8,1,0)+IF(X484=$X$8,1,0)+IF(Y484=$Y$8,1,0)+IF(Z484=$Z$8,1,0)+IF(AA484=$AA$8,1,0)+IF(AB484=$AB$8,1,0)+IF(AC484=$AC$8,1,0)+IF(AD484=$AD$8,1,0)+IF(AE484=$AE$8,1,0)+IF(AF484=$AF$8,1,0)+IF(AG484=$AG$8,1,0)+IF(AH484=$AH$8,1,0))) -> 0 | AJ484: =IF(D484="","",VLOOKUP(AI484,'PAT-C_Tables'!$G$3:$H$40,2,FALSE))

Sheet PAT-R Comp 4
A1: PAT-R Comprehesion - Test Booklet 4
G3: QUESTION No. and ANSWER KEY (Enter the student's response - "A" or "B" or "C" or "D")
E4: Question Number | G4: 1 | H4: 2 | I4: 3 | J4: 4 | K4: 5 | L4: 6 | M4: 7 | N4: 8 | O4: 9 | P4: 10 | Q4: 11 | R4: 12 | S4: 13 | T4: 14 | U4: 15 | V4: 16 | W4: 17 | X4: 18 | Y4: 19 | Z4: 20 | AA4: 21 | AB4: 22 | AC4: 23 | AD4: 24 | AE4: 25 | AF4: 26 | AG4: 27 | AH4: 28 | AI4: 29 | AJ4: 30
E5: Item Difficulty | G5: 94.54 | H5: 90.53 | I5: 91.14 | J5: 87.4 | K5: 92.53 | L5: 90.64 | M5: 99.98 | N5: 93.7 | O5: 105.62 | P5: 110.94 | Q5: 99 | R5: 117.71 | S5: 106.91 | T5: 115.24 | U5: 102.36 | V5: 106.41 | W5: 116.37 | X5: 114.71 | Y5: 123.53 | Z5: 114.12 | AA5: 104.39 | AB5: 113.9 | AC5: 108.77 | AD5: 115.62 | AE5: 106.34 | AF5: 114.8 | AG5: 123.63 | AH5: 132.15 | AI5: 117.84 | AJ5: 119.07
E6: Skill Assessed | G6: RI | H6: RI | I6: II | J6: RI | K6: IE | L6: RF | M6: IE | N6: RF | O6: IE | P6: RI | Q6: RI | R6: IE | S6: IE | T6: II | U6: RI | V6: IE | W6: RF | X6: IE | Y6: II | Z6: IE | AA6: IE | AB6: II | AC6: IE | AD6: II | AE6: II | AF6: IE | AG6: II | AH6: IE | AI6: II | AJ6: II
A7: required | B7: required | C7: optional | D7: required | E7: required | F7: required
A8: Date (dd/mm/yy) | B8: Yr_Lev | C8: HG | D8: Surname | E8: First_Name | F8: Student_ID | G8: A | H8: D | I8: B | J8: A | K8: C | L8: A | M8: D | N8: D | O8: A | P8: B | Q8: D | R8: B | S8: D | T8: D | U8: B | V8: C | W8: B | X8: C | Y8: B | Z8: A | AA8: B | AB8: D | AC8: A | AD8: B | AE8: C | AF8: C | AG8: A | AH8: C | AI8: D | AJ8: D | AK8: Raw Score | AL8: PAT Score
A9: 45356 | B9: 3 | C9: 3A | D9: Lname1 | E9: Fname1 | F9: XXXXX1 | AK9: =IF(D9="",0,(IF(G9=$G$8,1,0)+IF(H9=$H$8,1,0)+IF(I9=$I$8,1,0)+IF(J9=$J$8,1,0)+IF(K9=$K$8,1,0)+IF(L9=$L$8,1,0)+IF(M9=$M$8,1,0)+IF(N9=$N$8,1,0)+IF(O9=$O$8,1,0)+IF(P9=$P$8,1,0)+IF(Q9=$Q$8,1,0)+IF(R9=$R$8,1,0)+IF(S9=$S$8,1,0)+IF(T9=$T$8,1,0)+IF(U9=$U$8,1,0)+IF(V9=$V$8,1,0)+IF(W9=$W$8,1,0)+IF(X9=$X$8,1,0)+IF(Y9=$Y$8,1,0)+IF(Z9=$Z$8,1,0)+IF(AA9=$AA$8,1,0)+IF(AB9=$AB$8,1,0)+IF(AC9=$AC$8,1,0)+IF(AD9=$AD$8,1,0)+IF(AE9=$AE$8,1,0)+IF(AF9=$AF$8,1,0)+IF(AG9=$AG$8,1,0)+IF(AH9=$AH$8,1,0)+IF(AI9=$AI$8,1,0)+IF(AJ9=$AJ$8,1,0))) -> 0 | AL9: =IF(D9="","",VLOOKUP(AK9,'PAT-C_Tables'!$I$3:$J$40,2,FALSE)) -> 58.1
A10: 45356 | B10: 3 | C10: 3A | D10: Lname2 | E10: Fname2 | F10: XXXXX2 | AK10: =IF(D10="",0,(IF(G10=$G$8,1,0)+IF(H10=$H$8,1,0)+IF(I10=$I$8,1,0)+IF(J10=$J$8,1,0)+IF(K10=$K$8,1,0)+IF(L10=$L$8,1,0)+IF(M10=$M$8,1,0)+IF(N10=$N$8,1,0)+IF(O10=$O$8,1,0)+IF(P10=$P$8,1,0)+IF(Q10=$Q$8,1,0)+IF(R10=$R$8,1,0)+IF(S10=$S$8,1,0)+IF(T10=$T$8,1,0)+IF(U10=$U$8,1,0)+IF(V10=$V$8,1,0)+IF(W10=$W$8,1,0)+IF(X10=$X$8,1,0)+IF(Y10=$Y$8,1,0)+IF(Z10=$Z$8,1,0)+IF(AA10=$AA$8,1,0)+IF(AB10=$AB$8,1,0)+IF(AC10=$AC$8,1,0)+IF(AD10=$AD$8,1,0)+IF(AE10=$AE$8,1,0)+IF(AF10=$AF$8,1,0)+IF(AG10=$AG$8,1,0)+IF(AH10=$AH$8,1,0)+IF(AI10=$AI$8,1,0)+IF(AJ10=$AJ$8,1,0))) -> 0 | AL10: =IF(D10="","",VLOOKUP(AK10,'PAT-C_Tables'!$I$3:$J$40,2,FALSE)) -> 58.1
A11: 45356 | B11: 3 | C11: 3A | D11: Lname3 | E11: Fname3 | F11: XXXXX3 | AK11: =IF(D11="",0,(IF(G11=$G$8,1,0)+IF(H11=$H$8,1,0)+IF(I11=$I$8,1,0)+IF(J11=$J$8,1,0)+IF(K11=$K$8,1,0)+IF(L11=$L$8,1,0)+IF(M11=$M$8,1,0)+IF(N11=$N$8,1,0)+IF(O11=$O$8,1,0)+IF(P11=$P$8,1,0)+IF(Q11=$Q$8,1,0)+IF(R11=$R$8,1,0)+IF(S11=$S$8,1,0)+IF(T11=$T$8,1,0)+IF(U11=$U$8,1,0)+IF(V11=$V$8,1,0)+IF(W11=$W$8,1,0)+IF(X11=$X$8,1,0)+IF(Y11=$Y$8,1,0)+IF(Z11=$Z$8,1,0)+IF(AA11=$AA$8,1,0)+IF(AB11=$AB$8,1,0)+IF(AC11=$AC$8,1,0)+IF(AD11=$AD$8,1,0)+IF(AE11=$AE$8,1,0)+IF(AF11=$AF$8,1,0)+IF(AG11=$AG$8,1,0)+IF(AH11=$AH$8,1,0)+IF(AI11=$AI$8,1,0)+IF(AJ11=$AJ$8,1,0))) -> 0 | AL11: =IF(D11="","",VLOOKUP(AK11,'PAT-C_Tables'!$I$3:$J$40,2,FALSE)) -> 58.1
A12: 45356 | B12: 3 | C12: 3A | D12: Lname4 | E12: Fname4 | F12: XXXXX4 | AK12: =IF(D12="",0,(IF(G12=$G$8,1,0)+IF(H12=$H$8,1,0)+IF(I12=$I$8,1,0)+IF(J12=$J$8,1,0)+IF(K12=$K$8,1,0)+IF(L12=$L$8,1,0)+IF(M12=$M$8,1,0)+IF(N12=$N$8,1,0)+IF(O12=$O$8,1,0)+IF(P12=$P$8,1,0)+IF(Q12=$Q$8,1,0)+IF(R12=$R$8,1,0)+IF(S12=$S$8,1,0)+IF(T12=$T$8,1,0)+IF(U12=$U$8,1,0)+IF(V12=$V$8,1,0)+IF(W12=$W$8,1,0)+IF(X12=$X$8,1,0)+IF(Y12=$Y$8,1,0)+IF(Z12=$Z$8,1,0)+IF(AA12=$AA$8,1,0)+IF(AB12=$AB$8,1,0)+IF(AC12=$AC$8,1,0)+IF(AD12=$AD$8,1,0)+IF(AE12=$AE$8,1,0)+IF(AF12=$AF$8,1,0)+IF(AG12=$AG$8,1,0)+IF(AH12=$AH$8,1,0)+IF(AI12=$AI$8,1,0)+IF(AJ12=$AJ$8,1,0))) -> 0 | AL12: =IF(D12="","",VLOOKUP(AK12,'PAT-C_Tables'!$I$3:$J$40,2,FALSE)) -> 58.1
A13: 45356 | B13: 3 | C13: 3B | D13: ULname13 | E13: UFname13 | F13: UNLISTED | AK13: =IF(D13="",0,(IF(G13=$G$8,1,0)+IF(H13=$H$8,1,0)+IF(I13=$I$8,1,0)+IF(J13=$J$8,1,0)+IF(K13=$K$8,1,0)+IF(L13=$L$8,1,0)+IF(M13=$M$8,1,0)+IF(N13=$N$8,1,0)+IF(O13=$O$8,1,0)+IF(P13=$P$8,1,0)+IF(Q13=$Q$8,1,0)+IF(R13=$R$8,1,0)+IF(S13=$S$8,1,0)+IF(T13=$T$8,1,0)+IF(U13=$U$8,1,0)+IF(V13=$V$8,1,0)+IF(W13=$W$8,1,0)+IF(X13=$X$8,1,0)+IF(Y13=$Y$8,1,0)+IF(Z13=$Z$8,1,0)+IF(AA13=$AA$8,1,0)+IF(AB13=$AB$8,1,0)+IF(AC13=$AC$8,1,0)+IF(AD13=$AD$8,1,0)+IF(AE13=$AE$8,1,0)+IF(AF13=$AF$8,1,0)+IF(AG13=$AG$8,1,0)+IF(AH13=$AH$8,1,0)+IF(AI13=$AI$8,1,0)+IF(AJ13=$AJ$8,1,0))) -> 0 | AL13: =IF(D13="","",VLOOKUP(AK13,'PAT-C_Tables'!$I$3:$J$40,2,FALSE)) -> 58.1
A14: 45356 | B14: 3 | C14: 3A | D14: Lname5 | E14: Fname5 | F14: XXXXX5 | AK14: =IF(D14="",0,(IF(G14=$G$8,1,0)+IF(H14=$H$8,1,0)+IF(I14=$I$8,1,0)+IF(J14=$J$8,1,0)+IF(K14=$K$8,1,0)+IF(L14=$L$8,1,0)+IF(M14=$M$8,1,0)+IF(N14=$N$8,1,0)+IF(O14=$O$8,1,0)+IF(P14=$P$8,1,0)+IF(Q14=$Q$8,1,0)+IF(R14=$R$8,1,0)+IF(S14=$S$8,1,0)+IF(T14=$T$8,1,0)+IF(U14=$U$8,1,0)+IF(V14=$V$8,1,0)+IF(W14=$W$8,1,0)+IF(X14=$X$8,1,0)+IF(Y14=$Y$8,1,0)+IF(Z14=$Z$8,1,0)+IF(AA14=$AA$8,1,0)+IF(AB14=$AB$8,1,0)+IF(AC14=$AC$8,1,0)+IF(AD14=$AD$8,1,0)+IF(AE14=$AE$8,1,0)+IF(AF14=$AF$8,1,0)+IF(AG14=$AG$8,1,0)+IF(AH14=$AH$8,1,0)+IF(AI14=$AI$8,1,0)+IF(AJ14=$AJ$8,1,0))) -> 0 | AL14: =IF(D14="","",VLOOKUP(AK14,'PAT-C_Tables'!$I$3:$J$40,2,FALSE)) -> 58.1
A15: 45356 | B15: 3 | C15: 3B | D15: Lname6 | E15: Fname6 | F15: XXXXX6 | AK15: =IF(D15="",0,(IF(G15=$G$8,1,0)+IF(H15=$H$8,1,0)+IF(I15=$I$8,1,0)+IF(J15=$J$8,1,0)+IF(K15=$K$8,1,0)+IF(L15=$L$8,1,0)+IF(M15=$M$8,1,0)+IF(N15=$N$8,1,0)+IF(O15=$O$8,1,0)+IF(P15=$P$8,1,0)+IF(Q15=$Q$8,1,0)+IF(R15=$R$8,1,0)+IF(S15=$S$8,1,0)+IF(T15=$T$8,1,0)+IF(U15=$U$8,1,0)+IF(V15=$V$8,1,0)+IF(W15=$W$8,1,0)+IF(X15=$X$8,1,0)+IF(Y15=$Y$8,1,0)+IF(Z15=$Z$8,1,0)+IF(AA15=$AA$8,1,0)+IF(AB15=$AB$8,1,0)+IF(AC15=$AC$8,1,0)+IF(AD15=$AD$8,1,0)+IF(AE15=$AE$8,1,0)+IF(AF15=$AF$8,1,0)+IF(AG15=$AG$8,1,0)+IF(AH15=$AH$8,1,0)+IF(AI15=$AI$8,1,0)+IF(AJ15=$AJ$8,1,0))) -> 0 | AL15: =IF(D15="","",VLOOKUP(AK15,'PAT-C_Tables'!$I$3:$J$40,2,FALSE)) -> 58.1
A16: 45356 | B16: 3 | C16: 3B | D16: Lname7 | E16: Fname7 | F16: XXXXX7 | AK16: =IF(D16="",0,(IF(G16=$G$8,1,0)+IF(H16=$H$8,1,0)+IF(I16=$I$8,1,0)+IF(J16=$J$8,1,0)+IF(K16=$K$8,1,0)+IF(L16=$L$8,1,0)+IF(M16=$M$8,1,0)+IF(N16=$N$8,1,0)+IF(O16=$O$8,1,0)+IF(P16=$P$8,1,0)+IF(Q16=$Q$8,1,0)+IF(R16=$R$8,1,0)+IF(S16=$S$8,1,0)+IF(T16=$T$8,1,0)+IF(U16=$U$8,1,0)+IF(V16=$V$8,1,0)+IF(W16=$W$8,1,0)+IF(X16=$X$8,1,0)+IF(Y16=$Y$8,1,0)+IF(Z16=$Z$8,1,0)+IF(AA16=$AA$8,1,0)+IF(AB16=$AB$8,1,0)+IF(AC16=$AC$8,1,0)+IF(AD16=$AD$8,1,0)+IF(AE16=$AE$8,1,0)+IF(AF16=$AF$8,1,0)+IF(AG16=$AG$8,1,0)+IF(AH16=$AH$8,1,0)+IF(AI16=$AI$8,1,0)+IF(AJ16=$AJ$8,1,0))) -> 0 | AL16: =IF(D16="","",VLOOKUP(AK16,'PAT-C_Tables'!$I$3:$J$40,2,FALSE)) -> 58.1
A17: 45356 | B17: 3 | C17: 3B | D17: Lname8 | E17: Fname8 | F17: XXXXX8 | AK17: =IF(D17="",0,(IF(G17=$G$8,1,0)+IF(H17=$H$8,1,0)+IF(I17=$I$8,1,0)+IF(J17=$J$8,1,0)+IF(K17=$K$8,1,0)+IF(L17=$L$8,1,0)+IF(M17=$M$8,1,0)+IF(N17=$N$8,1,0)+IF(O17=$O$8,1,0)+IF(P17=$P$8,1,0)+IF(Q17=$Q$8,1,0)+IF(R17=$R$8,1,0)+IF(S17=$S$8,1,0)+IF(T17=$T$8,1,0)+IF(U17=$U$8,1,0)+IF(V17=$V$8,1,0)+IF(W17=$W$8,1,0)+IF(X17=$X$8,1,0)+IF(Y17=$Y$8,1,0)+IF(Z17=$Z$8,1,0)+IF(AA17=$AA$8,1,0)+IF(AB17=$AB$8,1,0)+IF(AC17=$AC$8,1,0)+IF(AD17=$AD$8,1,0)+IF(AE17=$AE$8,1,0)+IF(AF17=$AF$8,1,0)+IF(AG17=$AG$8,1,0)+IF(AH17=$AH$8,1,0)+IF(AI17=$AI$8,1,0)+IF(AJ17=$AJ$8,1,0))) -> 0 | AL17: =IF(D17="","",VLOOKUP(AK17,'PAT-C_Tables'!$I$3:$J$40,2,FALSE)) -> 58.1
A18: 45356 | B18: 3 | C18: 3B | D18: Lname9 | E18: Fname9 | F18: XXXXX9 | AK18: =IF(D18="",0,(IF(G18=$G$8,1,0)+IF(H18=$H$8,1,0)+IF(I18=$I$8,1,0)+IF(J18=$J$8,1,0)+IF(K18=$K$8,1,0)+IF(L18=$L$8,1,0)+IF(M18=$M$8,1,0)+IF(N18=$N$8,1,0)+IF(O18=$O$8,1,0)+IF(P18=$P$8,1,0)+IF(Q18=$Q$8,1,0)+IF(R18=$R$8,1,0)+IF(S18=$S$8,1,0)+IF(T18=$T$8,1,0)+IF(U18=$U$8,1,0)+IF(V18=$V$8,1,0)+IF(W18=$W$8,1,0)+IF(X18=$X$8,1,0)+IF(Y18=$Y$8,1,0)+IF(Z18=$Z$8,1,0)+IF(AA18=$AA$8,1,0)+IF(AB18=$AB$8,1,0)+IF(AC18=$AC$8,1,0)+IF(AD18=$AD$8,1,0)+IF(AE18=$AE$8,1,0)+IF(AF18=$AF$8,1,0)+IF(AG18=$AG$8,1,0)+IF(AH18=$AH$8,1,0)+IF(AI18=$AI$8,1,0)+IF(AJ18=$AJ$8,1,0))) -> 0 | AL18: =IF(D18="","",VLOOKUP(AK18,'PAT-C_Tables'!$I$3:$J$40,2,FALSE)) -> 58.1
A19: 45356 | B19: 3 | C19: 3B | D19: Lname10 | E19: Fname10 | F19: XXXXX10 | AK19: =IF(D19="",0,(IF(G19=$G$8,1,0)+IF(H19=$H$8,1,0)+IF(I19=$I$8,1,0)+IF(J19=$J$8,1,0)+IF(K19=$K$8,1,0)+IF(L19=$L$8,1,0)+IF(M19=$M$8,1,0)+IF(N19=$N$8,1,0)+IF(O19=$O$8,1,0)+IF(P19=$P$8,1,0)+IF(Q19=$Q$8,1,0)+IF(R19=$R$8,1,0)+IF(S19=$S$8,1,0)+IF(T19=$T$8,1,0)+IF(U19=$U$8,1,0)+IF(V19=$V$8,1,0)+IF(W19=$W$8,1,0)+IF(X19=$X$8,1,0)+IF(Y19=$Y$8,1,0)+IF(Z19=$Z$8,1,0)+IF(AA19=$AA$8,1,0)+IF(AB19=$AB$8,1,0)+IF(AC19=$AC$8,1,0)+IF(AD19=$AD$8,1,0)+IF(AE19=$AE$8,1,0)+IF(AF19=$AF$8,1,0)+IF(AG19=$AG$8,1,0)+IF(AH19=$AH$8,1,0)+IF(AI19=$AI$8,1,0)+IF(AJ19=$AJ$8,1,0))) -> 0 | AL19: =IF(D19="","",VLOOKUP(AK19,'PAT-C_Tables'!$I$3:$J$40,2,FALSE)) -> 58.1
AK20: =IF(D20="",0,(IF(G20=$G$8,1,0)+IF(H20=$H$8,1,0)+IF(I20=$I$8,1,0)+IF(J20=$J$8,1,0)+IF(K20=$K$8,1,0)+IF(L20=$L$8,1,0)+IF(M20=$M$8,1,0)+IF(N20=$N$8,1,0)+IF(O20=$O$8,1,0)+IF(P20=$P$8,1,0)+IF(Q20=$Q$8,1,0)+IF(R20=$R$8,1,0)+IF(S20=$S$8,1,0)+IF(T20=$T$8,1,0)+IF(U20=$U$8,1,0)+IF(V20=$V$8,1,0)+IF(W20=$W$8,1,0)+IF(X20=$X$8,1,0)+IF(Y20=$Y$8,1,0)+IF(Z20=$Z$8,1,0)+IF(AA20=$AA$8,1,0)+IF(AB20=$AB$8,1,0)+IF(AC20=$AC$8,1,0)+IF(AD20=$AD$8,1,0)+IF(AE20=$AE$8,1,0)+IF(AF20=$AF$8,1,0)+IF(AG20=$AG$8,1,0)+IF(AH20=$AH$8,1,0)+IF(AI20=$AI$8,1,0)+IF(AJ20=$AJ$8,1,0))) -> 0 | AL20: =IF(D20="","",VLOOKUP(AK20,'PAT-C_Tables'!$I$3:$J$40,2,FALSE))
AK21: =IF(D21="",0,(IF(G21=$G$8,1,0)+IF(H21=$H$8,1,0)+IF(I21=$I$8,1,0)+IF(J21=$J$8,1,0)+IF(K21=$K$8,1,0)+IF(L21=$L$8,1,0)+IF(M21=$M$8,1,0)+IF(N21=$N$8,1,0)+IF(O21=$O$8,1,0)+IF(P21=$P$8,1,0)+IF(Q21=$Q$8,1,0)+IF(R21=$R$8,1,0)+IF(S21=$S$8,1,0)+IF(T21=$T$8,1,0)+IF(U21=$U$8,1,0)+IF(V21=$V$8,1,0)+IF(W21=$W$8,1,0)+IF(X21=$X$8,1,0)+IF(Y21=$Y$8,1,0)+IF(Z21=$Z$8,1,0)+IF(AA21=$AA$8,1,0)+IF(AB21=$AB$8,1,0)+IF(AC21=$AC$8,1,0)+IF(AD21=$AD$8,1,0)+IF(AE21=$AE$8,1,0)+IF(AF21=$AF$8,1,0)+IF(AG21=$AG$8,1,0)+IF(AH21=$AH$8,1,0)+IF(AI21=$AI$8,1,0)+IF(AJ21=$AJ$8,1,0))) -> 0 | AL21: =IF(D21="","",VLOOKUP(AK21,'PAT-C_Tables'!$I$3:$J$40,2,FALSE))
AK22: =IF(D22="",0,(IF(G22=$G$8,1,0)+IF(H22=$H$8,1,0)+IF(I22=$I$8,1,0)+IF(J22=$J$8,1,0)+IF(K22=$K$8,1,0)+IF(L22=$L$8,1,0)+IF(M22=$M$8,1,0)+IF(N22=$N$8,1,0)+IF(O22=$O$8,1,0)+IF(P22=$P$8,1,0)+IF(Q22=$Q$8,1,0)+IF(R22=$R$8,1,0)+IF(S22=$S$8,1,0)+IF(T22=$T$8,1,0)+IF(U22=$U$8,1,0)+IF(V22=$V$8,1,0)+IF(W22=$W$8,1,0)+IF(X22=$X$8,1,0)+IF(Y22=$Y$8,1,0)+IF(Z22=$Z$8,1,0)+IF(AA22=$AA$8,1,0)+IF(AB22=$AB$8,1,0)+IF(AC22=$AC$8,1,0)+IF(AD22=$AD$8,1,0)+IF(AE22=$AE$8,1,0)+IF(AF22=$AF$8,1,0)+IF(AG22=$AG$8,1,0)+IF(AH22=$AH$8,1,0)+IF(AI22=$AI$8,1,0)+IF(AJ22=$AJ$8,1,0))) -> 0 | AL22: =IF(D22="","",VLOOKUP(AK22,'PAT-C_Tables'!$I$3:$J$40,2,FALSE))
AK23: =IF(D23="",0,(IF(G23=$G$8,1,0)+IF(H23=$H$8,1,0)+IF(I23=$I$8,1,0)+IF(J23=$J$8,1,0)+IF(K23=$K$8,1,0)+IF(L23=$L$8,1,0)+IF(M23=$M$8,1,0)+IF(N23=$N$8,1,0)+IF(O23=$O$8,1,0)+IF(P23=$P$8,1,0)+IF(Q23=$Q$8,1,0)+IF(R23=$R$8,1,0)+IF(S23=$S$8,1,0)+IF(T23=$T$8,1,0)+IF(U23=$U$8,1,0)+IF(V23=$V$8,1,0)+IF(W23=$W$8,1,0)+IF(X23=$X$8,1,0)+IF(Y23=$Y$8,1,0)+IF(Z23=$Z$8,1,0)+IF(AA23=$AA$8,1,0)+IF(AB23=$AB$8,1,0)+IF(AC23=$AC$8,1,0)+IF(AD23=$AD$8,1,0)+IF(AE23=$AE$8,1,0)+IF(AF23=$AF$8,1,0)+IF(AG23=$AG$8,1,0)+IF(AH23=$AH$8,1,0)+IF(AI23=$AI$8,1,0)+IF(AJ23=$AJ$8,1,0))) -> 0 | AL23: =IF(D23="","",VLOOKUP(AK23,'PAT-C_Tables'!$I$3:$J$40,2,FALSE))
AK24: =IF(D24="",0,(IF(G24=$G$8,1,0)+IF(H24=$H$8,1,0)+IF(I24=$I$8,1,0)+IF(J24=$J$8,1,0)+IF(K24=$K$8,1,0)+IF(L24=$L$8,1,0)+IF(M24=$M$8,1,0)+IF(N24=$N$8,1,0)+IF(O24=$O$8,1,0)+IF(P24=$P$8,1,0)+IF(Q24=$Q$8,1,0)+IF(R24=$R$8,1,0)+IF(S24=$S$8,1,0)+IF(T24=$T$8,1,0)+IF(U24=$U$8,1,0)+IF(V24=$V$8,1,0)+IF(W24=$W$8,1,0)+IF(X24=$X$8,1,0)+IF(Y24=$Y$8,1,0)+IF(Z24=$Z$8,1,0)+IF(AA24=$AA$8,1,0)+IF(AB24=$AB$8,1,0)+IF(AC24=$AC$8,1,0)+IF(AD24=$AD$8,1,0)+IF(AE24=$AE$8,1,0)+IF(AF24=$AF$8,1,0)+IF(AG24=$AG$8,1,0)+IF(AH24=$AH$8,1,0)+IF(AI24=$AI$8,1,0)+IF(AJ24=$AJ$8,1,0))) -> 0 | AL24: =IF(D24="","",VLOOKUP(AK24,'PAT-C_Tables'!$I$3:$J$40,2,FALSE))
AK25: =IF(D25="",0,(IF(G25=$G$8,1,0)+IF(H25=$H$8,1,0)+IF(I25=$I$8,1,0)+IF(J25=$J$8,1,0)+IF(K25=$K$8,1,0)+IF(L25=$L$8,1,0)+IF(M25=$M$8,1,0)+IF(N25=$N$8,1,0)+IF(O25=$O$8,1,0)+IF(P25=$P$8,1,0)+IF(Q25=$Q$8,1,0)+IF(R25=$R$8,1,0)+IF(S25=$S$8,1,0)+IF(T25=$T$8,1,0)+IF(U25=$U$8,1,0)+IF(V25=$V$8,1,0)+IF(W25=$W$8,1,0)+IF(X25=$X$8,1,0)+IF(Y25=$Y$8,1,0)+IF(Z25=$Z$8,1,0)+IF(AA25=$AA$8,1,0)+IF(AB25=$AB$8,1,0)+IF(AC25=$AC$8,1,0)+IF(AD25=$AD$8,1,0)+IF(AE25=$AE$8,1,0)+IF(AF25=$AF$8,1,0)+IF(AG25=$AG$8,1,0)+IF(AH25=$AH$8,1,0)+IF(AI25=$AI$8,1,0)+IF(AJ25=$AJ$8,1,0))) -> 0 | AL25: =IF(D25="","",VLOOKUP(AK25,'PAT-C_Tables'!$I$3:$J$40,2,FALSE))
AK26: =IF(D26="",0,(IF(G26=$G$8,1,0)+IF(H26=$H$8,1,0)+IF(I26=$I$8,1,0)+IF(J26=$J$8,1,0)+IF(K26=$K$8,1,0)+IF(L26=$L$8,1,0)+IF(M26=$M$8,1,0)+IF(N26=$N$8,1,0)+IF(O26=$O$8,1,0)+IF(P26=$P$8,1,0)+IF(Q26=$Q$8,1,0)+IF(R26=$R$8,1,0)+IF(S26=$S$8,1,0)+IF(T26=$T$8,1,0)+IF(U26=$U$8,1,0)+IF(V26=$V$8,1,0)+IF(W26=$W$8,1,0)+IF(X26=$X$8,1,0)+IF(Y26=$Y$8,1,0)+IF(Z26=$Z$8,1,0)+IF(AA26=$AA$8,1,0)+IF(AB26=$AB$8,1,0)+IF(AC26=$AC$8,1,0)+IF(AD26=$AD$8,1,0)+IF(AE26=$AE$8,1,0)+IF(AF26=$AF$8,1,0)+IF(AG26=$AG$8,1,0)+IF(AH26=$AH$8,1,0)+IF(AI26=$AI$8,1,0)+IF(AJ26=$AJ$8,1,0))) -> 0 | AL26: =IF(D26="","",VLOOKUP(AK26,'PAT-C_Tables'!$I$3:$J$40,2,FALSE))
AK27: =IF(D27="",0,(IF(G27=$G$8,1,0)+IF(H27=$H$8,1,0)+IF(I27=$I$8,1,0)+IF(J27=$J$8,1,0)+IF(K27=$K$8,1,0)+IF(L27=$L$8,1,0)+IF(M27=$M$8,1,0)+IF(N27=$N$8,1,0)+IF(O27=$O$8,1,0)+IF(P27=$P$8,1,0)+IF(Q27=$Q$8,1,0)+IF(R27=$R$8,1,0)+IF(S27=$S$8,1,0)+IF(T27=$T$8,1,0)+IF(U27=$U$8,1,0)+IF(V27=$V$8,1,0)+IF(W27=$W$8,1,0)+IF(X27=$X$8,1,0)+IF(Y27=$Y$8,1,0)+IF(Z27=$Z$8,1,0)+IF(AA27=$AA$8,1,0)+IF(AB27=$AB$8,1,0)+IF(AC27=$AC$8,1,0)+IF(AD27=$AD$8,1,0)+IF(AE27=$AE$8,1,0)+IF(AF27=$AF$8,1,0)+IF(AG27=$AG$8,1,0)+IF(AH27=$AH$8,1,0)+IF(AI27=$AI$8,1,0)+IF(AJ27=$AJ$8,1,0))) -> 0 | AL27: =IF(D27="","",VLOOKUP(AK27,'PAT-C_Tables'!$I$3:$J$40,2,FALSE))
AK28: =IF(D28="",0,(IF(G28=$G$8,1,0)+IF(H28=$H$8,1,0)+IF(I28=$I$8,1,0)+IF(J28=$J$8,1,0)+IF(K28=$K$8,1,0)+IF(L28=$L$8,1,0)+IF(M28=$M$8,1,0)+IF(N28=$N$8,1,0)+IF(O28=$O$8,1,0)+IF(P28=$P$8,1,0)+IF(Q28=$Q$8,1,0)+IF(R28=$R$8,1,0)+IF(S28=$S$8,1,0)+IF(T28=$T$8,1,0)+IF(U28=$U$8,1,0)+IF(V28=$V$8,1,0)+IF(W28=$W$8,1,0)+IF(X28=$X$8,1,0)+IF(Y28=$Y$8,1,0)+IF(Z28=$Z$8,1,0)+IF(AA28=$AA$8,1,0)+IF(AB28=$AB$8,1,0)+IF(AC28=$AC$8,1,0)+IF(AD28=$AD$8,1,0)+IF(AE28=$AE$8,1,0)+IF(AF28=$AF$8,1,0)+IF(AG28=$AG$8,1,0)+IF(AH28=$AH$8,1,0)+IF(AI28=$AI$8,1,0)+IF(AJ28=$AJ$8,1,0))) -> 0 | AL28: =IF(D28="","",VLOOKUP(AK28,'PAT-C_Tables'!$I$3:$J$40,2,FALSE))
AK29: =IF(D29="",0,(IF(G29=$G$8,1,0)+IF(H29=$H$8,1,0)+IF(I29=$I$8,1,0)+IF(J29=$J$8,1,0)+IF(K29=$K$8,1,0)+IF(L29=$L$8,1,0)+IF(M29=$M$8,1,0)+IF(N29=$N$8,1,0)+IF(O29=$O$8,1,0)+IF(P29=$P$8,1,0)+IF(Q29=$Q$8,1,0)+IF(R29=$R$8,1,0)+IF(S29=$S$8,1,0)+IF(T29=$T$8,1,0)+IF(U29=$U$8,1,0)+IF(V29=$V$8,1,0)+IF(W29=$W$8,1,0)+IF(X29=$X$8,1,0)+IF(Y29=$Y$8,1,0)+IF(Z29=$Z$8,1,0)+IF(AA29=$AA$8,1,0)+IF(AB29=$AB$8,1,0)+IF(AC29=$AC$8,1,0)+IF(AD29=$AD$8,1,0)+IF(AE29=$AE$8,1,0)+IF(AF29=$AF$8,1,0)+IF(AG29=$AG$8,1,0)+IF(AH29=$AH$8,1,0)+IF(AI29=$AI$8,1,0)+IF(AJ29=$AJ$8,1,0))) -> 0 | AL29: =IF(D29="","",VLOOKUP(AK29,'PAT-C_Tables'!$I$3:$J$40,2,FALSE))
AK30: =IF(D30="",0,(IF(G30=$G$8,1,0)+IF(H30=$H$8,1,0)+IF(I30=$I$8,1,0)+IF(J30=$J$8,1,0)+IF(K30=$K$8,1,0)+IF(L30=$L$8,1,0)+IF(M30=$M$8,1,0)+IF(N30=$N$8,1,0)+IF(O30=$O$8,1,0)+IF(P30=$P$8,1,0)+IF(Q30=$Q$8,1,0)+IF(R30=$R$8,1,0)+IF(S30=$S$8,1,0)+IF(T30=$T$8,1,0)+IF(U30=$U$8,1,0)+IF(V30=$V$8,1,0)+IF(W30=$W$8,1,0)+IF(X30=$X$8,1,0)+IF(Y30=$Y$8,1,0)+IF(Z30=$Z$8,1,0)+IF(AA30=$AA$8,1,0)+IF(AB30=$AB$8,1,0)+IF(AC30=$AC$8,1,0)+IF(AD30=$AD$8,1,0)+IF(AE30=$AE$8,1,0)+IF(AF30=$AF$8,1,0)+IF(AG30=$AG$8,1,0)+IF(AH30=$AH$8,1,0)+IF(AI30=$AI$8,1,0)+IF(AJ30=$AJ$8,1,0))) -> 0 | AL30: =IF(D30="","",VLOOKUP(AK30,'PAT-C_Tables'!$I$3:$J$40,2,FALSE))
AK31: =IF(D31="",0,(IF(G31=$G$8,1,0)+IF(H31=$H$8,1,0)+IF(I31=$I$8,1,0)+IF(J31=$J$8,1,0)+IF(K31=$K$8,1,0)+IF(L31=$L$8,1,0)+IF(M31=$M$8,1,0)+IF(N31=$N$8,1,0)+IF(O31=$O$8,1,0)+IF(P31=$P$8,1,0)+IF(Q31=$Q$8,1,0)+IF(R31=$R$8,1,0)+IF(S31=$S$8,1,0)+IF(T31=$T$8,1,0)+IF(U31=$U$8,1,0)+IF(V31=$V$8,1,0)+IF(W31=$W$8,1,0)+IF(X31=$X$8,1,0)+IF(Y31=$Y$8,1,0)+IF(Z31=$Z$8,1,0)+IF(AA31=$AA$8,1,0)+IF(AB31=$AB$8,1,0)+IF(AC31=$AC$8,1,0)+IF(AD31=$AD$8,1,0)+IF(AE31=$AE$8,1,0)+IF(AF31=$AF$8,1,0)+IF(AG31=$AG$8,1,0)+IF(AH31=$AH$8,1,0)+IF(AI31=$AI$8,1,0)+IF(AJ31=$AJ$8,1,0))) -> 0 | AL31: =IF(D31="","",VLOOKUP(AK31,'PAT-C_Tables'!$I$3:$J$40,2,FALSE))
... AK475: =IF(D475="",0,(IF(G475=$G$8,1,0)+IF(H475=$H$8,1,0)+IF(I475=$I$8,1,0)+IF(J475=$J$8,1,0)+IF(K475=$K$8,1,0)+IF(L475=$L$8,1,0)+IF(M475=$M$8,1,0)+IF(N475=$N$8,1,0)+IF(O475=$O$8,1,0)+IF(P475=$P$8,1,0)+IF(Q475=$Q$8,1,0)+IF(R475=$R$8,1,0)+IF(S475=$S$8,1,0)+IF(T475=$T$8,1,0)+IF(U475=$U$8,1,0)+IF(V475=$V$8,1,0)+IF(W475=$W$8,1,0)+IF(X475=$X$8,1,0)+IF(Y475=$Y$8,1,0)+IF(Z475=$Z$8,1,0)+IF(AA475=$AA$8,1,0)+IF(AB475=$AB$8,1,0)+IF(AC475=$AC$8,1,0)+IF(AD475=$AD$8,1,0)+IF(AE475=$AE$8,1,0)+IF(AF475=$AF$8,1,0)+IF(AG475=$AG$8,1,0)+IF(AH475=$AH$8,1,0)+IF(AI475=$AI$8,1,0)+IF(AJ475=$AJ$8,1,0))) -> 0 | AL475: =IF(D475="","",VLOOKUP(AK475,'PAT-C_Tables'!$I$3:$J$40,2,FALSE))

Sheet PAT-R Comp 5
A1: PAT-R Comprehesion - Test Booklet 5
G3: QUESTION No. and ANSWER KEY (Enter the student's response - "A" or "B" or "C" or "D")
E4: Question Number | G4: 1 | H4: 2 | I4: 3 | J4: 4 | K4: 5 | L4: 6 | M4: 7 | N4: 8 | O4: 9 | P4: 10 | Q4: 11 | R4: 12 | S4: 13 | T4: 14 | U4: 15 | V4: 16 | W4: 17 | X4: 18 | Y4: 19 | Z4: 20 | AA4: 21 | AB4: 22 | AC4: 23 | AD4: 24 | AE4: 25 | AF4: 26 | AG4: 27 | AH4: 28 | AI4: 29 | AJ4: 30 | AK4: 31 | AL4: 32 | AM4: 33 | AN4: 34
E5: Item Difficulty | G5: 97.77 | H5: 113.69 | I5: 90.57 | J5: 109.21 | K5: 108.04 | L5: 124.59 | M5: 103.73 | N5: 101.19 | O5: 108.66 | P5: 123.73 | Q5: 110.27 | R5: 102.38 | S5: 103.99 | T5: 106.7 | U5: 121.75 | V5: 119.88 | W5: 121.54 | X5: 117.01 | Y5: 116.3 | Z5: 122.68 | AA5: 111.37 | AB5: 116.26 | AC5: 129.21 | AD5: 121.82 | AE5: 119.34 | AF5: 122.16 | AG5: 122.55 | AH5: 123.49 | AI5: 116.5 | AJ5: 117.84 | AK5: 133.61 | AL5: 127.58 | AM5: 120.75 | AN5: 116.43
E6: Skill Assessed | G6: RI | H6: RI | I6: IE | J6: II | K6: II | L6: IE | M6: IE | N6: IE | O6: II | P6: IE | Q6: IE | R6: IE | S6: II | T6: IE | U6: IE | V6: IE | W6: II | X6: RI | Y6: RF | Z6: II | AA6: IE | AB6: II | AC6: II | AD6: RF | AE6: IE | AF6: RF | AG6: II | AH6: II | AI6: RF | AJ6: II | AK6: IE | AL6: IE | AM6: II | AN6: IE
A7: required | B7: required | C7: optional | D7: required | E7: required | F7: required
A8: Date (dd/mm/yy) | B8: Yr_Lev | C8: HG | D8: Surname | E8: First_Name | F8: Student_ID | G8: D | H8: B | I8: C | J8: C | K8: C | L8: C | M8: A | N8: B | O8: C | P8: C | Q8: A | R8: D | S8: D | T8: D | U8: B | V8: C | W8: C | X8: A | Y8: A | Z8: C | AA8: D | AB8: A | AC8: B | AD8: B | AE8: C | AF8: C | AG8: D | AH8: B | AI8: D | AJ8: D | AK8: C | AL8: A | AM8: B | AN8: D | AO8: Raw Score | AP8: PAT Score
AO9: =IF(D9="",0,(IF(G9=$G$8,1,0)+IF(H9=$H$8,1,0)+IF(I9=$I$8,1,0)+IF(J9=$J$8,1,0)+IF(K9=$K$8,1,0)+IF(L9=$L$8,1,0)+IF(M9=$M$8,1,0)+IF(N9=$N$8,1,0)+IF(O9=$O$8,1,0)+IF(P9=$P$8,1,0)+IF(Q9=$Q$8,1,0)+IF(R9=$R$8,1,0)+IF(S9=$S$8,1,0)+IF(T9=$T$8,1,0)+IF(U9=$U$8,1,0)+IF(V9=$V$8,1,0)+IF(W9=$W$8,1,0)+IF(X9=$X$8,1,0)+IF(Y9=$Y$8,1,0)+IF(Z9=$Z$8,1,0)+IF(AA9=$AA$8,1,0)+IF(AB9=$AB$8,1,0)+IF(AC9=$AC$8,1,0)+IF(AD9=$AD$8,1,0)+IF(AE9=$AE$8,1,0)+IF(AF9=$AF$8,1,0)+IF(AG9=$AG$8,1,0)+IF(AH9=$AH$8,1,0)+IF(AI9=$AI$8,1,0)+IF(AJ9=$AJ$8,1,0)+IF(AK9=$AK$8,1,0)+IF(AL9=$AL$8,1,0)+IF(AM9=$AM$8,1,0)+IF(AN9=$AN$8,1,0))) -> 0 | AP9: =IF(D9="","",VLOOKUP(AO9,'PAT-C_Tables'!$K$3:$L$40,2,FALSE))
AO10: =IF(D10="",0,(IF(G10=$G$8,1,0)+IF(H10=$H$8,1,0)+IF(I10=$I$8,1,0)+IF(J10=$J$8,1,0)+IF(K10=$K$8,1,0)+IF(L10=$L$8,1,0)+IF(M10=$M$8,1,0)+IF(N10=$N$8,1,0)+IF(O10=$O$8,1,0)+IF(P10=$P$8,1,0)+IF(Q10=$Q$8,1,0)+IF(R10=$R$8,1,0)+IF(S10=$S$8,1,0)+IF(T10=$T$8,1,0)+IF(U10=$U$8,1,0)+IF(V10=$V$8,1,0)+IF(W10=$W$8,1,0)+IF(X10=$X$8,1,0)+IF(Y10=$Y$8,1,0)+IF(Z10=$Z$8,1,0)+IF(AA10=$AA$8,1,0)+IF(AB10=$AB$8,1,0)+IF(AC10=$AC$8,1,0)+IF(AD10=$AD$8,1,0)+IF(AE10=$AE$8,1,0)+IF(AF10=$AF$8,1,0)+IF(AG10=$AG$8,1,0)+IF(AH10=$AH$8,1,0)+IF(AI10=$AI$8,1,0)+IF(AJ10=$AJ$8,1,0)+IF(AK10=$AK$8,1,0)+IF(AL10=$AL$8,1,0)+IF(AM10=$AM$8,1,0)+IF(AN10=$AN$8,1,0))) -> 0 | AP10: =IF(D10="","",VLOOKUP(AO10,'PAT-C_Tables'!$K$3:$L$40,2,FALSE))
AO11: =IF(D11="",0,(IF(G11=$G$8,1,0)+IF(H11=$H$8,1,0)+IF(I11=$I$8,1,0)+IF(J11=$J$8,1,0)+IF(K11=$K$8,1,0)+IF(L11=$L$8,1,0)+IF(M11=$M$8,1,0)+IF(N11=$N$8,1,0)+IF(O11=$O$8,1,0)+IF(P11=$P$8,1,0)+IF(Q11=$Q$8,1,0)+IF(R11=$R$8,1,0)+IF(S11=$S$8,1,0)+IF(T11=$T$8,1,0)+IF(U11=$U$8,1,0)+IF(V11=$V$8,1,0)+IF(W11=$W$8,1,0)+IF(X11=$X$8,1,0)+IF(Y11=$Y$8,1,0)+IF(Z11=$Z$8,1,0)+IF(AA11=$AA$8,1,0)+IF(AB11=$AB$8,1,0)+IF(AC11=$AC$8,1,0)+IF(AD11=$AD$8,1,0)+IF(AE11=$AE$8,1,0)+IF(AF11=$AF$8,1,0)+IF(AG11=$AG$8,1,0)+IF(AH11=$AH$8,1,0)+IF(AI11=$AI$8,1,0)+IF(AJ11=$AJ$8,1,0)+IF(AK11=$AK$8,1,0)+IF(AL11=$AL$8,1,0)+IF(AM11=$AM$8,1,0)+IF(AN11=$AN$8,1,0))) -> 0 | AP11: =IF(D11="","",VLOOKUP(AO11,'PAT-C_Tables'!$K$3:$L$40,2,FALSE))
AO12: =IF(D12="",0,(IF(G12=$G$8,1,0)+IF(H12=$H$8,1,0)+IF(I12=$I$8,1,0)+IF(J12=$J$8,1,0)+IF(K12=$K$8,1,0)+IF(L12=$L$8,1,0)+IF(M12=$M$8,1,0)+IF(N12=$N$8,1,0)+IF(O12=$O$8,1,0)+IF(P12=$P$8,1,0)+IF(Q12=$Q$8,1,0)+IF(R12=$R$8,1,0)+IF(S12=$S$8,1,0)+IF(T12=$T$8,1,0)+IF(U12=$U$8,1,0)+IF(V12=$V$8,1,0)+IF(W12=$W$8,1,0)+IF(X12=$X$8,1,0)+IF(Y12=$Y$8,1,0)+IF(Z12=$Z$8,1,0)+IF(AA12=$AA$8,1,0)+IF(AB12=$AB$8,1,0)+IF(AC12=$AC$8,1,0)+IF(AD12=$AD$8,1,0)+IF(AE12=$AE$8,1,0)+IF(AF12=$AF$8,1,0)+IF(AG12=$AG$8,1,0)+IF(AH12=$AH$8,1,0)+IF(AI12=$AI$8,1,0)+IF(AJ12=$AJ$8,1,0)+IF(AK12=$AK$8,1,0)+IF(AL12=$AL$8,1,0)+IF(AM12=$AM$8,1,0)+IF(AN12=$AN$8,1,0))) -> 0 | AP12: =IF(D12="","",VLOOKUP(AO12,'PAT-C_Tables'!$K$3:$L$40,2,FALSE))
AO13: =IF(D13="",0,(IF(G13=$G$8,1,0)+IF(H13=$H$8,1,0)+IF(I13=$I$8,1,0)+IF(J13=$J$8,1,0)+IF(K13=$K$8,1,0)+IF(L13=$L$8,1,0)+IF(M13=$M$8,1,0)+IF(N13=$N$8,1,0)+IF(O13=$O$8,1,0)+IF(P13=$P$8,1,0)+IF(Q13=$Q$8,1,0)+IF(R13=$R$8,1,0)+IF(S13=$S$8,1,0)+IF(T13=$T$8,1,0)+IF(U13=$U$8,1,0)+IF(V13=$V$8,1,0)+IF(W13=$W$8,1,0)+IF(X13=$X$8,1,0)+IF(Y13=$Y$8,1,0)+IF(Z13=$Z$8,1,0)+IF(AA13=$AA$8,1,0)+IF(AB13=$AB$8,1,0)+IF(AC13=$AC$8,1,0)+IF(AD13=$AD$8,1,0)+IF(AE13=$AE$8,1,0)+IF(AF13=$AF$8,1,0)+IF(AG13=$AG$8,1,0)+IF(AH13=$AH$8,1,0)+IF(AI13=$AI$8,1,0)+IF(AJ13=$AJ$8,1,0)+IF(AK13=$AK$8,1,0)+IF(AL13=$AL$8,1,0)+IF(AM13=$AM$8,1,0)+IF(AN13=$AN$8,1,0))) -> 0 | AP13: =IF(D13="","",VLOOKUP(AO13,'PAT-C_Tables'!$K$3:$L$40,2,FALSE))
AO14: =IF(D14="",0,(IF(G14=$G$8,1,0)+IF(H14=$H$8,1,0)+IF(I14=$I$8,1,0)+IF(J14=$J$8,1,0)+IF(K14=$K$8,1,0)+IF(L14=$L$8,1,0)+IF(M14=$M$8,1,0)+IF(N14=$N$8,1,0)+IF(O14=$O$8,1,0)+IF(P14=$P$8,1,0)+IF(Q14=$Q$8,1,0)+IF(R14=$R$8,1,0)+IF(S14=$S$8,1,0)+IF(T14=$T$8,1,0)+IF(U14=$U$8,1,0)+IF(V14=$V$8,1,0)+IF(W14=$W$8,1,0)+IF(X14=$X$8,1,0)+IF(Y14=$Y$8,1,0)+IF(Z14=$Z$8,1,0)+IF(AA14=$AA$8,1,0)+IF(AB14=$AB$8,1,0)+IF(AC14=$AC$8,1,0)+IF(AD14=$AD$8,1,0)+IF(AE14=$AE$8,1,0)+IF(AF14=$AF$8,1,0)+IF(AG14=$AG$8,1,0)+IF(AH14=$AH$8,1,0)+IF(AI14=$AI$8,1,0)+IF(AJ14=$AJ$8,1,0)+IF(AK14=$AK$8,1,0)+IF(AL14=$AL$8,1,0)+IF(AM14=$AM$8,1,0)+IF(AN14=$AN$8,1,0))) -> 0 | AP14: =IF(D14="","",VLOOKUP(AO14,'PAT-C_Tables'!$K$3:$L$40,2,FALSE))
AO15: =IF(D15="",0,(IF(G15=$G$8,1,0)+IF(H15=$H$8,1,0)+IF(I15=$I$8,1,0)+IF(J15=$J$8,1,0)+IF(K15=$K$8,1,0)+IF(L15=$L$8,1,0)+IF(M15=$M$8,1,0)+IF(N15=$N$8,1,0)+IF(O15=$O$8,1,0)+IF(P15=$P$8,1,0)+IF(Q15=$Q$8,1,0)+IF(R15=$R$8,1,0)+IF(S15=$S$8,1,0)+IF(T15=$T$8,1,0)+IF(U15=$U$8,1,0)+IF(V15=$V$8,1,0)+IF(W15=$W$8,1,0)+IF(X15=$X$8,1,0)+IF(Y15=$Y$8,1,0)+IF(Z15=$Z$8,1,0)+IF(AA15=$AA$8,1,0)+IF(AB15=$AB$8,1,0)+IF(AC15=$AC$8,1,0)+IF(AD15=$AD$8,1,0)+IF(AE15=$AE$8,1,0)+IF(AF15=$AF$8,1,0)+IF(AG15=$AG$8,1,0)+IF(AH15=$AH$8,1,0)+IF(AI15=$AI$8,1,0)+IF(AJ15=$AJ$8,1,0)+IF(AK15=$AK$8,1,0)+IF(AL15=$AL$8,1,0)+IF(AM15=$AM$8,1,0)+IF(AN15=$AN$8,1,0))) -> 0 | AP15: =IF(D15="","",VLOOKUP(AO15,'PAT-C_Tables'!$K$3:$L$40,2,FALSE))
AO16: =IF(D16="",0,(IF(G16=$G$8,1,0)+IF(H16=$H$8,1,0)+IF(I16=$I$8,1,0)+IF(J16=$J$8,1,0)+IF(K16=$K$8,1,0)+IF(L16=$L$8,1,0)+IF(M16=$M$8,1,0)+IF(N16=$N$8,1,0)+IF(O16=$O$8,1,0)+IF(P16=$P$8,1,0)+IF(Q16=$Q$8,1,0)+IF(R16=$R$8,1,0)+IF(S16=$S$8,1,0)+IF(T16=$T$8,1,0)+IF(U16=$U$8,1,0)+IF(V16=$V$8,1,0)+IF(W16=$W$8,1,0)+IF(X16=$X$8,1,0)+IF(Y16=$Y$8,1,0)+IF(Z16=$Z$8,1,0)+IF(AA16=$AA$8,1,0)+IF(AB16=$AB$8,1,0)+IF(AC16=$AC$8,1,0)+IF(AD16=$AD$8,1,0)+IF(AE16=$AE$8,1,0)+IF(AF16=$AF$8,1,0)+IF(AG16=$AG$8,1,0)+IF(AH16=$AH$8,1,0)+IF(AI16=$AI$8,1,0)+IF(AJ16=$AJ$8,1,0)+IF(AK16=$AK$8,1,0)+IF(AL16=$AL$8,1,0)+IF(AM16=$AM$8,1,0)+IF(AN16=$AN$8,1,0))) -> 0 | AP16: =IF(D16="","",VLOOKUP(AO16,'PAT-C_Tables'!$K$3:$L$40,2,FALSE))
AO17: =IF(D17="",0,(IF(G17=$G$8,1,0)+IF(H17=$H$8,1,0)+IF(I17=$I$8,1,0)+IF(J17=$J$8,1,0)+IF(K17=$K$8,1,0)+IF(L17=$L$8,1,0)+IF(M17=$M$8,1,0)+IF(N17=$N$8,1,0)+IF(O17=$O$8,1,0)+IF(P17=$P$8,1,0)+IF(Q17=$Q$8,1,0)+IF(R17=$R$8,1,0)+IF(S17=$S$8,1,0)+IF(T17=$T$8,1,0)+IF(U17=$U$8,1,0)+IF(V17=$V$8,1,0)+IF(W17=$W$8,1,0)+IF(X17=$X$8,1,0)+IF(Y17=$Y$8,1,0)+IF(Z17=$Z$8,1,0)+IF(AA17=$AA$8,1,0)+IF(AB17=$AB$8,1,0)+IF(AC17=$AC$8,1,0)+IF(AD17=$AD$8,1,0)+IF(AE17=$AE$8,1,0)+IF(AF17=$AF$8,1,0)+IF(AG17=$AG$8,1,0)+IF(AH17=$AH$8,1,0)+IF(AI17=$AI$8,1,0)+IF(AJ17=$AJ$8,1,0)+IF(AK17=$AK$8,1,0)+IF(AL17=$AL$8,1,0)+IF(AM17=$AM$8,1,0)+IF(AN17=$AN$8,1,0))) -> 0 | AP17: =IF(D17="","",VLOOKUP(AO17,'PAT-C_Tables'!$K$3:$L$40,2,FALSE))
AO18: =IF(D18="",0,(IF(G18=$G$8,1,0)+IF(H18=$H$8,1,0)+IF(I18=$I$8,1,0)+IF(J18=$J$8,1,0)+IF(K18=$K$8,1,0)+IF(L18=$L$8,1,0)+IF(M18=$M$8,1,0)+IF(N18=$N$8,1,0)+IF(O18=$O$8,1,0)+IF(P18=$P$8,1,0)+IF(Q18=$Q$8,1,0)+IF(R18=$R$8,1,0)+IF(S18=$S$8,1,0)+IF(T18=$T$8,1,0)+IF(U18=$U$8,1,0)+IF(V18=$V$8,1,0)+IF(W18=$W$8,1,0)+IF(X18=$X$8,1,0)+IF(Y18=$Y$8,1,0)+IF(Z18=$Z$8,1,0)+IF(AA18=$AA$8,1,0)+IF(AB18=$AB$8,1,0)+IF(AC18=$AC$8,1,0)+IF(AD18=$AD$8,1,0)+IF(AE18=$AE$8,1,0)+IF(AF18=$AF$8,1,0)+IF(AG18=$AG$8,1,0)+IF(AH18=$AH$8,1,0)+IF(AI18=$AI$8,1,0)+IF(AJ18=$AJ$8,1,0)+IF(AK18=$AK$8,1,0)+IF(AL18=$AL$8,1,0)+IF(AM18=$AM$8,1,0)+IF(AN18=$AN$8,1,0))) -> 0 | AP18: =IF(D18="","",VLOOKUP(AO18,'PAT-C_Tables'!$K$3:$L$40,2,FALSE))
AO19: =IF(D19="",0,(IF(G19=$G$8,1,0)+IF(H19=$H$8,1,0)+IF(I19=$I$8,1,0)+IF(J19=$J$8,1,0)+IF(K19=$K$8,1,0)+IF(L19=$L$8,1,0)+IF(M19=$M$8,1,0)+IF(N19=$N$8,1,0)+IF(O19=$O$8,1,0)+IF(P19=$P$8,1,0)+IF(Q19=$Q$8,1,0)+IF(R19=$R$8,1,0)+IF(S19=$S$8,1,0)+IF(T19=$T$8,1,0)+IF(U19=$U$8,1,0)+IF(V19=$V$8,1,0)+IF(W19=$W$8,1,0)+IF(X19=$X$8,1,0)+IF(Y19=$Y$8,1,0)+IF(Z19=$Z$8,1,0)+IF(AA19=$AA$8,1,0)+IF(AB19=$AB$8,1,0)+IF(AC19=$AC$8,1,0)+IF(AD19=$AD$8,1,0)+IF(AE19=$AE$8,1,0)+IF(AF19=$AF$8,1,0)+IF(AG19=$AG$8,1,0)+IF(AH19=$AH$8,1,0)+IF(AI19=$AI$8,1,0)+IF(AJ19=$AJ$8,1,0)+IF(AK19=$AK$8,1,0)+IF(AL19=$AL$8,1,0)+IF(AM19=$AM$8,1,0)+IF(AN19=$AN$8,1,0))) -> 0 | AP19: =IF(D19="","",VLOOKUP(AO19,'PAT-C_Tables'!$K$3:$L$40,2,FALSE))
AO20: =IF(D20="",0,(IF(G20=$G$8,1,0)+IF(H20=$H$8,1,0)+IF(I20=$I$8,1,0)+IF(J20=$J$8,1,0)+IF(K20=$K$8,1,0)+IF(L20=$L$8,1,0)+IF(M20=$M$8,1,0)+IF(N20=$N$8,1,0)+IF(O20=$O$8,1,0)+IF(P20=$P$8,1,0)+IF(Q20=$Q$8,1,0)+IF(R20=$R$8,1,0)+IF(S20=$S$8,1,0)+IF(T20=$T$8,1,0)+IF(U20=$U$8,1,0)+IF(V20=$V$8,1,0)+IF(W20=$W$8,1,0)+IF(X20=$X$8,1,0)+IF(Y20=$Y$8,1,0)+IF(Z20=$Z$8,1,0)+IF(AA20=$AA$8,1,0)+IF(AB20=$AB$8,1,0)+IF(AC20=$AC$8,1,0)+IF(AD20=$AD$8,1,0)+IF(AE20=$AE$8,1,0)+IF(AF20=$AF$8,1,0)+IF(AG20=$AG$8,1,0)+IF(AH20=$AH$8,1,0)+IF(AI20=$AI$8,1,0)+IF(AJ20=$AJ$8,1,0)+IF(AK20=$AK$8,1,0)+IF(AL20=$AL$8,1,0)+IF(AM20=$AM$8,1,0)+IF(AN20=$AN$8,1,0))) -> 0 | AP20: =IF(D20="","",VLOOKUP(AO20,'PAT-C_Tables'!$K$3:$L$40,2,FALSE))
... AO484: =IF(D484="",0,(IF(G484=$G$8,1,0)+IF(H484=$H$8,1,0)+IF(I484=$I$8,1,0)+IF(J484=$J$8,1,0)+IF(K484=$K$8,1,0)+IF(L484=$L$8,1,0)+IF(M484=$M$8,1,0)+IF(N484=$N$8,1,0)+IF(O484=$O$8,1,0)+IF(P484=$P$8,1,0)+IF(Q484=$Q$8,1,0)+IF(R484=$R$8,1,0)+IF(S484=$S$8,1,0)+IF(T484=$T$8,1,0)+IF(U484=$U$8,1,0)+IF(V484=$V$8,1,0)+IF(W484=$W$8,1,0)+IF(X484=$X$8,1,0)+IF(Y484=$Y$8,1,0)+IF(Z484=$Z$8,1,0)+IF(AA484=$AA$8,1,0)+IF(AB484=$AB$8,1,0)+IF(AC484=$AC$8,1,0)+IF(AD484=$AD$8,1,0)+IF(AE484=$AE$8,1,0)+IF(AF484=$AF$8,1,0)+IF(AG484=$AG$8,1,0)+IF(AH484=$AH$8,1,0)+IF(AI484=$AI$8,1,0)+IF(AJ484=$AJ$8,1,0)+IF(AK484=$AK$8,1,0)+IF(AL484=$AL$8,1,0)+IF(AM484=$AM$8,1,0)+IF(AN484=$AN$8,1,0))) -> 0 | AP484: =IF(D484="","",VLOOKUP(AO484,'PAT-C_Tables'!$K$3:$L$40,2,FALSE))

Sheet PAT-R Comp 6
A1: PAT-R Comprehesion - Test Booklet 6
G3: QUESTION No. and ANSWER KEY (Enter the student's response - "A" or "B" or "C" or "D")
E4: Question Number | G4: 1 | H4: 2 | I4: 3 | J4: 4 | K4: 5 | L4: 6 | M4: 7 | N4: 8 | O4: 9 | P4: 10 | Q4: 11 | R4: 12 | S4: 13 | T4: 14 | U4: 15 | V4: 16 | W4: 17 | X4: 18 | Y4: 19 | Z4: 20 | AA4: 21 | AB4: 22 | AC4: 23 | AD4: 24 | AE4: 25 | AF4: 26 | AG4: 27 | AH4: 28 | AI4: 29 | AJ4: 30 | AK4: 31 | AL4: 32 | AM4: 33 | AN4: 34 | AO4: 35
E5: Item Difficulty | G5: 97.66 | H5: 92.44 | I5: 99.03 | J5: 115.72 | K5: 119.6 | L5: 126.49 | M5: 106.37 | N5: 127.53 | O5: 117.44 | P5: 118.05 | Q5: 113.32 | R5: 119.67 | S5: 117.47 | T5: 135.53 | U5: 120.79 | V5: 121.2 | W5: 116.52 | X5: 108.57 | Y5: 121.86 | Z5: 119.13 | AA5: 123.93 | AB5: 104.93 | AC5: 132.53 | AD5: 116.7 | AE5: 131.39 | AF5: 116.31 | AG5: 121.89 | AH5: 127.49 | AI5: 119.97 | AJ5: 115.71 | AK5: 139.95 | AL5: 129.67 | AM5: 125.28 | AN5: 130.49 | AO5: 121.64
E6: Skill Assessed | G6: IE | H6: RI | I6: RI | J6: II | K6: II | L6: II | M6: II | N6: II | O6: IE | P6: IE | Q6: II | R6: IE | S6: RF | T6: II | U6: IE | V6: IE | W6: II | X6: IE | Y6: RI | Z6: RI | AA6: RI | AB6: RI | AC6: IE | AD6: II | AE6: II | AF6: IE | AG6: II | AH6: IE | AI6: II | AJ6: IE | AK6: II | AL6: IE | AM6: IE | AN6: IE | AO6: RI
A7: required | B7: required | C7: optional | D7: required | E7: required | F7: required
A8: Date (dd/mm/yy) | B8: Yr_Lev | C8: HG | D8: Surname | E8: First_Name | F8: Student_ID | G8: D | H8: C | I8: D | J8: C | K8: C | L8: B | M8: A | N8: C | O8: B | P8: B | Q8: C | R8: D | S8: A | T8: B | U8: D | V8: C | W8: B | X8: D | Y8: A | Z8: C | AA8: B | AB8: D | AC8: D | AD8: A | AE8: C | AF8: D | AG8: A | AH8: C | AI8: A | AJ8: B | AK8: D | AL8: A | AM8: C | AN8: C | AO8: B | AP8: Raw Score | AQ8: PAT Score
A9: 45356 | B9: 3 | C9: 3A | D9: Lname1 | E9: Fname1 | F9: XXXXX1 | AP9: =IF(D9="",0,(IF(G9=$G$8,1,0)+IF(H9=$H$8,1,0)+IF(I9=$I$8,1,0)+IF(J9=$J$8,1,0)+IF(K9=$K$8,1,0)+IF(L9=$L$8,1,0)+IF(M9=$M$8,1,0)+IF(N9=$N$8,1,0)+IF(O9=$O$8,1,0)+IF(P9=$P$8,1,0)+IF(Q9=$Q$8,1,0)+IF(R9=$R$8,1,0)+IF(S9=$S$8,1,0)+IF(T9=$T$8,1,0)+IF(U9=$U$8,1,0)+IF(V9=$V$8,1,0)+IF(W9=$W$8,1,0)+IF(X9=$X$8,1,0)+IF(Y9=$Y$8,1,0)+IF(Z9=$Z$8,1,0)+IF(AA9=$AA$8,1,0)+IF(AB9=$AB$8,1,0)+IF(AC9=$AC$8,1,0)+IF(AD9=$AD$8,1,0)+IF(AE9=$AE$8,1,0)+IF(AF9=$AF$8,1,0)+IF(AG9=$AG$8,1,0)+IF(AH9=$AH$8,1,0)+IF(AI9=$AI$8,1,0)+IF(AJ9=$AJ$8,1,0)+IF(AK9=$AK$8,1,0)+IF(AL9=$AL$8,1,0)+IF(AM9=$AM$8,1,0)+IF(AN9=$AN$8,1,0)+IF(AO9=$AO$8,1,0))) -> 0 | AQ9: =IF(D9="","",VLOOKUP(AP9,'PAT-C_Tables'!$M$3:$N$40,2,FALSE)) -> 67.4
A10: 45356 | B10: 3 | C10: 3A | D10: Lname2 | E10: Fname2 | F10: XXXXX2 | AP10: =IF(D10="",0,(IF(G10=$G$8,1,0)+IF(H10=$H$8,1,0)+IF(I10=$I$8,1,0)+IF(J10=$J$8,1,0)+IF(K10=$K$8,1,0)+IF(L10=$L$8,1,0)+IF(M10=$M$8,1,0)+IF(N10=$N$8,1,0)+IF(O10=$O$8,1,0)+IF(P10=$P$8,1,0)+IF(Q10=$Q$8,1,0)+IF(R10=$R$8,1,0)+IF(S10=$S$8,1,0)+IF(T10=$T$8,1,0)+IF(U10=$U$8,1,0)+IF(V10=$V$8,1,0)+IF(W10=$W$8,1,0)+IF(X10=$X$8,1,0)+IF(Y10=$Y$8,1,0)+IF(Z10=$Z$8,1,0)+IF(AA10=$AA$8,1,0)+IF(AB10=$AB$8,1,0)+IF(AC10=$AC$8,1,0)+IF(AD10=$AD$8,1,0)+IF(AE10=$AE$8,1,0)+IF(AF10=$AF$8,1,0)+IF(AG10=$AG$8,1,0)+IF(AH10=$AH$8,1,0)+IF(AI10=$AI$8,1,0)+IF(AJ10=$AJ$8,1,0)+IF(AK10=$AK$8,1,0)+IF(AL10=$AL$8,1,0)+IF(AM10=$AM$8,1,0)+IF(AN10=$AN$8,1,0)+IF(AO10=$AO$8,1,0))) -> 0 | AQ10: =IF(D10="","",VLOOKUP(AP10,'PAT-C_Tables'!$M$3:$N$40,2,FALSE)) -> 67.4
A11: 45356 | B11: 3 | C11: 3A | D11: Lname3 | E11: Fname3 | F11: XXXXX3 | AP11: =IF(D11="",0,(IF(G11=$G$8,1,0)+IF(H11=$H$8,1,0)+IF(I11=$I$8,1,0)+IF(J11=$J$8,1,0)+IF(K11=$K$8,1,0)+IF(L11=$L$8,1,0)+IF(M11=$M$8,1,0)+IF(N11=$N$8,1,0)+IF(O11=$O$8,1,0)+IF(P11=$P$8,1,0)+IF(Q11=$Q$8,1,0)+IF(R11=$R$8,1,0)+IF(S11=$S$8,1,0)+IF(T11=$T$8,1,0)+IF(U11=$U$8,1,0)+IF(V11=$V$8,1,0)+IF(W11=$W$8,1,0)+IF(X11=$X$8,1,0)+IF(Y11=$Y$8,1,0)+IF(Z11=$Z$8,1,0)+IF(AA11=$AA$8,1,0)+IF(AB11=$AB$8,1,0)+IF(AC11=$AC$8,1,0)+IF(AD11=$AD$8,1,0)+IF(AE11=$AE$8,1,0)+IF(AF11=$AF$8,1,0)+IF(AG11=$AG$8,1,0)+IF(AH11=$AH$8,1,0)+IF(AI11=$AI$8,1,0)+IF(AJ11=$AJ$8,1,0)+IF(AK11=$AK$8,1,0)+IF(AL11=$AL$8,1,0)+IF(AM11=$AM$8,1,0)+IF(AN11=$AN$8,1,0)+IF(AO11=$AO$8,1,0))) -> 0 | AQ11: =IF(D11="","",VLOOKUP(AP11,'PAT-C_Tables'!$M$3:$N$40,2,FALSE)) -> 67.4
A12: 45356 | B12: 3 | C12: 3A | D12: Lname4 | E12: Fname4 | F12: XXXXX4 | AP12: =IF(D12="",0,(IF(G12=$G$8,1,0)+IF(H12=$H$8,1,0)+IF(I12=$I$8,1,0)+IF(J12=$J$8,1,0)+IF(K12=$K$8,1,0)+IF(L12=$L$8,1,0)+IF(M12=$M$8,1,0)+IF(N12=$N$8,1,0)+IF(O12=$O$8,1,0)+IF(P12=$P$8,1,0)+IF(Q12=$Q$8,1,0)+IF(R12=$R$8,1,0)+IF(S12=$S$8,1,0)+IF(T12=$T$8,1,0)+IF(U12=$U$8,1,0)+IF(V12=$V$8,1,0)+IF(W12=$W$8,1,0)+IF(X12=$X$8,1,0)+IF(Y12=$Y$8,1,0)+IF(Z12=$Z$8,1,0)+IF(AA12=$AA$8,1,0)+IF(AB12=$AB$8,1,0)+IF(AC12=$AC$8,1,0)+IF(AD12=$AD$8,1,0)+IF(AE12=$AE$8,1,0)+IF(AF12=$AF$8,1,0)+IF(AG12=$AG$8,1,0)+IF(AH12=$AH$8,1,0)+IF(AI12=$AI$8,1,0)+IF(AJ12=$AJ$8,1,0)+IF(AK12=$AK$8,1,0)+IF(AL12=$AL$8,1,0)+IF(AM12=$AM$8,1,0)+IF(AN12=$AN$8,1,0)+IF(AO12=$AO$8,1,0))) -> 0 | AQ12: =IF(D12="","",VLOOKUP(AP12,'PAT-C_Tables'!$M$3:$N$40,2,FALSE)) -> 67.4
A13: 45356 | B13: 3 | C13: 3B | D13: ULname13 | E13: UFname13 | F13: UNLISTED | AP13: =IF(D13="",0,(IF(G13=$G$8,1,0)+IF(H13=$H$8,1,0)+IF(I13=$I$8,1,0)+IF(J13=$J$8,1,0)+IF(K13=$K$8,1,0)+IF(L13=$L$8,1,0)+IF(M13=$M$8,1,0)+IF(N13=$N$8,1,0)+IF(O13=$O$8,1,0)+IF(P13=$P$8,1,0)+IF(Q13=$Q$8,1,0)+IF(R13=$R$8,1,0)+IF(S13=$S$8,1,0)+IF(T13=$T$8,1,0)+IF(U13=$U$8,1,0)+IF(V13=$V$8,1,0)+IF(W13=$W$8,1,0)+IF(X13=$X$8,1,0)+IF(Y13=$Y$8,1,0)+IF(Z13=$Z$8,1,0)+IF(AA13=$AA$8,1,0)+IF(AB13=$AB$8,1,0)+IF(AC13=$AC$8,1,0)+IF(AD13=$AD$8,1,0)+IF(AE13=$AE$8,1,0)+IF(AF13=$AF$8,1,0)+IF(AG13=$AG$8,1,0)+IF(AH13=$AH$8,1,0)+IF(AI13=$AI$8,1,0)+IF(AJ13=$AJ$8,1,0)+IF(AK13=$AK$8,1,0)+IF(AL13=$AL$8,1,0)+IF(AM13=$AM$8,1,0)+IF(AN13=$AN$8,1,0)+IF(AO13=$AO$8,1,0))) -> 0 | AQ13: =IF(D13="","",VLOOKUP(AP13,'PAT-C_Tables'!$M$3:$N$40,2,FALSE)) -> 67.4
A14: 45356 | B14: 3 | C14: 3A | D14: Lname5 | E14: Fname5 | F14: XXXXX5 | AP14: =IF(D14="",0,(IF(G14=$G$8,1,0)+IF(H14=$H$8,1,0)+IF(I14=$I$8,1,0)+IF(J14=$J$8,1,0)+IF(K14=$K$8,1,0)+IF(L14=$L$8,1,0)+IF(M14=$M$8,1,0)+IF(N14=$N$8,1,0)+IF(O14=$O$8,1,0)+IF(P14=$P$8,1,0)+IF(Q14=$Q$8,1,0)+IF(R14=$R$8,1,0)+IF(S14=$S$8,1,0)+IF(T14=$T$8,1,0)+IF(U14=$U$8,1,0)+IF(V14=$V$8,1,0)+IF(W14=$W$8,1,0)+IF(X14=$X$8,1,0)+IF(Y14=$Y$8,1,0)+IF(Z14=$Z$8,1,0)+IF(AA14=$AA$8,1,0)+IF(AB14=$AB$8,1,0)+IF(AC14=$AC$8,1,0)+IF(AD14=$AD$8,1,0)+IF(AE14=$AE$8,1,0)+IF(AF14=$AF$8,1,0)+IF(AG14=$AG$8,1,0)+IF(AH14=$AH$8,1,0)+IF(AI14=$AI$8,1,0)+IF(AJ14=$AJ$8,1,0)+IF(AK14=$AK$8,1,0)+IF(AL14=$AL$8,1,0)+IF(AM14=$AM$8,1,0)+IF(AN14=$AN$8,1,0)+IF(AO14=$AO$8,1,0))) -> 0 | AQ14: =IF(D14="","",VLOOKUP(AP14,'PAT-C_Tables'!$M$3:$N$40,2,FALSE)) -> 67.4
A15: 45356 | B15: 3 | C15: 3B | D15: Lname6 | E15: Fname6 | F15: XXXXX6 | AP15: =IF(D15="",0,(IF(G15=$G$8,1,0)+IF(H15=$H$8,1,0)+IF(I15=$I$8,1,0)+IF(J15=$J$8,1,0)+IF(K15=$K$8,1,0)+IF(L15=$L$8,1,0)+IF(M15=$M$8,1,0)+IF(N15=$N$8,1,0)+IF(O15=$O$8,1,0)+IF(P15=$P$8,1,0)+IF(Q15=$Q$8,1,0)+IF(R15=$R$8,1,0)+IF(S15=$S$8,1,0)+IF(T15=$T$8,1,0)+IF(U15=$U$8,1,0)+IF(V15=$V$8,1,0)+IF(W15=$W$8,1,0)+IF(X15=$X$8,1,0)+IF(Y15=$Y$8,1,0)+IF(Z15=$Z$8,1,0)+IF(AA15=$AA$8,1,0)+IF(AB15=$AB$8,1,0)+IF(AC15=$AC$8,1,0)+IF(AD15=$AD$8,1,0)+IF(AE15=$AE$8,1,0)+IF(AF15=$AF$8,1,0)+IF(AG15=$AG$8,1,0)+IF(AH15=$AH$8,1,0)+IF(AI15=$AI$8,1,0)+IF(AJ15=$AJ$8,1,0)+IF(AK15=$AK$8,1,0)+IF(AL15=$AL$8,1,0)+IF(AM15=$AM$8,1,0)+IF(AN15=$AN$8,1,0)+IF(AO15=$AO$8,1,0))) -> 0 | AQ15: =IF(D15="","",VLOOKUP(AP15,'PAT-C_Tables'!$M$3:$N$40,2,FALSE)) -> 67.4
A16: 45356 | B16: 3 | C16: 3B | D16: Lname7 | E16: Fname7 | F16: XXXXX7 | AP16: =IF(D16="",0,(IF(G16=$G$8,1,0)+IF(H16=$H$8,1,0)+IF(I16=$I$8,1,0)+IF(J16=$J$8,1,0)+IF(K16=$K$8,1,0)+IF(L16=$L$8,1,0)+IF(M16=$M$8,1,0)+IF(N16=$N$8,1,0)+IF(O16=$O$8,1,0)+IF(P16=$P$8,1,0)+IF(Q16=$Q$8,1,0)+IF(R16=$R$8,1,0)+IF(S16=$S$8,1,0)+IF(T16=$T$8,1,0)+IF(U16=$U$8,1,0)+IF(V16=$V$8,1,0)+IF(W16=$W$8,1,0)+IF(X16=$X$8,1,0)+IF(Y16=$Y$8,1,0)+IF(Z16=$Z$8,1,0)+IF(AA16=$AA$8,1,0)+IF(AB16=$AB$8,1,0)+IF(AC16=$AC$8,1,0)+IF(AD16=$AD$8,1,0)+IF(AE16=$AE$8,1,0)+IF(AF16=$AF$8,1,0)+IF(AG16=$AG$8,1,0)+IF(AH16=$AH$8,1,0)+IF(AI16=$AI$8,1,0)+IF(AJ16=$AJ$8,1,0)+IF(AK16=$AK$8,1,0)+IF(AL16=$AL$8,1,0)+IF(AM16=$AM$8,1,0)+IF(AN16=$AN$8,1,0)+IF(AO16=$AO$8,1,0))) -> 0 | AQ16: =IF(D16="","",VLOOKUP(AP16,'PAT-C_Tables'!$M$3:$N$40,2,FALSE)) -> 67.4
A17: 45356 | B17: 3 | C17: 3B | D17: Lname8 | E17: Fname8 | F17: XXXXX8 | AP17: =IF(D17="",0,(IF(G17=$G$8,1,0)+IF(H17=$H$8,1,0)+IF(I17=$I$8,1,0)+IF(J17=$J$8,1,0)+IF(K17=$K$8,1,0)+IF(L17=$L$8,1,0)+IF(M17=$M$8,1,0)+IF(N17=$N$8,1,0)+IF(O17=$O$8,1,0)+IF(P17=$P$8,1,0)+IF(Q17=$Q$8,1,0)+IF(R17=$R$8,1,0)+IF(S17=$S$8,1,0)+IF(T17=$T$8,1,0)+IF(U17=$U$8,1,0)+IF(V17=$V$8,1,0)+IF(W17=$W$8,1,0)+IF(X17=$X$8,1,0)+IF(Y17=$Y$8,1,0)+IF(Z17=$Z$8,1,0)+IF(AA17=$AA$8,1,0)+IF(AB17=$AB$8,1,0)+IF(AC17=$AC$8,1,0)+IF(AD17=$AD$8,1,0)+IF(AE17=$AE$8,1,0)+IF(AF17=$AF$8,1,0)+IF(AG17=$AG$8,1,0)+IF(AH17=$AH$8,1,0)+IF(AI17=$AI$8,1,0)+IF(AJ17=$AJ$8,1,0)+IF(AK17=$AK$8,1,0)+IF(AL17=$AL$8,1,0)+IF(AM17=$AM$8,1,0)+IF(AN17=$AN$8,1,0)+IF(AO17=$AO$8,1,0))) -> 0 | AQ17: =IF(D17="","",VLOOKUP(AP17,'PAT-C_Tables'!$M$3:$N$40,2,FALSE)) -> 67.4
A18: 45356 | B18: 3 | C18: 3B | D18: Lname9 | E18: Fname9 | F18: XXXXX9 | AP18: =IF(D18="",0,(IF(G18=$G$8,1,0)+IF(H18=$H$8,1,0)+IF(I18=$I$8,1,0)+IF(J18=$J$8,1,0)+IF(K18=$K$8,1,0)+IF(L18=$L$8,1,0)+IF(M18=$M$8,1,0)+IF(N18=$N$8,1,0)+IF(O18=$O$8,1,0)+IF(P18=$P$8,1,0)+IF(Q18=$Q$8,1,0)+IF(R18=$R$8,1,0)+IF(S18=$S$8,1,0)+IF(T18=$T$8,1,0)+IF(U18=$U$8,1,0)+IF(V18=$V$8,1,0)+IF(W18=$W$8,1,0)+IF(X18=$X$8,1,0)+IF(Y18=$Y$8,1,0)+IF(Z18=$Z$8,1,0)+IF(AA18=$AA$8,1,0)+IF(AB18=$AB$8,1,0)+IF(AC18=$AC$8,1,0)+IF(AD18=$AD$8,1,0)+IF(AE18=$AE$8,1,0)+IF(AF18=$AF$8,1,0)+IF(AG18=$AG$8,1,0)+IF(AH18=$AH$8,1,0)+IF(AI18=$AI$8,1,0)+IF(AJ18=$AJ$8,1,0)+IF(AK18=$AK$8,1,0)+IF(AL18=$AL$8,1,0)+IF(AM18=$AM$8,1,0)+IF(AN18=$AN$8,1,0)+IF(AO18=$AO$8,1,0))) -> 0 | AQ18: =IF(D18="","",VLOOKUP(AP18,'PAT-C_Tables'!$M$3:$N$40,2,FALSE)) -> 67.4
A19: 45356 | B19: 3 | C19: 3B | D19: Lname10 | E19: Fname10 | F19: XXXXX10 | AP19: =IF(D19="",0,(IF(G19=$G$8,1,0)+IF(H19=$H$8,1,0)+IF(I19=$I$8,1,0)+IF(J19=$J$8,1,0)+IF(K19=$K$8,1,0)+IF(L19=$L$8,1,0)+IF(M19=$M$8,1,0)+IF(N19=$N$8,1,0)+IF(O19=$O$8,1,0)+IF(P19=$P$8,1,0)+IF(Q19=$Q$8,1,0)+IF(R19=$R$8,1,0)+IF(S19=$S$8,1,0)+IF(T19=$T$8,1,0)+IF(U19=$U$8,1,0)+IF(V19=$V$8,1,0)+IF(W19=$W$8,1,0)+IF(X19=$X$8,1,0)+IF(Y19=$Y$8,1,0)+IF(Z19=$Z$8,1,0)+IF(AA19=$AA$8,1,0)+IF(AB19=$AB$8,1,0)+IF(AC19=$AC$8,1,0)+IF(AD19=$AD$8,1,0)+IF(AE19=$AE$8,1,0)+IF(AF19=$AF$8,1,0)+IF(AG19=$AG$8,1,0)+IF(AH19=$AH$8,1,0)+IF(AI19=$AI$8,1,0)+IF(AJ19=$AJ$8,1,0)+IF(AK19=$AK$8,1,0)+IF(AL19=$AL$8,1,0)+IF(AM19=$AM$8,1,0)+IF(AN19=$AN$8,1,0)+IF(AO19=$AO$8,1,0))) -> 0 | AQ19: =IF(D19="","",VLOOKUP(AP19,'PAT-C_Tables'!$M$3:$N$40,2,FALSE)) -> 67.4
AP20: =IF(D20="",0,(IF(G20=$G$8,1,0)+IF(H20=$H$8,1,0)+IF(I20=$I$8,1,0)+IF(J20=$J$8,1,0)+IF(K20=$K$8,1,0)+IF(L20=$L$8,1,0)+IF(M20=$M$8,1,0)+IF(N20=$N$8,1,0)+IF(O20=$O$8,1,0)+IF(P20=$P$8,1,0)+IF(Q20=$Q$8,1,0)+IF(R20=$R$8,1,0)+IF(S20=$S$8,1,0)+IF(T20=$T$8,1,0)+IF(U20=$U$8,1,0)+IF(V20=$V$8,1,0)+IF(W20=$W$8,1,0)+IF(X20=$X$8,1,0)+IF(Y20=$Y$8,1,0)+IF(Z20=$Z$8,1,0)+IF(AA20=$AA$8,1,0)+IF(AB20=$AB$8,1,0)+IF(AC20=$AC$8,1,0)+IF(AD20=$AD$8,1,0)+IF(AE20=$AE$8,1,0)+IF(AF20=$AF$8,1,0)+IF(AG20=$AG$8,1,0)+IF(AH20=$AH$8,1,0)+IF(AI20=$AI$8,1,0)+IF(AJ20=$AJ$8,1,0)+IF(AK20=$AK$8,1,0)+IF(AL20=$AL$8,1,0)+IF(AM20=$AM$8,1,0)+IF(AN20=$AN$8,1,0)+IF(AO20=$AO$8,1,0))) -> 0 | AQ20: =IF(D20="","",VLOOKUP(AP20,'PAT-C_Tables'!$M$3:$N$40,2,FALSE))
AP21: =IF(D21="",0,(IF(G21=$G$8,1,0)+IF(H21=$H$8,1,0)+IF(I21=$I$8,1,0)+IF(J21=$J$8,1,0)+IF(K21=$K$8,1,0)+IF(L21=$L$8,1,0)+IF(M21=$M$8,1,0)+IF(N21=$N$8,1,0)+IF(O21=$O$8,1,0)+IF(P21=$P$8,1,0)+IF(Q21=$Q$8,1,0)+IF(R21=$R$8,1,0)+IF(S21=$S$8,1,0)+IF(T21=$T$8,1,0)+IF(U21=$U$8,1,0)+IF(V21=$V$8,1,0)+IF(W21=$W$8,1,0)+IF(X21=$X$8,1,0)+IF(Y21=$Y$8,1,0)+IF(Z21=$Z$8,1,0)+IF(AA21=$AA$8,1,0)+IF(AB21=$AB$8,1,0)+IF(AC21=$AC$8,1,0)+IF(AD21=$AD$8,1,0)+IF(AE21=$AE$8,1,0)+IF(AF21=$AF$8,1,0)+IF(AG21=$AG$8,1,0)+IF(AH21=$AH$8,1,0)+IF(AI21=$AI$8,1,0)+IF(AJ21=$AJ$8,1,0)+IF(AK21=$AK$8,1,0)+IF(AL21=$AL$8,1,0)+IF(AM21=$AM$8,1,0)+IF(AN21=$AN$8,1,0)+IF(AO21=$AO$8,1,0))) -> 0 | AQ21: =IF(D21="","",VLOOKUP(AP21,'PAT-C_Tables'!$M$3:$N$40,2,FALSE))
AP22: =IF(D22="",0,(IF(G22=$G$8,1,0)+IF(H22=$H$8,1,0)+IF(I22=$I$8,1,0)+IF(J22=$J$8,1,0)+IF(K22=$K$8,1,0)+IF(L22=$L$8,1,0)+IF(M22=$M$8,1,0)+IF(N22=$N$8,1,0)+IF(O22=$O$8,1,0)+IF(P22=$P$8,1,0)+IF(Q22=$Q$8,1,0)+IF(R22=$R$8,1,0)+IF(S22=$S$8,1,0)+IF(T22=$T$8,1,0)+IF(U22=$U$8,1,0)+IF(V22=$V$8,1,0)+IF(W22=$W$8,1,0)+IF(X22=$X$8,1,0)+IF(Y22=$Y$8,1,0)+IF(Z22=$Z$8,1,0)+IF(AA22=$AA$8,1,0)+IF(AB22=$AB$8,1,0)+IF(AC22=$AC$8,1,0)+IF(AD22=$AD$8,1,0)+IF(AE22=$AE$8,1,0)+IF(AF22=$AF$8,1,0)+IF(AG22=$AG$8,1,0)+IF(AH22=$AH$8,1,0)+IF(AI22=$AI$8,1,0)+IF(AJ22=$AJ$8,1,0)+IF(AK22=$AK$8,1,0)+IF(AL22=$AL$8,1,0)+IF(AM22=$AM$8,1,0)+IF(AN22=$AN$8,1,0)+IF(AO22=$AO$8,1,0))) -> 0 | AQ22: =IF(D22="","",VLOOKUP(AP22,'PAT-C_Tables'!$M$3:$N$40,2,FALSE))
AP23: =IF(D23="",0,(IF(G23=$G$8,1,0)+IF(H23=$H$8,1,0)+IF(I23=$I$8,1,0)+IF(J23=$J$8,1,0)+IF(K23=$K$8,1,0)+IF(L23=$L$8,1,0)+IF(M23=$M$8,1,0)+IF(N23=$N$8,1,0)+IF(O23=$O$8,1,0)+IF(P23=$P$8,1,0)+IF(Q23=$Q$8,1,0)+IF(R23=$R$8,1,0)+IF(S23=$S$8,1,0)+IF(T23=$T$8,1,0)+IF(U23=$U$8,1,0)+IF(V23=$V$8,1,0)+IF(W23=$W$8,1,0)+IF(X23=$X$8,1,0)+IF(Y23=$Y$8,1,0)+IF(Z23=$Z$8,1,0)+IF(AA23=$AA$8,1,0)+IF(AB23=$AB$8,1,0)+IF(AC23=$AC$8,1,0)+IF(AD23=$AD$8,1,0)+IF(AE23=$AE$8,1,0)+IF(AF23=$AF$8,1,0)+IF(AG23=$AG$8,1,0)+IF(AH23=$AH$8,1,0)+IF(AI23=$AI$8,1,0)+IF(AJ23=$AJ$8,1,0)+IF(AK23=$AK$8,1,0)+IF(AL23=$AL$8,1,0)+IF(AM23=$AM$8,1,0)+IF(AN23=$AN$8,1,0)+IF(AO23=$AO$8,1,0))) -> 0 | AQ23: =IF(D23="","",VLOOKUP(AP23,'PAT-C_Tables'!$M$3:$N$40,2,FALSE))
AP24: =IF(D24="",0,(IF(G24=$G$8,1,0)+IF(H24=$H$8,1,0)+IF(I24=$I$8,1,0)+IF(J24=$J$8,1,0)+IF(K24=$K$8,1,0)+IF(L24=$L$8,1,0)+IF(M24=$M$8,1,0)+IF(N24=$N$8,1,0)+IF(O24=$O$8,1,0)+IF(P24=$P$8,1,0)+IF(Q24=$Q$8,1,0)+IF(R24=$R$8,1,0)+IF(S24=$S$8,1,0)+IF(T24=$T$8,1,0)+IF(U24=$U$8,1,0)+IF(V24=$V$8,1,0)+IF(W24=$W$8,1,0)+IF(X24=$X$8,1,0)+IF(Y24=$Y$8,1,0)+IF(Z24=$Z$8,1,0)+IF(AA24=$AA$8,1,0)+IF(AB24=$AB$8,1,0)+IF(AC24=$AC$8,1,0)+IF(AD24=$AD$8,1,0)+IF(AE24=$AE$8,1,0)+IF(AF24=$AF$8,1,0)+IF(AG24=$AG$8,1,0)+IF(AH24=$AH$8,1,0)+IF(AI24=$AI$8,1,0)+IF(AJ24=$AJ$8,1,0)+IF(AK24=$AK$8,1,0)+IF(AL24=$AL$8,1,0)+IF(AM24=$AM$8,1,0)+IF(AN24=$AN$8,1,0)+IF(AO24=$AO$8,1,0))) -> 0 | AQ24: =IF(D24="","",VLOOKUP(AP24,'PAT-C_Tables'!$M$3:$N$40,2,FALSE))
AP25: =IF(D25="",0,(IF(G25=$G$8,1,0)+IF(H25=$H$8,1,0)+IF(I25=$I$8,1,0)+IF(J25=$J$8,1,0)+IF(K25=$K$8,1,0)+IF(L25=$L$8,1,0)+IF(M25=$M$8,1,0)+IF(N25=$N$8,1,0)+IF(O25=$O$8,1,0)+IF(P25=$P$8,1,0)+IF(Q25=$Q$8,1,0)+IF(R25=$R$8,1,0)+IF(S25=$S$8,1,0)+IF(T25=$T$8,1,0)+IF(U25=$U$8,1,0)+IF(V25=$V$8,1,0)+IF(W25=$W$8,1,0)+IF(X25=$X$8,1,0)+IF(Y25=$Y$8,1,0)+IF(Z25=$Z$8,1,0)+IF(AA25=$AA$8,1,0)+IF(AB25=$AB$8,1,0)+IF(AC25=$AC$8,1,0)+IF(AD25=$AD$8,1,0)+IF(AE25=$AE$8,1,0)+IF(AF25=$AF$8,1,0)+IF(AG25=$AG$8,1,0)+IF(AH25=$AH$8,1,0)+IF(AI25=$AI$8,1,0)+IF(AJ25=$AJ$8,1,0)+IF(AK25=$AK$8,1,0)+IF(AL25=$AL$8,1,0)+IF(AM25=$AM$8,1,0)+IF(AN25=$AN$8,1,0)+IF(AO25=$AO$8,1,0))) -> 0 | AQ25: =IF(D25="","",VLOOKUP(AP25,'PAT-C_Tables'!$M$3:$N$40,2,FALSE))
AP26: =IF(D26="",0,(IF(G26=$G$8,1,0)+IF(H26=$H$8,1,0)+IF(I26=$I$8,1,0)+IF(J26=$J$8,1,0)+IF(K26=$K$8,1,0)+IF(L26=$L$8,1,0)+IF(M26=$M$8,1,0)+IF(N26=$N$8,1,0)+IF(O26=$O$8,1,0)+IF(P26=$P$8,1,0)+IF(Q26=$Q$8,1,0)+IF(R26=$R$8,1,0)+IF(S26=$S$8,1,0)+IF(T26=$T$8,1,0)+IF(U26=$U$8,1,0)+IF(V26=$V$8,1,0)+IF(W26=$W$8,1,0)+IF(X26=$X$8,1,0)+IF(Y26=$Y$8,1,0)+IF(Z26=$Z$8,1,0)+IF(AA26=$AA$8,1,0)+IF(AB26=$AB$8,1,0)+IF(AC26=$AC$8,1,0)+IF(AD26=$AD$8,1,0)+IF(AE26=$AE$8,1,0)+IF(AF26=$AF$8,1,0)+IF(AG26=$AG$8,1,0)+IF(AH26=$AH$8,1,0)+IF(AI26=$AI$8,1,0)+IF(AJ26=$AJ$8,1,0)+IF(AK26=$AK$8,1,0)+IF(AL26=$AL$8,1,0)+IF(AM26=$AM$8,1,0)+IF(AN26=$AN$8,1,0)+IF(AO26=$AO$8,1,0))) -> 0 | AQ26: =IF(D26="","",VLOOKUP(AP26,'PAT-C_Tables'!$M$3:$N$40,2,FALSE))
AP27: =IF(D27="",0,(IF(G27=$G$8,1,0)+IF(H27=$H$8,1,0)+IF(I27=$I$8,1,0)+IF(J27=$J$8,1,0)+IF(K27=$K$8,1,0)+IF(L27=$L$8,1,0)+IF(M27=$M$8,1,0)+IF(N27=$N$8,1,0)+IF(O27=$O$8,1,0)+IF(P27=$P$8,1,0)+IF(Q27=$Q$8,1,0)+IF(R27=$R$8,1,0)+IF(S27=$S$8,1,0)+IF(T27=$T$8,1,0)+IF(U27=$U$8,1,0)+IF(V27=$V$8,1,0)+IF(W27=$W$8,1,0)+IF(X27=$X$8,1,0)+IF(Y27=$Y$8,1,0)+IF(Z27=$Z$8,1,0)+IF(AA27=$AA$8,1,0)+IF(AB27=$AB$8,1,0)+IF(AC27=$AC$8,1,0)+IF(AD27=$AD$8,1,0)+IF(AE27=$AE$8,1,0)+IF(AF27=$AF$8,1,0)+IF(AG27=$AG$8,1,0)+IF(AH27=$AH$8,1,0)+IF(AI27=$AI$8,1,0)+IF(AJ27=$AJ$8,1,0)+IF(AK27=$AK$8,1,0)+IF(AL27=$AL$8,1,0)+IF(AM27=$AM$8,1,0)+IF(AN27=$AN$8,1,0)+IF(AO27=$AO$8,1,0))) -> 0 | AQ27: =IF(D27="","",VLOOKUP(AP27,'PAT-C_Tables'!$M$3:$N$40,2,FALSE))
AP28: =IF(D28="",0,(IF(G28=$G$8,1,0)+IF(H28=$H$8,1,0)+IF(I28=$I$8,1,0)+IF(J28=$J$8,1,0)+IF(K28=$K$8,1,0)+IF(L28=$L$8,1,0)+IF(M28=$M$8,1,0)+IF(N28=$N$8,1,0)+IF(O28=$O$8,1,0)+IF(P28=$P$8,1,0)+IF(Q28=$Q$8,1,0)+IF(R28=$R$8,1,0)+IF(S28=$S$8,1,0)+IF(T28=$T$8,1,0)+IF(U28=$U$8,1,0)+IF(V28=$V$8,1,0)+IF(W28=$W$8,1,0)+IF(X28=$X$8,1,0)+IF(Y28=$Y$8,1,0)+IF(Z28=$Z$8,1,0)+IF(AA28=$AA$8,1,0)+IF(AB28=$AB$8,1,0)+IF(AC28=$AC$8,1,0)+IF(AD28=$AD$8,1,0)+IF(AE28=$AE$8,1,0)+IF(AF28=$AF$8,1,0)+IF(AG28=$AG$8,1,0)+IF(AH28=$AH$8,1,0)+IF(AI28=$AI$8,1,0)+IF(AJ28=$AJ$8,1,0)+IF(AK28=$AK$8,1,0)+IF(AL28=$AL$8,1,0)+IF(AM28=$AM$8,1,0)+IF(AN28=$AN$8,1,0)+IF(AO28=$AO$8,1,0))) -> 0 | AQ28: =IF(D28="","",VLOOKUP(AP28,'PAT-C_Tables'!$M$3:$N$40,2,FALSE))
AP29: =IF(D29="",0,(IF(G29=$G$8,1,0)+IF(H29=$H$8,1,0)+IF(I29=$I$8,1,0)+IF(J29=$J$8,1,0)+IF(K29=$K$8,1,0)+IF(L29=$L$8,1,0)+IF(M29=$M$8,1,0)+IF(N29=$N$8,1,0)+IF(O29=$O$8,1,0)+IF(P29=$P$8,1,0)+IF(Q29=$Q$8,1,0)+IF(R29=$R$8,1,0)+IF(S29=$S$8,1,0)+IF(T29=$T$8,1,0)+IF(U29=$U$8,1,0)+IF(V29=$V$8,1,0)+IF(W29=$W$8,1,0)+IF(X29=$X$8,1,0)+IF(Y29=$Y$8,1,0)+IF(Z29=$Z$8,1,0)+IF(AA29=$AA$8,1,0)+IF(AB29=$AB$8,1,0)+IF(AC29=$AC$8,1,0)+IF(AD29=$AD$8,1,0)+IF(AE29=$AE$8,1,0)+IF(AF29=$AF$8,1,0)+IF(AG29=$AG$8,1,0)+IF(AH29=$AH$8,1,0)+IF(AI29=$AI$8,1,0)+IF(AJ29=$AJ$8,1,0)+IF(AK29=$AK$8,1,0)+IF(AL29=$AL$8,1,0)+IF(AM29=$AM$8,1,0)+IF(AN29=$AN$8,1,0)+IF(AO29=$AO$8,1,0))) -> 0 | AQ29: =IF(D29="","",VLOOKUP(AP29,'PAT-C_Tables'!$M$3:$N$40,2,FALSE))
AP30: =IF(D30="",0,(IF(G30=$G$8,1,0)+IF(H30=$H$8,1,0)+IF(I30=$I$8,1,0)+IF(J30=$J$8,1,0)+IF(K30=$K$8,1,0)+IF(L30=$L$8,1,0)+IF(M30=$M$8,1,0)+IF(N30=$N$8,1,0)+IF(O30=$O$8,1,0)+IF(P30=$P$8,1,0)+IF(Q30=$Q$8,1,0)+IF(R30=$R$8,1,0)+IF(S30=$S$8,1,0)+IF(T30=$T$8,1,0)+IF(U30=$U$8,1,0)+IF(V30=$V$8,1,0)+IF(W30=$W$8,1,0)+IF(X30=$X$8,1,0)+IF(Y30=$Y$8,1,0)+IF(Z30=$Z$8,1,0)+IF(AA30=$AA$8,1,0)+IF(AB30=$AB$8,1,0)+IF(AC30=$AC$8,1,0)+IF(AD30=$AD$8,1,0)+IF(AE30=$AE$8,1,0)+IF(AF30=$AF$8,1,0)+IF(AG30=$AG$8,1,0)+IF(AH30=$AH$8,1,0)+IF(AI30=$AI$8,1,0)+IF(AJ30=$AJ$8,1,0)+IF(AK30=$AK$8,1,0)+IF(AL30=$AL$8,1,0)+IF(AM30=$AM$8,1,0)+IF(AN30=$AN$8,1,0)+IF(AO30=$AO$8,1,0))) -> 0 | AQ30: =IF(D30="","",VLOOKUP(AP30,'PAT-C_Tables'!$M$3:$N$40,2,FALSE))
AP31: =IF(D31="",0,(IF(G31=$G$8,1,0)+IF(H31=$H$8,1,0)+IF(I31=$I$8,1,0)+IF(J31=$J$8,1,0)+IF(K31=$K$8,1,0)+IF(L31=$L$8,1,0)+IF(M31=$M$8,1,0)+IF(N31=$N$8,1,0)+IF(O31=$O$8,1,0)+IF(P31=$P$8,1,0)+IF(Q31=$Q$8,1,0)+IF(R31=$R$8,1,0)+IF(S31=$S$8,1,0)+IF(T31=$T$8,1,0)+IF(U31=$U$8,1,0)+IF(V31=$V$8,1,0)+IF(W31=$W$8,1,0)+IF(X31=$X$8,1,0)+IF(Y31=$Y$8,1,0)+IF(Z31=$Z$8,1,0)+IF(AA31=$AA$8,1,0)+IF(AB31=$AB$8,1,0)+IF(AC31=$AC$8,1,0)+IF(AD31=$AD$8,1,0)+IF(AE31=$AE$8,1,0)+IF(AF31=$AF$8,1,0)+IF(AG31=$AG$8,1,0)+IF(AH31=$AH$8,1,0)+IF(AI31=$AI$8,1,0)+IF(AJ31=$AJ$8,1,0)+IF(AK31=$AK$8,1,0)+IF(AL31=$AL$8,1,0)+IF(AM31=$AM$8,1,0)+IF(AN31=$AN$8,1,0)+IF(AO31=$AO$8,1,0))) -> 0 | AQ31: =IF(D31="","",VLOOKUP(AP31,'PAT-C_Tables'!$M$3:$N$40,2,FALSE))
... AP503: =IF(D503="",0,(IF(G503=$G$8,1,0)+IF(H503=$H$8,1,0)+IF(I503=$I$8,1,0)+IF(J503=$J$8,1,0)+IF(K503=$K$8,1,0)+IF(L503=$L$8,1,0)+IF(M503=$M$8,1,0)+IF(N503=$N$8,1,0)+IF(O503=$O$8,1,0)+IF(P503=$P$8,1,0)+IF(Q503=$Q$8,1,0)+IF(R503=$R$8,1,0)+IF(S503=$S$8,1,0)+IF(T503=$T$8,1,0)+IF(U503=$U$8,1,0)+IF(V503=$V$8,1,0)+IF(W503=$W$8,1,0)+IF(X503=$X$8,1,0)+IF(Y503=$Y$8,1,0)+IF(Z503=$Z$8,1,0)+IF(AA503=$AA$8,1,0)+IF(AB503=$AB$8,1,0)+IF(AC503=$AC$8,1,0)+IF(AD503=$AD$8,1,0)+IF(AE503=$AE$8,1,0)+IF(AF503=$AF$8,1,0)+IF(AG503=$AG$8,1,0)+IF(AH503=$AH$8,1,0)+IF(AI503=$AI$8,1,0)+IF(AJ503=$AJ$8,1,0)+IF(AK503=$AK$8,1,0)+IF(AL503=$AL$8,1,0)+IF(AM503=$AM$8,1,0)+IF(AN503=$AN$8,1,0)+IF(AO503=$AO$8,1,0))) -> 0 | AQ503: =IF(D503="","",VLOOKUP(AP503,'PAT-C_Tables'!$M$3:$N$40,2,FALSE))

Sheet PAT-R Comp 8
A1: PAT-R Comprehesion - Test Booklet 8
G3: QUESTION No. and ANSWER KEY (Enter the student's response - "A" or "B" or "C" or "D")
E4: Question Number | G4: 1 | H4: 2 | I4: 3 | J4: 4 | K4: 5 | L4: 6 | M4: 7 | N4: 8 | O4: 9 | P4: 10 | Q4: 11 | R4: 12 | S4: 13 | T4: 14 | U4: 15 | V4: 16 | W4: 17 | X4: 18 | Y4: 19 | Z4: 20 | AA4: 21 | AB4: 22 | AC4: 23 | AD4: 24 | AE4: 25 | AF4: 26 | AG4: 27 | AH4: 28 | AI4: 29 | AJ4: 30 | AK4: 31 | AL4: 32 | AM4: 33 | AN4: 34
E5: Item Difficulty | G5: 103.83 | H5: 112.54 | I5: 106.5 | J5: 107.27 | K5: 130.4 | L5: 114.14 | M5: 120.27 | N5: 117.68 | O5: 126.17 | P5: 124.1 | Q5: 137.87 | R5: 139 | S5: 125.94 | T5: 133.98 | U5: 129.54 | V5: 127.3 | W5: 126.02 | X5: 132.64 | Y5: 132.03 | Z5: 129.48 | AA5: 135.92 | AB5: 134.91 | AC5: 143.22 | AD5: 127.95 | AE5: 142.68 | AF5: 126 | AG5: 129.38 | AH5: 138.81 | AI5: 126.96 | AJ5: 129.66 | AK5: 136.02 | AL5: 131.27 | AM5: 132.17 | AN5: 135.43
E6: Skill Assessed | G6: IE | H6: RI | I6: RI | J6: II | K6: RI | L6: IE | M6: RI | N6: IE | O6: RF | P6: II | Q6: II | R6: IE | S6: II | T6: II | U6: II | V6: II | W6: II | X6: II | Y6: RF | Z6: IE | AA6: RI | AB6: II | AC6: II | AD6: RI | AE6: II | AF6: II | AG6: RF | AH6: II | AI6: II | AJ6: IE | AK6: II | AL6: RF | AM6: IE | AN6: RI
A7: required | B7: required | C7: optional | D7: required | E7: required | F7: required
A8: Date (dd/mm/yy) | B8: Yr_Lev | C8: HG | D8: Surname | E8: First_Name | F8: Student_ID | G8: A | H8: A | I8: C | J8: C | K8: B | L8: C | M8: D | N8: B | O8: C | P8: B | Q8: B | R8: A | S8: D | T8: B | U8: A | V8: B | W8: B | X8: B | Y8: D | Z8: D | AA8: C | AB8: B | AC8: A | AD8: D | AE8: D | AF8: B | AG8: D | AH8: D | AI8: A | AJ8: D | AK8: A | AL8: D | AM8: D | AN8: B | AO8: Raw Score | AP8: PAT Score
A9: 45356 | B9: 3 | C9: 3A | D9: Lname1 | E9: Fname1 | F9: XXXXX1 | AO9: =IF(D9="",0,(IF(G9=$G$8,1,0)+IF(H9=$H$8,1,0)+IF(I9=$I$8,1,0)+IF(J9=$J$8,1,0)+IF(K9=$K$8,1,0)+IF(L9=$L$8,1,0)+IF(M9=$M$8,1,0)+IF(N9=$N$8,1,0)+IF(O9=$O$8,1,0)+IF(P9=$P$8,1,0)+IF(Q9=$Q$8,1,0)+IF(R9=$R$8,1,0)+IF(S9=$S$8,1,0)+IF(T9=$T$8,1,0)+IF(U9=$U$8,1,0)+IF(V9=$V$8,1,0)+IF(W9=$W$8,1,0)+IF(X9=$X$8,1,0)+IF(Y9=$Y$8,1,0)+IF(Z9=$Z$8,1,0)+IF(AA9=$AA$8,1,0)+IF(AB9=$AB$8,1,0)+IF(AC9=$AC$8,1,0)+IF(AD9=$AD$8,1,0)+IF(AE9=$AE$8,1,0)+IF(AF9=$AF$8,1,0)+IF(AG9=$AG$8,1,0)+IF(AH9=$AH$8,1,0)+IF(AI9=$AI$8,1,0)+IF(AJ9=$AJ$8,1,0)+IF(AK9=$AK$8,1,0)+IF(AL9=$AL$8,1,0)+IF(AM9=$AM$8,1,0)+IF(AN9=$AN$8,1,0))) -> 0 | AP9: =IF(D9="","",VLOOKUP(AO9,'PAT-C_Tables'!$Q$3:$R$40,2,FALSE)) -> 76.9
A10: 45356 | B10: 3 | C10: 3A | D10: Lname2 | E10: Fname2 | F10: XXXXX2 | AO10: =IF(D10="",0,(IF(G10=$G$8,1,0)+IF(H10=$H$8,1,0)+IF(I10=$I$8,1,0)+IF(J10=$J$8,1,0)+IF(K10=$K$8,1,0)+IF(L10=$L$8,1,0)+IF(M10=$M$8,1,0)+IF(N10=$N$8,1,0)+IF(O10=$O$8,1,0)+IF(P10=$P$8,1,0)+IF(Q10=$Q$8,1,0)+IF(R10=$R$8,1,0)+IF(S10=$S$8,1,0)+IF(T10=$T$8,1,0)+IF(U10=$U$8,1,0)+IF(V10=$V$8,1,0)+IF(W10=$W$8,1,0)+IF(X10=$X$8,1,0)+IF(Y10=$Y$8,1,0)+IF(Z10=$Z$8,1,0)+IF(AA10=$AA$8,1,0)+IF(AB10=$AB$8,1,0)+IF(AC10=$AC$8,1,0)+IF(AD10=$AD$8,1,0)+IF(AE10=$AE$8,1,0)+IF(AF10=$AF$8,1,0)+IF(AG10=$AG$8,1,0)+IF(AH10=$AH$8,1,0)+IF(AI10=$AI$8,1,0)+IF(AJ10=$AJ$8,1,0)+IF(AK10=$AK$8,1,0)+IF(AL10=$AL$8,1,0)+IF(AM10=$AM$8,1,0)+IF(AN10=$AN$8,1,0))) -> 0 | AP10: =IF(D10="","",VLOOKUP(AO10,'PAT-C_Tables'!$Q$3:$R$40,2,FALSE)) -> 76.9
A11: 45356 | B11: 3 | C11: 3A | D11: Lname3 | E11: Fname3 | F11: XXXXX3 | AO11: =IF(D11="",0,(IF(G11=$G$8,1,0)+IF(H11=$H$8,1,0)+IF(I11=$I$8,1,0)+IF(J11=$J$8,1,0)+IF(K11=$K$8,1,0)+IF(L11=$L$8,1,0)+IF(M11=$M$8,1,0)+IF(N11=$N$8,1,0)+IF(O11=$O$8,1,0)+IF(P11=$P$8,1,0)+IF(Q11=$Q$8,1,0)+IF(R11=$R$8,1,0)+IF(S11=$S$8,1,0)+IF(T11=$T$8,1,0)+IF(U11=$U$8,1,0)+IF(V11=$V$8,1,0)+IF(W11=$W$8,1,0)+IF(X11=$X$8,1,0)+IF(Y11=$Y$8,1,0)+IF(Z11=$Z$8,1,0)+IF(AA11=$AA$8,1,0)+IF(AB11=$AB$8,1,0)+IF(AC11=$AC$8,1,0)+IF(AD11=$AD$8,1,0)+IF(AE11=$AE$8,1,0)+IF(AF11=$AF$8,1,0)+IF(AG11=$AG$8,1,0)+IF(AH11=$AH$8,1,0)+IF(AI11=$AI$8,1,0)+IF(AJ11=$AJ$8,1,0)+IF(AK11=$AK$8,1,0)+IF(AL11=$AL$8,1,0)+IF(AM11=$AM$8,1,0)+IF(AN11=$AN$8,1,0))) -> 0 | AP11: =IF(D11="","",VLOOKUP(AO11,'PAT-C_Tables'!$Q$3:$R$40,2,FALSE)) -> 76.9
A12: 45356 | B12: 3 | C12: 3A | D12: Lname4 | E12: Fname4 | F12: XXXXX4 | AO12: =IF(D12="",0,(IF(G12=$G$8,1,0)+IF(H12=$H$8,1,0)+IF(I12=$I$8,1,0)+IF(J12=$J$8,1,0)+IF(K12=$K$8,1,0)+IF(L12=$L$8,1,0)+IF(M12=$M$8,1,0)+IF(N12=$N$8,1,0)+IF(O12=$O$8,1,0)+IF(P12=$P$8,1,0)+IF(Q12=$Q$8,1,0)+IF(R12=$R$8,1,0)+IF(S12=$S$8,1,0)+IF(T12=$T$8,1,0)+IF(U12=$U$8,1,0)+IF(V12=$V$8,1,0)+IF(W12=$W$8,1,0)+IF(X12=$X$8,1,0)+IF(Y12=$Y$8,1,0)+IF(Z12=$Z$8,1,0)+IF(AA12=$AA$8,1,0)+IF(AB12=$AB$8,1,0)+IF(AC12=$AC$8,1,0)+IF(AD12=$AD$8,1,0)+IF(AE12=$AE$8,1,0)+IF(AF12=$AF$8,1,0)+IF(AG12=$AG$8,1,0)+IF(AH12=$AH$8,1,0)+IF(AI12=$AI$8,1,0)+IF(AJ12=$AJ$8,1,0)+IF(AK12=$AK$8,1,0)+IF(AL12=$AL$8,1,0)+IF(AM12=$AM$8,1,0)+IF(AN12=$AN$8,1,0))) -> 0 | AP12: =IF(D12="","",VLOOKUP(AO12,'PAT-C_Tables'!$Q$3:$R$40,2,FALSE)) -> 76.9
A13: 45356 | B13: 3 | C13: 3B | D13: ULname13 | E13: UFname13 | F13: UNLISTED | AO13: =IF(D13="",0,(IF(G13=$G$8,1,0)+IF(H13=$H$8,1,0)+IF(I13=$I$8,1,0)+IF(J13=$J$8,1,0)+IF(K13=$K$8,1,0)+IF(L13=$L$8,1,0)+IF(M13=$M$8,1,0)+IF(N13=$N$8,1,0)+IF(O13=$O$8,1,0)+IF(P13=$P$8,1,0)+IF(Q13=$Q$8,1,0)+IF(R13=$R$8,1,0)+IF(S13=$S$8,1,0)+IF(T13=$T$8,1,0)+IF(U13=$U$8,1,0)+IF(V13=$V$8,1,0)+IF(W13=$W$8,1,0)+IF(X13=$X$8,1,0)+IF(Y13=$Y$8,1,0)+IF(Z13=$Z$8,1,0)+IF(AA13=$AA$8,1,0)+IF(AB13=$AB$8,1,0)+IF(AC13=$AC$8,1,0)+IF(AD13=$AD$8,1,0)+IF(AE13=$AE$8,1,0)+IF(AF13=$AF$8,1,0)+IF(AG13=$AG$8,1,0)+IF(AH13=$AH$8,1,0)+IF(AI13=$AI$8,1,0)+IF(AJ13=$AJ$8,1,0)+IF(AK13=$AK$8,1,0)+IF(AL13=$AL$8,1,0)+IF(AM13=$AM$8,1,0)+IF(AN13=$AN$8,1,0))) -> 0 | AP13: =IF(D13="","",VLOOKUP(AO13,'PAT-C_Tables'!$Q$3:$R$40,2,FALSE)) -> 76.9
A14: 45356 | B14: 3 | C14: 3A | D14: Lname5 | E14: Fname5 | F14: XXXXX5 | AO14: =IF(D14="",0,(IF(G14=$G$8,1,0)+IF(H14=$H$8,1,0)+IF(I14=$I$8,1,0)+IF(J14=$J$8,1,0)+IF(K14=$K$8,1,0)+IF(L14=$L$8,1,0)+IF(M14=$M$8,1,0)+IF(N14=$N$8,1,0)+IF(O14=$O$8,1,0)+IF(P14=$P$8,1,0)+IF(Q14=$Q$8,1,0)+IF(R14=$R$8,1,0)+IF(S14=$S$8,1,0)+IF(T14=$T$8,1,0)+IF(U14=$U$8,1,0)+IF(V14=$V$8,1,0)+IF(W14=$W$8,1,0)+IF(X14=$X$8,1,0)+IF(Y14=$Y$8,1,0)+IF(Z14=$Z$8,1,0)+IF(AA14=$AA$8,1,0)+IF(AB14=$AB$8,1,0)+IF(AC14=$AC$8,1,0)+IF(AD14=$AD$8,1,0)+IF(AE14=$AE$8,1,0)+IF(AF14=$AF$8,1,0)+IF(AG14=$AG$8,1,0)+IF(AH14=$AH$8,1,0)+IF(AI14=$AI$8,1,0)+IF(AJ14=$AJ$8,1,0)+IF(AK14=$AK$8,1,0)+IF(AL14=$AL$8,1,0)+IF(AM14=$AM$8,1,0)+IF(AN14=$AN$8,1,0))) -> 0 | AP14: =IF(D14="","",VLOOKUP(AO14,'PAT-C_Tables'!$Q$3:$R$40,2,FALSE)) -> 76.9
A15: 45356 | B15: 3 | C15: 3B | D15: Lname6 | E15: Fname6 | F15: XXXXX6 | AO15: =IF(D15="",0,(IF(G15=$G$8,1,0)+IF(H15=$H$8,1,0)+IF(I15=$I$8,1,0)+IF(J15=$J$8,1,0)+IF(K15=$K$8,1,0)+IF(L15=$L$8,1,0)+IF(M15=$M$8,1,0)+IF(N15=$N$8,1,0)+IF(O15=$O$8,1,0)+IF(P15=$P$8,1,0)+IF(Q15=$Q$8,1,0)+IF(R15=$R$8,1,0)+IF(S15=$S$8,1,0)+IF(T15=$T$8,1,0)+IF(U15=$U$8,1,0)+IF(V15=$V$8,1,0)+IF(W15=$W$8,1,0)+IF(X15=$X$8,1,0)+IF(Y15=$Y$8,1,0)+IF(Z15=$Z$8,1,0)+IF(AA15=$AA$8,1,0)+IF(AB15=$AB$8,1,0)+IF(AC15=$AC$8,1,0)+IF(AD15=$AD$8,1,0)+IF(AE15=$AE$8,1,0)+IF(AF15=$AF$8,1,0)+IF(AG15=$AG$8,1,0)+IF(AH15=$AH$8,1,0)+IF(AI15=$AI$8,1,0)+IF(AJ15=$AJ$8,1,0)+IF(AK15=$AK$8,1,0)+IF(AL15=$AL$8,1,0)+IF(AM15=$AM$8,1,0)+IF(AN15=$AN$8,1,0))) -> 0 | AP15: =IF(D15="","",VLOOKUP(AO15,'PAT-C_Tables'!$Q$3:$R$40,2,FALSE)) -> 76.9
A16: 45356 | B16: 3 | C16: 3B | D16: Lname7 | E16: Fname7 | F16: XXXXX7 | AO16: =IF(D16="",0,(IF(G16=$G$8,1,0)+IF(H16=$H$8,1,0)+IF(I16=$I$8,1,0)+IF(J16=$J$8,1,0)+IF(K16=$K$8,1,0)+IF(L16=$L$8,1,0)+IF(M16=$M$8,1,0)+IF(N16=$N$8,1,0)+IF(O16=$O$8,1,0)+IF(P16=$P$8,1,0)+IF(Q16=$Q$8,1,0)+IF(R16=$R$8,1,0)+IF(S16=$S$8,1,0)+IF(T16=$T$8,1,0)+IF(U16=$U$8,1,0)+IF(V16=$V$8,1,0)+IF(W16=$W$8,1,0)+IF(X16=$X$8,1,0)+IF(Y16=$Y$8,1,0)+IF(Z16=$Z$8,1,0)+IF(AA16=$AA$8,1,0)+IF(AB16=$AB$8,1,0)+IF(AC16=$AC$8,1,0)+IF(AD16=$AD$8,1,0)+IF(AE16=$AE$8,1,0)+IF(AF16=$AF$8,1,0)+IF(AG16=$AG$8,1,0)+IF(AH16=$AH$8,1,0)+IF(AI16=$AI$8,1,0)+IF(AJ16=$AJ$8,1,0)+IF(AK16=$AK$8,1,0)+IF(AL16=$AL$8,1,0)+IF(AM16=$AM$8,1,0)+IF(AN16=$AN$8,1,0))) -> 0 | AP16: =IF(D16="","",VLOOKUP(AO16,'PAT-C_Tables'!$Q$3:$R$40,2,FALSE)) -> 76.9
A17: 45356 | B17: 3 | C17: 3B | D17: Lname8 | E17: Fname8 | F17: XXXXX8 | AO17: =IF(D17="",0,(IF(G17=$G$8,1,0)+IF(H17=$H$8,1,0)+IF(I17=$I$8,1,0)+IF(J17=$J$8,1,0)+IF(K17=$K$8,1,0)+IF(L17=$L$8,1,0)+IF(M17=$M$8,1,0)+IF(N17=$N$8,1,0)+IF(O17=$O$8,1,0)+IF(P17=$P$8,1,0)+IF(Q17=$Q$8,1,0)+IF(R17=$R$8,1,0)+IF(S17=$S$8,1,0)+IF(T17=$T$8,1,0)+IF(U17=$U$8,1,0)+IF(V17=$V$8,1,0)+IF(W17=$W$8,1,0)+IF(X17=$X$8,1,0)+IF(Y17=$Y$8,1,0)+IF(Z17=$Z$8,1,0)+IF(AA17=$AA$8,1,0)+IF(AB17=$AB$8,1,0)+IF(AC17=$AC$8,1,0)+IF(AD17=$AD$8,1,0)+IF(AE17=$AE$8,1,0)+IF(AF17=$AF$8,1,0)+IF(AG17=$AG$8,1,0)+IF(AH17=$AH$8,1,0)+IF(AI17=$AI$8,1,0)+IF(AJ17=$AJ$8,1,0)+IF(AK17=$AK$8,1,0)+IF(AL17=$AL$8,1,0)+IF(AM17=$AM$8,1,0)+IF(AN17=$AN$8,1,0))) -> 0 | AP17: =IF(D17="","",VLOOKUP(AO17,'PAT-C_Tables'!$Q$3:$R$40,2,FALSE)) -> 76.9
A18: 45356 | B18: 3 | C18: 3B | D18: Lname9 | E18: Fname9 | F18: XXXXX9 | AO18: =IF(D18="",0,(IF(G18=$G$8,1,0)+IF(H18=$H$8,1,0)+IF(I18=$I$8,1,0)+IF(J18=$J$8,1,0)+IF(K18=$K$8,1,0)+IF(L18=$L$8,1,0)+IF(M18=$M$8,1,0)+IF(N18=$N$8,1,0)+IF(O18=$O$8,1,0)+IF(P18=$P$8,1,0)+IF(Q18=$Q$8,1,0)+IF(R18=$R$8,1,0)+IF(S18=$S$8,1,0)+IF(T18=$T$8,1,0)+IF(U18=$U$8,1,0)+IF(V18=$V$8,1,0)+IF(W18=$W$8,1,0)+IF(X18=$X$8,1,0)+IF(Y18=$Y$8,1,0)+IF(Z18=$Z$8,1,0)+IF(AA18=$AA$8,1,0)+IF(AB18=$AB$8,1,0)+IF(AC18=$AC$8,1,0)+IF(AD18=$AD$8,1,0)+IF(AE18=$AE$8,1,0)+IF(AF18=$AF$8,1,0)+IF(AG18=$AG$8,1,0)+IF(AH18=$AH$8,1,0)+IF(AI18=$AI$8,1,0)+IF(AJ18=$AJ$8,1,0)+IF(AK18=$AK$8,1,0)+IF(AL18=$AL$8,1,0)+IF(AM18=$AM$8,1,0)+IF(AN18=$AN$8,1,0))) -> 0 | AP18: =IF(D18="","",VLOOKUP(AO18,'PAT-C_Tables'!$Q$3:$R$40,2,FALSE)) -> 76.9
A19: 45356 | B19: 3 | C19: 3B | D19: Lname10 | E19: Fname10 | F19: XXXXX10 | AO19: =IF(D19="",0,(IF(G19=$G$8,1,0)+IF(H19=$H$8,1,0)+IF(I19=$I$8,1,0)+IF(J19=$J$8,1,0)+IF(K19=$K$8,1,0)+IF(L19=$L$8,1,0)+IF(M19=$M$8,1,0)+IF(N19=$N$8,1,0)+IF(O19=$O$8,1,0)+IF(P19=$P$8,1,0)+IF(Q19=$Q$8,1,0)+IF(R19=$R$8,1,0)+IF(S19=$S$8,1,0)+IF(T19=$T$8,1,0)+IF(U19=$U$8,1,0)+IF(V19=$V$8,1,0)+IF(W19=$W$8,1,0)+IF(X19=$X$8,1,0)+IF(Y19=$Y$8,1,0)+IF(Z19=$Z$8,1,0)+IF(AA19=$AA$8,1,0)+IF(AB19=$AB$8,1,0)+IF(AC19=$AC$8,1,0)+IF(AD19=$AD$8,1,0)+IF(AE19=$AE$8,1,0)+IF(AF19=$AF$8,1,0)+IF(AG19=$AG$8,1,0)+IF(AH19=$AH$8,1,0)+IF(AI19=$AI$8,1,0)+IF(AJ19=$AJ$8,1,0)+IF(AK19=$AK$8,1,0)+IF(AL19=$AL$8,1,0)+IF(AM19=$AM$8,1,0)+IF(AN19=$AN$8,1,0))) -> 0 | AP19: =IF(D19="","",VLOOKUP(AO19,'PAT-C_Tables'!$Q$3:$R$40,2,FALSE)) -> 76.9
AO20: =IF(D20="",0,(IF(G20=$G$8,1,0)+IF(H20=$H$8,1,0)+IF(I20=$I$8,1,0)+IF(J20=$J$8,1,0)+IF(K20=$K$8,1,0)+IF(L20=$L$8,1,0)+IF(M20=$M$8,1,0)+IF(N20=$N$8,1,0)+IF(O20=$O$8,1,0)+IF(P20=$P$8,1,0)+IF(Q20=$Q$8,1,0)+IF(R20=$R$8,1,0)+IF(S20=$S$8,1,0)+IF(T20=$T$8,1,0)+IF(U20=$U$8,1,0)+IF(V20=$V$8,1,0)+IF(W20=$W$8,1,0)+IF(X20=$X$8,1,0)+IF(Y20=$Y$8,1,0)+IF(Z20=$Z$8,1,0)+IF(AA20=$AA$8,1,0)+IF(AB20=$AB$8,1,0)+IF(AC20=$AC$8,1,0)+IF(AD20=$AD$8,1,0)+IF(AE20=$AE$8,1,0)+IF(AF20=$AF$8,1,0)+IF(AG20=$AG$8,1,0)+IF(AH20=$AH$8,1,0)+IF(AI20=$AI$8,1,0)+IF(AJ20=$AJ$8,1,0)+IF(AK20=$AK$8,1,0)+IF(AL20=$AL$8,1,0)+IF(AM20=$AM$8,1,0)+IF(AN20=$AN$8,1,0))) -> 0 | AP20: =IF(D20="","",VLOOKUP(AO20,'PAT-C_Tables'!$Q$3:$R$40,2,FALSE))
AO21: =IF(D21="",0,(IF(G21=$G$8,1,0)+IF(H21=$H$8,1,0)+IF(I21=$I$8,1,0)+IF(J21=$J$8,1,0)+IF(K21=$K$8,1,0)+IF(L21=$L$8,1,0)+IF(M21=$M$8,1,0)+IF(N21=$N$8,1,0)+IF(O21=$O$8,1,0)+IF(P21=$P$8,1,0)+IF(Q21=$Q$8,1,0)+IF(R21=$R$8,1,0)+IF(S21=$S$8,1,0)+IF(T21=$T$8,1,0)+IF(U21=$U$8,1,0)+IF(V21=$V$8,1,0)+IF(W21=$W$8,1,0)+IF(X21=$X$8,1,0)+IF(Y21=$Y$8,1,0)+IF(Z21=$Z$8,1,0)+IF(AA21=$AA$8,1,0)+IF(AB21=$AB$8,1,0)+IF(AC21=$AC$8,1,0)+IF(AD21=$AD$8,1,0)+IF(AE21=$AE$8,1,0)+IF(AF21=$AF$8,1,0)+IF(AG21=$AG$8,1,0)+IF(AH21=$AH$8,1,0)+IF(AI21=$AI$8,1,0)+IF(AJ21=$AJ$8,1,0)+IF(AK21=$AK$8,1,0)+IF(AL21=$AL$8,1,0)+IF(AM21=$AM$8,1,0)+IF(AN21=$AN$8,1,0))) -> 0 | AP21: =IF(D21="","",VLOOKUP(AO21,'PAT-C_Tables'!$Q$3:$R$40,2,FALSE))
AO22: =IF(D22="",0,(IF(G22=$G$8,1,0)+IF(H22=$H$8,1,0)+IF(I22=$I$8,1,0)+IF(J22=$J$8,1,0)+IF(K22=$K$8,1,0)+IF(L22=$L$8,1,0)+IF(M22=$M$8,1,0)+IF(N22=$N$8,1,0)+IF(O22=$O$8,1,0)+IF(P22=$P$8,1,0)+IF(Q22=$Q$8,1,0)+IF(R22=$R$8,1,0)+IF(S22=$S$8,1,0)+IF(T22=$T$8,1,0)+IF(U22=$U$8,1,0)+IF(V22=$V$8,1,0)+IF(W22=$W$8,1,0)+IF(X22=$X$8,1,0)+IF(Y22=$Y$8,1,0)+IF(Z22=$Z$8,1,0)+IF(AA22=$AA$8,1,0)+IF(AB22=$AB$8,1,0)+IF(AC22=$AC$8,1,0)+IF(AD22=$AD$8,1,0)+IF(AE22=$AE$8,1,0)+IF(AF22=$AF$8,1,0)+IF(AG22=$AG$8,1,0)+IF(AH22=$AH$8,1,0)+IF(AI22=$AI$8,1,0)+IF(AJ22=$AJ$8,1,0)+IF(AK22=$AK$8,1,0)+IF(AL22=$AL$8,1,0)+IF(AM22=$AM$8,1,0)+IF(AN22=$AN$8,1,0))) -> 0 | AP22: =IF(D22="","",VLOOKUP(AO22,'PAT-C_Tables'!$Q$3:$R$40,2,FALSE))
AO23: =IF(D23="",0,(IF(G23=$G$8,1,0)+IF(H23=$H$8,1,0)+IF(I23=$I$8,1,0)+IF(J23=$J$8,1,0)+IF(K23=$K$8,1,0)+IF(L23=$L$8,1,0)+IF(M23=$M$8,1,0)+IF(N23=$N$8,1,0)+IF(O23=$O$8,1,0)+IF(P23=$P$8,1,0)+IF(Q23=$Q$8,1,0)+IF(R23=$R$8,1,0)+IF(S23=$S$8,1,0)+IF(T23=$T$8,1,0)+IF(U23=$U$8,1,0)+IF(V23=$V$8,1,0)+IF(W23=$W$8,1,0)+IF(X23=$X$8,1,0)+IF(Y23=$Y$8,1,0)+IF(Z23=$Z$8,1,0)+IF(AA23=$AA$8,1,0)+IF(AB23=$AB$8,1,0)+IF(AC23=$AC$8,1,0)+IF(AD23=$AD$8,1,0)+IF(AE23=$AE$8,1,0)+IF(AF23=$AF$8,1,0)+IF(AG23=$AG$8,1,0)+IF(AH23=$AH$8,1,0)+IF(AI23=$AI$8,1,0)+IF(AJ23=$AJ$8,1,0)+IF(AK23=$AK$8,1,0)+IF(AL23=$AL$8,1,0)+IF(AM23=$AM$8,1,0)+IF(AN23=$AN$8,1,0))) -> 0 | AP23: =IF(D23="","",VLOOKUP(AO23,'PAT-C_Tables'!$Q$3:$R$40,2,FALSE))
AO24: =IF(D24="",0,(IF(G24=$G$8,1,0)+IF(H24=$H$8,1,0)+IF(I24=$I$8,1,0)+IF(J24=$J$8,1,0)+IF(K24=$K$8,1,0)+IF(L24=$L$8,1,0)+IF(M24=$M$8,1,0)+IF(N24=$N$8,1,0)+IF(O24=$O$8,1,0)+IF(P24=$P$8,1,0)+IF(Q24=$Q$8,1,0)+IF(R24=$R$8,1,0)+IF(S24=$S$8,1,0)+IF(T24=$T$8,1,0)+IF(U24=$U$8,1,0)+IF(V24=$V$8,1,0)+IF(W24=$W$8,1,0)+IF(X24=$X$8,1,0)+IF(Y24=$Y$8,1,0)+IF(Z24=$Z$8,1,0)+IF(AA24=$AA$8,1,0)+IF(AB24=$AB$8,1,0)+IF(AC24=$AC$8,1,0)+IF(AD24=$AD$8,1,0)+IF(AE24=$AE$8,1,0)+IF(AF24=$AF$8,1,0)+IF(AG24=$AG$8,1,0)+IF(AH24=$AH$8,1,0)+IF(AI24=$AI$8,1,0)+IF(AJ24=$AJ$8,1,0)+IF(AK24=$AK$8,1,0)+IF(AL24=$AL$8,1,0)+IF(AM24=$AM$8,1,0)+IF(AN24=$AN$8,1,0))) -> 0 | AP24: =IF(D24="","",VLOOKUP(AO24,'PAT-C_Tables'!$Q$3:$R$40,2,FALSE))
AO25: =IF(D25="",0,(IF(G25=$G$8,1,0)+IF(H25=$H$8,1,0)+IF(I25=$I$8,1,0)+IF(J25=$J$8,1,0)+IF(K25=$K$8,1,0)+IF(L25=$L$8,1,0)+IF(M25=$M$8,1,0)+IF(N25=$N$8,1,0)+IF(O25=$O$8,1,0)+IF(P25=$P$8,1,0)+IF(Q25=$Q$8,1,0)+IF(R25=$R$8,1,0)+IF(S25=$S$8,1,0)+IF(T25=$T$8,1,0)+IF(U25=$U$8,1,0)+IF(V25=$V$8,1,0)+IF(W25=$W$8,1,0)+IF(X25=$X$8,1,0)+IF(Y25=$Y$8,1,0)+IF(Z25=$Z$8,1,0)+IF(AA25=$AA$8,1,0)+IF(AB25=$AB$8,1,0)+IF(AC25=$AC$8,1,0)+IF(AD25=$AD$8,1,0)+IF(AE25=$AE$8,1,0)+IF(AF25=$AF$8,1,0)+IF(AG25=$AG$8,1,0)+IF(AH25=$AH$8,1,0)+IF(AI25=$AI$8,1,0)+IF(AJ25=$AJ$8,1,0)+IF(AK25=$AK$8,1,0)+IF(AL25=$AL$8,1,0)+IF(AM25=$AM$8,1,0)+IF(AN25=$AN$8,1,0))) -> 0 | AP25: =IF(D25="","",VLOOKUP(AO25,'PAT-C_Tables'!$Q$3:$R$40,2,FALSE))
AO26: =IF(D26="",0,(IF(G26=$G$8,1,0)+IF(H26=$H$8,1,0)+IF(I26=$I$8,1,0)+IF(J26=$J$8,1,0)+IF(K26=$K$8,1,0)+IF(L26=$L$8,1,0)+IF(M26=$M$8,1,0)+IF(N26=$N$8,1,0)+IF(O26=$O$8,1,0)+IF(P26=$P$8,1,0)+IF(Q26=$Q$8,1,0)+IF(R26=$R$8,1,0)+IF(S26=$S$8,1,0)+IF(T26=$T$8,1,0)+IF(U26=$U$8,1,0)+IF(V26=$V$8,1,0)+IF(W26=$W$8,1,0)+IF(X26=$X$8,1,0)+IF(Y26=$Y$8,1,0)+IF(Z26=$Z$8,1,0)+IF(AA26=$AA$8,1,0)+IF(AB26=$AB$8,1,0)+IF(AC26=$AC$8,1,0)+IF(AD26=$AD$8,1,0)+IF(AE26=$AE$8,1,0)+IF(AF26=$AF$8,1,0)+IF(AG26=$AG$8,1,0)+IF(AH26=$AH$8,1,0)+IF(AI26=$AI$8,1,0)+IF(AJ26=$AJ$8,1,0)+IF(AK26=$AK$8,1,0)+IF(AL26=$AL$8,1,0)+IF(AM26=$AM$8,1,0)+IF(AN26=$AN$8,1,0))) -> 0 | AP26: =IF(D26="","",VLOOKUP(AO26,'PAT-C_Tables'!$Q$3:$R$40,2,FALSE))
AO27: =IF(D27="",0,(IF(G27=$G$8,1,0)+IF(H27=$H$8,1,0)+IF(I27=$I$8,1,0)+IF(J27=$J$8,1,0)+IF(K27=$K$8,1,0)+IF(L27=$L$8,1,0)+IF(M27=$M$8,1,0)+IF(N27=$N$8,1,0)+IF(O27=$O$8,1,0)+IF(P27=$P$8,1,0)+IF(Q27=$Q$8,1,0)+IF(R27=$R$8,1,0)+IF(S27=$S$8,1,0)+IF(T27=$T$8,1,0)+IF(U27=$U$8,1,0)+IF(V27=$V$8,1,0)+IF(W27=$W$8,1,0)+IF(X27=$X$8,1,0)+IF(Y27=$Y$8,1,0)+IF(Z27=$Z$8,1,0)+IF(AA27=$AA$8,1,0)+IF(AB27=$AB$8,1,0)+IF(AC27=$AC$8,1,0)+IF(AD27=$AD$8,1,0)+IF(AE27=$AE$8,1,0)+IF(AF27=$AF$8,1,0)+IF(AG27=$AG$8,1,0)+IF(AH27=$AH$8,1,0)+IF(AI27=$AI$8,1,0)+IF(AJ27=$AJ$8,1,0)+IF(AK27=$AK$8,1,0)+IF(AL27=$AL$8,1,0)+IF(AM27=$AM$8,1,0)+IF(AN27=$AN$8,1,0))) -> 0 | AP27: =IF(D27="","",VLOOKUP(AO27,'PAT-C_Tables'!$Q$3:$R$40,2,FALSE))
AO28: =IF(D28="",0,(IF(G28=$G$8,1,0)+IF(H28=$H$8,1,0)+IF(I28=$I$8,1,0)+IF(J28=$J$8,1,0)+IF(K28=$K$8,1,0)+IF(L28=$L$8,1,0)+IF(M28=$M$8,1,0)+IF(N28=$N$8,1,0)+IF(O28=$O$8,1,0)+IF(P28=$P$8,1,0)+IF(Q28=$Q$8,1,0)+IF(R28=$R$8,1,0)+IF(S28=$S$8,1,0)+IF(T28=$T$8,1,0)+IF(U28=$U$8,1,0)+IF(V28=$V$8,1,0)+IF(W28=$W$8,1,0)+IF(X28=$X$8,1,0)+IF(Y28=$Y$8,1,0)+IF(Z28=$Z$8,1,0)+IF(AA28=$AA$8,1,0)+IF(AB28=$AB$8,1,0)+IF(AC28=$AC$8,1,0)+IF(AD28=$AD$8,1,0)+IF(AE28=$AE$8,1,0)+IF(AF28=$AF$8,1,0)+IF(AG28=$AG$8,1,0)+IF(AH28=$AH$8,1,0)+IF(AI28=$AI$8,1,0)+IF(AJ28=$AJ$8,1,0)+IF(AK28=$AK$8,1,0)+IF(AL28=$AL$8,1,0)+IF(AM28=$AM$8,1,0)+IF(AN28=$AN$8,1,0))) -> 0 | AP28: =IF(D28="","",VLOOKUP(AO28,'PAT-C_Tables'!$Q$3:$R$40,2,FALSE))
AO29: =IF(D29="",0,(IF(G29=$G$8,1,0)+IF(H29=$H$8,1,0)+IF(I29=$I$8,1,0)+IF(J29=$J$8,1,0)+IF(K29=$K$8,1,0)+IF(L29=$L$8,1,0)+IF(M29=$M$8,1,0)+IF(N29=$N$8,1,0)+IF(O29=$O$8,1,0)+IF(P29=$P$8,1,0)+IF(Q29=$Q$8,1,0)+IF(R29=$R$8,1,0)+IF(S29=$S$8,1,0)+IF(T29=$T$8,1,0)+IF(U29=$U$8,1,0)+IF(V29=$V$8,1,0)+IF(W29=$W$8,1,0)+IF(X29=$X$8,1,0)+IF(Y29=$Y$8,1,0)+IF(Z29=$Z$8,1,0)+IF(AA29=$AA$8,1,0)+IF(AB29=$AB$8,1,0)+IF(AC29=$AC$8,1,0)+IF(AD29=$AD$8,1,0)+IF(AE29=$AE$8,1,0)+IF(AF29=$AF$8,1,0)+IF(AG29=$AG$8,1,0)+IF(AH29=$AH$8,1,0)+IF(AI29=$AI$8,1,0)+IF(AJ29=$AJ$8,1,0)+IF(AK29=$AK$8,1,0)+IF(AL29=$AL$8,1,0)+IF(AM29=$AM$8,1,0)+IF(AN29=$AN$8,1,0))) -> 0 | AP29: =IF(D29="","",VLOOKUP(AO29,'PAT-C_Tables'!$Q$3:$R$40,2,FALSE))
AO30: =IF(D30="",0,(IF(G30=$G$8,1,0)+IF(H30=$H$8,1,0)+IF(I30=$I$8,1,0)+IF(J30=$J$8,1,0)+IF(K30=$K$8,1,0)+IF(L30=$L$8,1,0)+IF(M30=$M$8,1,0)+IF(N30=$N$8,1,0)+IF(O30=$O$8,1,0)+IF(P30=$P$8,1,0)+IF(Q30=$Q$8,1,0)+IF(R30=$R$8,1,0)+IF(S30=$S$8,1,0)+IF(T30=$T$8,1,0)+IF(U30=$U$8,1,0)+IF(V30=$V$8,1,0)+IF(W30=$W$8,1,0)+IF(X30=$X$8,1,0)+IF(Y30=$Y$8,1,0)+IF(Z30=$Z$8,1,0)+IF(AA30=$AA$8,1,0)+IF(AB30=$AB$8,1,0)+IF(AC30=$AC$8,1,0)+IF(AD30=$AD$8,1,0)+IF(AE30=$AE$8,1,0)+IF(AF30=$AF$8,1,0)+IF(AG30=$AG$8,1,0)+IF(AH30=$AH$8,1,0)+IF(AI30=$AI$8,1,0)+IF(AJ30=$AJ$8,1,0)+IF(AK30=$AK$8,1,0)+IF(AL30=$AL$8,1,0)+IF(AM30=$AM$8,1,0)+IF(AN30=$AN$8,1,0))) -> 0 | AP30: =IF(D30="","",VLOOKUP(AO30,'PAT-C_Tables'!$Q$3:$R$40,2,FALSE))
AO31: =IF(D31="",0,(IF(G31=$G$8,1,0)+IF(H31=$H$8,1,0)+IF(I31=$I$8,1,0)+IF(J31=$J$8,1,0)+IF(K31=$K$8,1,0)+IF(L31=$L$8,1,0)+IF(M31=$M$8,1,0)+IF(N31=$N$8,1,0)+IF(O31=$O$8,1,0)+IF(P31=$P$8,1,0)+IF(Q31=$Q$8,1,0)+IF(R31=$R$8,1,0)+IF(S31=$S$8,1,0)+IF(T31=$T$8,1,0)+IF(U31=$U$8,1,0)+IF(V31=$V$8,1,0)+IF(W31=$W$8,1,0)+IF(X31=$X$8,1,0)+IF(Y31=$Y$8,1,0)+IF(Z31=$Z$8,1,0)+IF(AA31=$AA$8,1,0)+IF(AB31=$AB$8,1,0)+IF(AC31=$AC$8,1,0)+IF(AD31=$AD$8,1,0)+IF(AE31=$AE$8,1,0)+IF(AF31=$AF$8,1,0)+IF(AG31=$AG$8,1,0)+IF(AH31=$AH$8,1,0)+IF(AI31=$AI$8,1,0)+IF(AJ31=$AJ$8,1,0)+IF(AK31=$AK$8,1,0)+IF(AL31=$AL$8,1,0)+IF(AM31=$AM$8,1,0)+IF(AN31=$AN$8,1,0))) -> 0 | AP31: =IF(D31="","",VLOOKUP(AO31,'PAT-C_Tables'!$Q$3:$R$40,2,FALSE))
... AO503: =IF(D503="",0,(IF(G503=$G$8,1,0)+IF(H503=$H$8,1,0)+IF(I503=$I$8,1,0)+IF(J503=$J$8,1,0)+IF(K503=$K$8,1,0)+IF(L503=$L$8,1,0)+IF(M503=$M$8,1,0)+IF(N503=$N$8,1,0)+IF(O503=$O$8,1,0)+IF(P503=$P$8,1,0)+IF(Q503=$Q$8,1,0)+IF(R503=$R$8,1,0)+IF(S503=$S$8,1,0)+IF(T503=$T$8,1,0)+IF(U503=$U$8,1,0)+IF(V503=$V$8,1,0)+IF(W503=$W$8,1,0)+IF(X503=$X$8,1,0)+IF(Y503=$Y$8,1,0)+IF(Z503=$Z$8,1,0)+IF(AA503=$AA$8,1,0)+IF(AB503=$AB$8,1,0)+IF(AC503=$AC$8,1,0)+IF(AD503=$AD$8,1,0)+IF(AE503=$AE$8,1,0)+IF(AF503=$AF$8,1,0)+IF(AG503=$AG$8,1,0)+IF(AH503=$AH$8,1,0)+IF(AI503=$AI$8,1,0)+IF(AJ503=$AJ$8,1,0)+IF(AK503=$AK$8,1,0)+IF(AL503=$AL$8,1,0)+IF(AM503=$AM$8,1,0)+IF(AN503=$AN$8,1,0))) -> 0 | AP503: =IF(D503="","",VLOOKUP(AO503,'PAT-C_Tables'!$Q$3:$R$40,2,FALSE))

Sheet PAT-R Comp 7
A1: PAT-R Comprehesion - Test Booklet 7
G3: QUESTION No. and ANSWER KEY (Enter the student's response - "A" or "B" or "C" or "D")
E4: Question Number | G4: 1 | H4: 2 | I4: 3 | J4: 4 | K4: 5 | L4: 6 | M4: 7 | N4: 8 | O4: 9 | P4: 10 | Q4: 11 | R4: 12 | S4: 13 | T4: 14 | U4: 15 | V4: 16 | W4: 17 | X4: 18 | Y4: 19 | Z4: 20 | AA4: 21 | AB4: 22 | AC4: 23 | AD4: 24 | AE4: 25 | AF4: 26 | AG4: 27 | AH4: 28 | AI4: 29 | AJ4: 30 | AK4: 31 | AL4: 32 | AM4: 33 | AN4: 34 | AO4: 35
E5: Item Difficulty | G5: 114.31 | H5: 117.09 | I5: 124.34 | J5: 108.82 | K5: 113.52 | L5: 120.17 | M5: 119.01 | N5: 126.7 | O5: 114.23 | P5: 142.93 | Q5: 127.84 | R5: 121.97 | S5: 126.6 | T5: 114.56 | U5: 112.29 | V5: 113.52 | W5: 130.75 | X5: 125.36 | Y5: 141.03 | Z5: 132.68 | AA5: 115.45 | AB5: 102.39 | AC5: 122.64 | AD5: 119.04 | AE5: 120.61 | AF5: 137.14 | AG5: 137 | AH5: 135.4 | AI5: 130.97 | AJ5: 130.45 | AK5: 131.18 | AL5: 110.85 | AM5: 138.53 | AN5: 128.07 | AO5: 138.87
E6: Skill Assessed | G6: IE | H6: IE | I6: IE | J6: RI | K6: RI | L6: RI | M6: II | N6: II | O6: II | P6: II | Q6: IE | R6: IE | S6: IE | T6: IE | U6: II | V6: RF | W6: RF | X6: IE | Y6: IE | Z6: II | AA6: IE | AB6: RI | AC6: RI | AD6: II | AE6: IE | AF6: II | AG6: IE | AH6: IE | AI6: IE | AJ6: IE | AK6: II | AL6: RI | AM6: IE | AN6: II | AO6: IE
A7: required | B7: required | C7: optional | D7: required | E7: required | F7: required
A8: Date (dd/mm/yy) | B8: Yr_Lev | C8: HG | D8: Surname | E8: First_Name | F8: Student_ID | G8: C | H8: C | I8: D | J8: A | K8: A | L8: A | M8: C | N8: D | O8: A | P8: B | Q8: C | R8: C | S8: A | T8: D | U8: B | V8: C | W8: A | X8: B | Y8: A | Z8: A | AA8: D | AB8: B | AC8: C | AD8: C | AE8: A | AF8: B | AG8: C | AH8: D | AI8: A | AJ8: D | AK8: B | AL8: A | AM8: B | AN8: B | AO8: D | AP8: Raw Score | AQ8: PAT Score
A9: 45356 | B9: 3 | C9: 3A | D9: Lname1 | E9: Fname1 | F9: XXXXX1 | AP9: =IF(D9="",0,(IF(G9=$G$8,1,0)+IF(H9=$H$8,1,0)+IF(I9=$I$8,1,0)+IF(J9=$J$8,1,0)+IF(K9=$K$8,1,0)+IF(L9=$L$8,1,0)+IF(M9=$M$8,1,0)+IF(N9=$N$8,1,0)+IF(O9=$O$8,1,0)+IF(P9=$P$8,1,0)+IF(Q9=$Q$8,1,0)+IF(R9=$R$8,1,0)+IF(S9=$S$8,1,0)+IF(T9=$T$8,1,0)+IF(U9=$U$8,1,0)+IF(V9=$V$8,1,0)+IF(W9=$W$8,1,0)+IF(X9=$X$8,1,0)+IF(Y9=$Y$8,1,0)+IF(Z9=$Z$8,1,0)+IF(AA9=$AA$8,1,0)+IF(AB9=$AB$8,1,0)+IF(AC9=$AC$8,1,0)+IF(AD9=$AD$8,1,0)+IF(AE9=$AE$8,1,0)+IF(AF9=$AF$8,1,0)+IF(AG9=$AG$8,1,0)+IF(AH9=$AH$8,1,0)+IF(AI9=$AI$8,1,0)+IF(AJ9=$AJ$8,1,0)+IF(AK9=$AK$8,1,0)+IF(AL9=$AL$8,1,0)+IF(AM9=$AM$8,1,0)+IF(AN9=$AN$8,1,0)+IF(AO9=$AO$8,1,0))) -> 0 | AQ9: =IF(D9="","",VLOOKUP(AP9,'PAT-C_Tables'!$O$3:$P$40,2,FALSE)) -> 73.8
A10: 45356 | B10: 3 | C10: 3A | D10: Lname2 | E10: Fname2 | F10: XXXXX2 | AP10: =IF(D10="",0,(IF(G10=$G$8,1,0)+IF(H10=$H$8,1,0)+IF(I10=$I$8,1,0)+IF(J10=$J$8,1,0)+IF(K10=$K$8,1,0)+IF(L10=$L$8,1,0)+IF(M10=$M$8,1,0)+IF(N10=$N$8,1,0)+IF(O10=$O$8,1,0)+IF(P10=$P$8,1,0)+IF(Q10=$Q$8,1,0)+IF(R10=$R$8,1,0)+IF(S10=$S$8,1,0)+IF(T10=$T$8,1,0)+IF(U10=$U$8,1,0)+IF(V10=$V$8,1,0)+IF(W10=$W$8,1,0)+IF(X10=$X$8,1,0)+IF(Y10=$Y$8,1,0)+IF(Z10=$Z$8,1,0)+IF(AA10=$AA$8,1,0)+IF(AB10=$AB$8,1,0)+IF(AC10=$AC$8,1,0)+IF(AD10=$AD$8,1,0)+IF(AE10=$AE$8,1,0)+IF(AF10=$AF$8,1,0)+IF(AG10=$AG$8,1,0)+IF(AH10=$AH$8,1,0)+IF(AI10=$AI$8,1,0)+IF(AJ10=$AJ$8,1,0)+IF(AK10=$AK$8,1,0)+IF(AL10=$AL$8,1,0)+IF(AM10=$AM$8,1,0)+IF(AN10=$AN$8,1,0)+IF(AO10=$AO$8,1,0))) -> 0 | AQ10: =IF(D10="","",VLOOKUP(AP10,'PAT-C_Tables'!$O$3:$P$40,2,FALSE)) -> 73.8
A11: 45356 | B11: 3 | C11: 3A | D11: Lname3 | E11: Fname3 | F11: XXXXX3 | AP11: =IF(D11="",0,(IF(G11=$G$8,1,0)+IF(H11=$H$8,1,0)+IF(I11=$I$8,1,0)+IF(J11=$J$8,1,0)+IF(K11=$K$8,1,0)+IF(L11=$L$8,1,0)+IF(M11=$M$8,1,0)+IF(N11=$N$8,1,0)+IF(O11=$O$8,1,0)+IF(P11=$P$8,1,0)+IF(Q11=$Q$8,1,0)+IF(R11=$R$8,1,0)+IF(S11=$S$8,1,0)+IF(T11=$T$8,1,0)+IF(U11=$U$8,1,0)+IF(V11=$V$8,1,0)+IF(W11=$W$8,1,0)+IF(X11=$X$8,1,0)+IF(Y11=$Y$8,1,0)+IF(Z11=$Z$8,1,0)+IF(AA11=$AA$8,1,0)+IF(AB11=$AB$8,1,0)+IF(AC11=$AC$8,1,0)+IF(AD11=$AD$8,1,0)+IF(AE11=$AE$8,1,0)+IF(AF11=$AF$8,1,0)+IF(AG11=$AG$8,1,0)+IF(AH11=$AH$8,1,0)+IF(AI11=$AI$8,1,0)+IF(AJ11=$AJ$8,1,0)+IF(AK11=$AK$8,1,0)+IF(AL11=$AL$8,1,0)+IF(AM11=$AM$8,1,0)+IF(AN11=$AN$8,1,0)+IF(AO11=$AO$8,1,0))) -> 0 | AQ11: =IF(D11="","",VLOOKUP(AP11,'PAT-C_Tables'!$O$3:$P$40,2,FALSE)) -> 73.8
A12: 45356 | B12: 3 | C12: 3A | D12: Lname4 | E12: Fname4 | F12: XXXXX4 | AP12: =IF(D12="",0,(IF(G12=$G$8,1,0)+IF(H12=$H$8,1,0)+IF(I12=$I$8,1,0)+IF(J12=$J$8,1,0)+IF(K12=$K$8,1,0)+IF(L12=$L$8,1,0)+IF(M12=$M$8,1,0)+IF(N12=$N$8,1,0)+IF(O12=$O$8,1,0)+IF(P12=$P$8,1,0)+IF(Q12=$Q$8,1,0)+IF(R12=$R$8,1,0)+IF(S12=$S$8,1,0)+IF(T12=$T$8,1,0)+IF(U12=$U$8,1,0)+IF(V12=$V$8,1,0)+IF(W12=$W$8,1,0)+IF(X12=$X$8,1,0)+IF(Y12=$Y$8,1,0)+IF(Z12=$Z$8,1,0)+IF(AA12=$AA$8,1,0)+IF(AB12=$AB$8,1,0)+IF(AC12=$AC$8,1,0)+IF(AD12=$AD$8,1,0)+IF(AE12=$AE$8,1,0)+IF(AF12=$AF$8,1,0)+IF(AG12=$AG$8,1,0)+IF(AH12=$AH$8,1,0)+IF(AI12=$AI$8,1,0)+IF(AJ12=$AJ$8,1,0)+IF(AK12=$AK$8,1,0)+IF(AL12=$AL$8,1,0)+IF(AM12=$AM$8,1,0)+IF(AN12=$AN$8,1,0)+IF(AO12=$AO$8,1,0))) -> 0 | AQ12: =IF(D12="","",VLOOKUP(AP12,'PAT-C_Tables'!$O$3:$P$40,2,FALSE)) -> 73.8
A13: 45356 | B13: 3 | C13: 3B | D13: ULname13 | E13: UFname13 | F13: UNLISTED | AP13: =IF(D13="",0,(IF(G13=$G$8,1,0)+IF(H13=$H$8,1,0)+IF(I13=$I$8,1,0)+IF(J13=$J$8,1,0)+IF(K13=$K$8,1,0)+IF(L13=$L$8,1,0)+IF(M13=$M$8,1,0)+IF(N13=$N$8,1,0)+IF(O13=$O$8,1,0)+IF(P13=$P$8,1,0)+IF(Q13=$Q$8,1,0)+IF(R13=$R$8,1,0)+IF(S13=$S$8,1,0)+IF(T13=$T$8,1,0)+IF(U13=$U$8,1,0)+IF(V13=$V$8,1,0)+IF(W13=$W$8,1,0)+IF(X13=$X$8,1,0)+IF(Y13=$Y$8,1,0)+IF(Z13=$Z$8,1,0)+IF(AA13=$AA$8,1,0)+IF(AB13=$AB$8,1,0)+IF(AC13=$AC$8,1,0)+IF(AD13=$AD$8,1,0)+IF(AE13=$AE$8,1,0)+IF(AF13=$AF$8,1,0)+IF(AG13=$AG$8,1,0)+IF(AH13=$AH$8,1,0)+IF(AI13=$AI$8,1,0)+IF(AJ13=$AJ$8,1,0)+IF(AK13=$AK$8,1,0)+IF(AL13=$AL$8,1,0)+IF(AM13=$AM$8,1,0)+IF(AN13=$AN$8,1,0)+IF(AO13=$AO$8,1,0))) -> 0 | AQ13: =IF(D13="","",VLOOKUP(AP13,'PAT-C_Tables'!$O$3:$P$40,2,FALSE)) -> 73.8
A14: 45356 | B14: 3 | C14: 3A | D14: Lname5 | E14: Fname5 | F14: XXXXX5 | AP14: =IF(D14="",0,(IF(G14=$G$8,1,0)+IF(H14=$H$8,1,0)+IF(I14=$I$8,1,0)+IF(J14=$J$8,1,0)+IF(K14=$K$8,1,0)+IF(L14=$L$8,1,0)+IF(M14=$M$8,1,0)+IF(N14=$N$8,1,0)+IF(O14=$O$8,1,0)+IF(P14=$P$8,1,0)+IF(Q14=$Q$8,1,0)+IF(R14=$R$8,1,0)+IF(S14=$S$8,1,0)+IF(T14=$T$8,1,0)+IF(U14=$U$8,1,0)+IF(V14=$V$8,1,0)+IF(W14=$W$8,1,0)+IF(X14=$X$8,1,0)+IF(Y14=$Y$8,1,0)+IF(Z14=$Z$8,1,0)+IF(AA14=$AA$8,1,0)+IF(AB14=$AB$8,1,0)+IF(AC14=$AC$8,1,0)+IF(AD14=$AD$8,1,0)+IF(AE14=$AE$8,1,0)+IF(AF14=$AF$8,1,0)+IF(AG14=$AG$8,1,0)+IF(AH14=$AH$8,1,0)+IF(AI14=$AI$8,1,0)+IF(AJ14=$AJ$8,1,0)+IF(AK14=$AK$8,1,0)+IF(AL14=$AL$8,1,0)+IF(AM14=$AM$8,1,0)+IF(AN14=$AN$8,1,0)+IF(AO14=$AO$8,1,0))) -> 0 | AQ14: =IF(D14="","",VLOOKUP(AP14,'PAT-C_Tables'!$O$3:$P$40,2,FALSE)) -> 73.8
A15: 45356 | B15: 3 | C15: 3B | D15: Lname6 | E15: Fname6 | F15: XXXXX6 | AP15: =IF(D15="",0,(IF(G15=$G$8,1,0)+IF(H15=$H$8,1,0)+IF(I15=$I$8,1,0)+IF(J15=$J$8,1,0)+IF(K15=$K$8,1,0)+IF(L15=$L$8,1,0)+IF(M15=$M$8,1,0)+IF(N15=$N$8,1,0)+IF(O15=$O$8,1,0)+IF(P15=$P$8,1,0)+IF(Q15=$Q$8,1,0)+IF(R15=$R$8,1,0)+IF(S15=$S$8,1,0)+IF(T15=$T$8,1,0)+IF(U15=$U$8,1,0)+IF(V15=$V$8,1,0)+IF(W15=$W$8,1,0)+IF(X15=$X$8,1,0)+IF(Y15=$Y$8,1,0)+IF(Z15=$Z$8,1,0)+IF(AA15=$AA$8,1,0)+IF(AB15=$AB$8,1,0)+IF(AC15=$AC$8,1,0)+IF(AD15=$AD$8,1,0)+IF(AE15=$AE$8,1,0)+IF(AF15=$AF$8,1,0)+IF(AG15=$AG$8,1,0)+IF(AH15=$AH$8,1,0)+IF(AI15=$AI$8,1,0)+IF(AJ15=$AJ$8,1,0)+IF(AK15=$AK$8,1,0)+IF(AL15=$AL$8,1,0)+IF(AM15=$AM$8,1,0)+IF(AN15=$AN$8,1,0)+IF(AO15=$AO$8,1,0))) -> 0 | AQ15: =IF(D15="","",VLOOKUP(AP15,'PAT-C_Tables'!$O$3:$P$40,2,FALSE)) -> 73.8
A16: 45356 | B16: 3 | C16: 3B | D16: Lname7 | E16: Fname7 | F16: XXXXX7 | AP16: =IF(D16="",0,(IF(G16=$G$8,1,0)+IF(H16=$H$8,1,0)+IF(I16=$I$8,1,0)+IF(J16=$J$8,1,0)+IF(K16=$K$8,1,0)+IF(L16=$L$8,1,0)+IF(M16=$M$8,1,0)+IF(N16=$N$8,1,0)+IF(O16=$O$8,1,0)+IF(P16=$P$8,1,0)+IF(Q16=$Q$8,1,0)+IF(R16=$R$8,1,0)+IF(S16=$S$8,1,0)+IF(T16=$T$8,1,0)+IF(U16=$U$8,1,0)+IF(V16=$V$8,1,0)+IF(W16=$W$8,1,0)+IF(X16=$X$8,1,0)+IF(Y16=$Y$8,1,0)+IF(Z16=$Z$8,1,0)+IF(AA16=$AA$8,1,0)+IF(AB16=$AB$8,1,0)+IF(AC16=$AC$8,1,0)+IF(AD16=$AD$8,1,0)+IF(AE16=$AE$8,1,0)+IF(AF16=$AF$8,1,0)+IF(AG16=$AG$8,1,0)+IF(AH16=$AH$8,1,0)+IF(AI16=$AI$8,1,0)+IF(AJ16=$AJ$8,1,0)+IF(AK16=$AK$8,1,0)+IF(AL16=$AL$8,1,0)+IF(AM16=$AM$8,1,0)+IF(AN16=$AN$8,1,0)+IF(AO16=$AO$8,1,0))) -> 0 | AQ16: =IF(D16="","",VLOOKUP(AP16,'PAT-C_Tables'!$O$3:$P$40,2,FALSE)) -> 73.8
A17: 45356 | B17: 3 | C17: 3B | D17: Lname8 | E17: Fname8 | F17: XXXXX8 | AP17: =IF(D17="",0,(IF(G17=$G$8,1,0)+IF(H17=$H$8,1,0)+IF(I17=$I$8,1,0)+IF(J17=$J$8,1,0)+IF(K17=$K$8,1,0)+IF(L17=$L$8,1,0)+IF(M17=$M$8,1,0)+IF(N17=$N$8,1,0)+IF(O17=$O$8,1,0)+IF(P17=$P$8,1,0)+IF(Q17=$Q$8,1,0)+IF(R17=$R$8,1,0)+IF(S17=$S$8,1,0)+IF(T17=$T$8,1,0)+IF(U17=$U$8,1,0)+IF(V17=$V$8,1,0)+IF(W17=$W$8,1,0)+IF(X17=$X$8,1,0)+IF(Y17=$Y$8,1,0)+IF(Z17=$Z$8,1,0)+IF(AA17=$AA$8,1,0)+IF(AB17=$AB$8,1,0)+IF(AC17=$AC$8,1,0)+IF(AD17=$AD$8,1,0)+IF(AE17=$AE$8,1,0)+IF(AF17=$AF$8,1,0)+IF(AG17=$AG$8,1,0)+IF(AH17=$AH$8,1,0)+IF(AI17=$AI$8,1,0)+IF(AJ17=$AJ$8,1,0)+IF(AK17=$AK$8,1,0)+IF(AL17=$AL$8,1,0)+IF(AM17=$AM$8,1,0)+IF(AN17=$AN$8,1,0)+IF(AO17=$AO$8,1,0))) -> 0 | AQ17: =IF(D17="","",VLOOKUP(AP17,'PAT-C_Tables'!$O$3:$P$40,2,FALSE)) -> 73.8
A18: 45356 | B18: 3 | C18: 3B | D18: Lname9 | E18: Fname9 | F18: XXXXX9 | AP18: =IF(D18="",0,(IF(G18=$G$8,1,0)+IF(H18=$H$8,1,0)+IF(I18=$I$8,1,0)+IF(J18=$J$8,1,0)+IF(K18=$K$8,1,0)+IF(L18=$L$8,1,0)+IF(M18=$M$8,1,0)+IF(N18=$N$8,1,0)+IF(O18=$O$8,1,0)+IF(P18=$P$8,1,0)+IF(Q18=$Q$8,1,0)+IF(R18=$R$8,1,0)+IF(S18=$S$8,1,0)+IF(T18=$T$8,1,0)+IF(U18=$U$8,1,0)+IF(V18=$V$8,1,0)+IF(W18=$W$8,1,0)+IF(X18=$X$8,1,0)+IF(Y18=$Y$8,1,0)+IF(Z18=$Z$8,1,0)+IF(AA18=$AA$8,1,0)+IF(AB18=$AB$8,1,0)+IF(AC18=$AC$8,1,0)+IF(AD18=$AD$8,1,0)+IF(AE18=$AE$8,1,0)+IF(AF18=$AF$8,1,0)+IF(AG18=$AG$8,1,0)+IF(AH18=$AH$8,1,0)+IF(AI18=$AI$8,1,0)+IF(AJ18=$AJ$8,1,0)+IF(AK18=$AK$8,1,0)+IF(AL18=$AL$8,1,0)+IF(AM18=$AM$8,1,0)+IF(AN18=$AN$8,1,0)+IF(AO18=$AO$8,1,0))) -> 0 | AQ18: =IF(D18="","",VLOOKUP(AP18,'PAT-C_Tables'!$O$3:$P$40,2,FALSE)) -> 73.8
A19: 45356 | B19: 3 | C19: 3B | D19: Lname10 | E19: Fname10 | F19: XXXXX10 | AP19: =IF(D19="",0,(IF(G19=$G$8,1,0)+IF(H19=$H$8,1,0)+IF(I19=$I$8,1,0)+IF(J19=$J$8,1,0)+IF(K19=$K$8,1,0)+IF(L19=$L$8,1,0)+IF(M19=$M$8,1,0)+IF(N19=$N$8,1,0)+IF(O19=$O$8,1,0)+IF(P19=$P$8,1,0)+IF(Q19=$Q$8,1,0)+IF(R19=$R$8,1,0)+IF(S19=$S$8,1,0)+IF(T19=$T$8,1,0)+IF(U19=$U$8,1,0)+IF(V19=$V$8,1,0)+IF(W19=$W$8,1,0)+IF(X19=$X$8,1,0)+IF(Y19=$Y$8,1,0)+IF(Z19=$Z$8,1,0)+IF(AA19=$AA$8,1,0)+IF(AB19=$AB$8,1,0)+IF(AC19=$AC$8,1,0)+IF(AD19=$AD$8,1,0)+IF(AE19=$AE$8,1,0)+IF(AF19=$AF$8,1,0)+IF(AG19=$AG$8,1,0)+IF(AH19=$AH$8,1,0)+IF(AI19=$AI$8,1,0)+IF(AJ19=$AJ$8,1,0)+IF(AK19=$AK$8,1,0)+IF(AL19=$AL$8,1,0)+IF(AM19=$AM$8,1,0)+IF(AN19=$AN$8,1,0)+IF(AO19=$AO$8,1,0))) -> 0 | AQ19: =IF(D19="","",VLOOKUP(AP19,'PAT-C_Tables'!$O$3:$P$40,2,FALSE)) -> 73.8
AP20: =IF(D20="",0,(IF(G20=$G$8,1,0)+IF(H20=$H$8,1,0)+IF(I20=$I$8,1,0)+IF(J20=$J$8,1,0)+IF(K20=$K$8,1,0)+IF(L20=$L$8,1,0)+IF(M20=$M$8,1,0)+IF(N20=$N$8,1,0)+IF(O20=$O$8,1,0)+IF(P20=$P$8,1,0)+IF(Q20=$Q$8,1,0)+IF(R20=$R$8,1,0)+IF(S20=$S$8,1,0)+IF(T20=$T$8,1,0)+IF(U20=$U$8,1,0)+IF(V20=$V$8,1,0)+IF(W20=$W$8,1,0)+IF(X20=$X$8,1,0)+IF(Y20=$Y$8,1,0)+IF(Z20=$Z$8,1,0)+IF(AA20=$AA$8,1,0)+IF(AB20=$AB$8,1,0)+IF(AC20=$AC$8,1,0)+IF(AD20=$AD$8,1,0)+IF(AE20=$AE$8,1,0)+IF(AF20=$AF$8,1,0)+IF(AG20=$AG$8,1,0)+IF(AH20=$AH$8,1,0)+IF(AI20=$AI$8,1,0)+IF(AJ20=$AJ$8,1,0)+IF(AK20=$AK$8,1,0)+IF(AL20=$AL$8,1,0)+IF(AM20=$AM$8,1,0)+IF(AN20=$AN$8,1,0)+IF(AO20=$AO$8,1,0))) -> 0 | AQ20: =IF(D20="","",VLOOKUP(AP20,'PAT-C_Tables'!$O$3:$P$40,2,FALSE))
AP21: =IF(D21="",0,(IF(G21=$G$8,1,0)+IF(H21=$H$8,1,0)+IF(I21=$I$8,1,0)+IF(J21=$J$8,1,0)+IF(K21=$K$8,1,0)+IF(L21=$L$8,1,0)+IF(M21=$M$8,1,0)+IF(N21=$N$8,1,0)+IF(O21=$O$8,1,0)+IF(P21=$P$8,1,0)+IF(Q21=$Q$8,1,0)+IF(R21=$R$8,1,0)+IF(S21=$S$8,1,0)+IF(T21=$T$8,1,0)+IF(U21=$U$8,1,0)+IF(V21=$V$8,1,0)+IF(W21=$W$8,1,0)+IF(X21=$X$8,1,0)+IF(Y21=$Y$8,1,0)+IF(Z21=$Z$8,1,0)+IF(AA21=$AA$8,1,0)+IF(AB21=$AB$8,1,0)+IF(AC21=$AC$8,1,0)+IF(AD21=$AD$8,1,0)+IF(AE21=$AE$8,1,0)+IF(AF21=$AF$8,1,0)+IF(AG21=$AG$8,1,0)+IF(AH21=$AH$8,1,0)+IF(AI21=$AI$8,1,0)+IF(AJ21=$AJ$8,1,0)+IF(AK21=$AK$8,1,0)+IF(AL21=$AL$8,1,0)+IF(AM21=$AM$8,1,0)+IF(AN21=$AN$8,1,0)+IF(AO21=$AO$8,1,0))) -> 0 | AQ21: =IF(D21="","",VLOOKUP(AP21,'PAT-C_Tables'!$O$3:$P$40,2,FALSE))
AP22: =IF(D22="",0,(IF(G22=$G$8,1,0)+IF(H22=$H$8,1,0)+IF(I22=$I$8,1,0)+IF(J22=$J$8,1,0)+IF(K22=$K$8,1,0)+IF(L22=$L$8,1,0)+IF(M22=$M$8,1,0)+IF(N22=$N$8,1,0)+IF(O22=$O$8,1,0)+IF(P22=$P$8,1,0)+IF(Q22=$Q$8,1,0)+IF(R22=$R$8,1,0)+IF(S22=$S$8,1,0)+IF(T22=$T$8,1,0)+IF(U22=$U$8,1,0)+IF(V22=$V$8,1,0)+IF(W22=$W$8,1,0)+IF(X22=$X$8,1,0)+IF(Y22=$Y$8,1,0)+IF(Z22=$Z$8,1,0)+IF(AA22=$AA$8,1,0)+IF(AB22=$AB$8,1,0)+IF(AC22=$AC$8,1,0)+IF(AD22=$AD$8,1,0)+IF(AE22=$AE$8,1,0)+IF(AF22=$AF$8,1,0)+IF(AG22=$AG$8,1,0)+IF(AH22=$AH$8,1,0)+IF(AI22=$AI$8,1,0)+IF(AJ22=$AJ$8,1,0)+IF(AK22=$AK$8,1,0)+IF(AL22=$AL$8,1,0)+IF(AM22=$AM$8,1,0)+IF(AN22=$AN$8,1,0)+IF(AO22=$AO$8,1,0))) -> 0 | AQ22: =IF(D22="","",VLOOKUP(AP22,'PAT-C_Tables'!$O$3:$P$40,2,FALSE))
AP23: =IF(D23="",0,(IF(G23=$G$8,1,0)+IF(H23=$H$8,1,0)+IF(I23=$I$8,1,0)+IF(J23=$J$8,1,0)+IF(K23=$K$8,1,0)+IF(L23=$L$8,1,0)+IF(M23=$M$8,1,0)+IF(N23=$N$8,1,0)+IF(O23=$O$8,1,0)+IF(P23=$P$8,1,0)+IF(Q23=$Q$8,1,0)+IF(R23=$R$8,1,0)+IF(S23=$S$8,1,0)+IF(T23=$T$8,1,0)+IF(U23=$U$8,1,0)+IF(V23=$V$8,1,0)+IF(W23=$W$8,1,0)+IF(X23=$X$8,1,0)+IF(Y23=$Y$8,1,0)+IF(Z23=$Z$8,1,0)+IF(AA23=$AA$8,1,0)+IF(AB23=$AB$8,1,0)+IF(AC23=$AC$8,1,0)+IF(AD23=$AD$8,1,0)+IF(AE23=$AE$8,1,0)+IF(AF23=$AF$8,1,0)+IF(AG23=$AG$8,1,0)+IF(AH23=$AH$8,1,0)+IF(AI23=$AI$8,1,0)+IF(AJ23=$AJ$8,1,0)+IF(AK23=$AK$8,1,0)+IF(AL23=$AL$8,1,0)+IF(AM23=$AM$8,1,0)+IF(AN23=$AN$8,1,0)+IF(AO23=$AO$8,1,0))) -> 0 | AQ23: =IF(D23="","",VLOOKUP(AP23,'PAT-C_Tables'!$O$3:$P$40,2,FALSE))
AP24: =IF(D24="",0,(IF(G24=$G$8,1,0)+IF(H24=$H$8,1,0)+IF(I24=$I$8,1,0)+IF(J24=$J$8,1,0)+IF(K24=$K$8,1,0)+IF(L24=$L$8,1,0)+IF(M24=$M$8,1,0)+IF(N24=$N$8,1,0)+IF(O24=$O$8,1,0)+IF(P24=$P$8,1,0)+IF(Q24=$Q$8,1,0)+IF(R24=$R$8,1,0)+IF(S24=$S$8,1,0)+IF(T24=$T$8,1,0)+IF(U24=$U$8,1,0)+IF(V24=$V$8,1,0)+IF(W24=$W$8,1,0)+IF(X24=$X$8,1,0)+IF(Y24=$Y$8,1,0)+IF(Z24=$Z$8,1,0)+IF(AA24=$AA$8,1,0)+IF(AB24=$AB$8,1,0)+IF(AC24=$AC$8,1,0)+IF(AD24=$AD$8,1,0)+IF(AE24=$AE$8,1,0)+IF(AF24=$AF$8,1,0)+IF(AG24=$AG$8,1,0)+IF(AH24=$AH$8,1,0)+IF(AI24=$AI$8,1,0)+IF(AJ24=$AJ$8,1,0)+IF(AK24=$AK$8,1,0)+IF(AL24=$AL$8,1,0)+IF(AM24=$AM$8,1,0)+IF(AN24=$AN$8,1,0)+IF(AO24=$AO$8,1,0))) -> 0 | AQ24: =IF(D24="","",VLOOKUP(AP24,'PAT-C_Tables'!$O$3:$P$40,2,FALSE))
AP25: =IF(D25="",0,(IF(G25=$G$8,1,0)+IF(H25=$H$8,1,0)+IF(I25=$I$8,1,0)+IF(J25=$J$8,1,0)+IF(K25=$K$8,1,0)+IF(L25=$L$8,1,0)+IF(M25=$M$8,1,0)+IF(N25=$N$8,1,0)+IF(O25=$O$8,1,0)+IF(P25=$P$8,1,0)+IF(Q25=$Q$8,1,0)+IF(R25=$R$8,1,0)+IF(S25=$S$8,1,0)+IF(T25=$T$8,1,0)+IF(U25=$U$8,1,0)+IF(V25=$V$8,1,0)+IF(W25=$W$8,1,0)+IF(X25=$X$8,1,0)+IF(Y25=$Y$8,1,0)+IF(Z25=$Z$8,1,0)+IF(AA25=$AA$8,1,0)+IF(AB25=$AB$8,1,0)+IF(AC25=$AC$8,1,0)+IF(AD25=$AD$8,1,0)+IF(AE25=$AE$8,1,0)+IF(AF25=$AF$8,1,0)+IF(AG25=$AG$8,1,0)+IF(AH25=$AH$8,1,0)+IF(AI25=$AI$8,1,0)+IF(AJ25=$AJ$8,1,0)+IF(AK25=$AK$8,1,0)+IF(AL25=$AL$8,1,0)+IF(AM25=$AM$8,1,0)+IF(AN25=$AN$8,1,0)+IF(AO25=$AO$8,1,0))) -> 0 | AQ25: =IF(D25="","",VLOOKUP(AP25,'PAT-C_Tables'!$O$3:$P$40,2,FALSE))
AP26: =IF(D26="",0,(IF(G26=$G$8,1,0)+IF(H26=$H$8,1,0)+IF(I26=$I$8,1,0)+IF(J26=$J$8,1,0)+IF(K26=$K$8,1,0)+IF(L26=$L$8,1,0)+IF(M26=$M$8,1,0)+IF(N26=$N$8,1,0)+IF(O26=$O$8,1,0)+IF(P26=$P$8,1,0)+IF(Q26=$Q$8,1,0)+IF(R26=$R$8,1,0)+IF(S26=$S$8,1,0)+IF(T26=$T$8,1,0)+IF(U26=$U$8,1,0)+IF(V26=$V$8,1,0)+IF(W26=$W$8,1,0)+IF(X26=$X$8,1,0)+IF(Y26=$Y$8,1,0)+IF(Z26=$Z$8,1,0)+IF(AA26=$AA$8,1,0)+IF(AB26=$AB$8,1,0)+IF(AC26=$AC$8,1,0)+IF(AD26=$AD$8,1,0)+IF(AE26=$AE$8,1,0)+IF(AF26=$AF$8,1,0)+IF(AG26=$AG$8,1,0)+IF(AH26=$AH$8,1,0)+IF(AI26=$AI$8,1,0)+IF(AJ26=$AJ$8,1,0)+IF(AK26=$AK$8,1,0)+IF(AL26=$AL$8,1,0)+IF(AM26=$AM$8,1,0)+IF(AN26=$AN$8,1,0)+IF(AO26=$AO$8,1,0))) -> 0 | AQ26: =IF(D26="","",VLOOKUP(AP26,'PAT-C_Tables'!$O$3:$P$40,2,FALSE))
AP27: =IF(D27="",0,(IF(G27=$G$8,1,0)+IF(H27=$H$8,1,0)+IF(I27=$I$8,1,0)+IF(J27=$J$8,1,0)+IF(K27=$K$8,1,0)+IF(L27=$L$8,1,0)+IF(M27=$M$8,1,0)+IF(N27=$N$8,1,0)+IF(O27=$O$8,1,0)+IF(P27=$P$8,1,0)+IF(Q27=$Q$8,1,0)+IF(R27=$R$8,1,0)+IF(S27=$S$8,1,0)+IF(T27=$T$8,1,0)+IF(U27=$U$8,1,0)+IF(V27=$V$8,1,0)+IF(W27=$W$8,1,0)+IF(X27=$X$8,1,0)+IF(Y27=$Y$8,1,0)+IF(Z27=$Z$8,1,0)+IF(AA27=$AA$8,1,0)+IF(AB27=$AB$8,1,0)+IF(AC27=$AC$8,1,0)+IF(AD27=$AD$8,1,0)+IF(AE27=$AE$8,1,0)+IF(AF27=$AF$8,1,0)+IF(AG27=$AG$8,1,0)+IF(AH27=$AH$8,1,0)+IF(AI27=$AI$8,1,0)+IF(AJ27=$AJ$8,1,0)+IF(AK27=$AK$8,1,0)+IF(AL27=$AL$8,1,0)+IF(AM27=$AM$8,1,0)+IF(AN27=$AN$8,1,0)+IF(AO27=$AO$8,1,0))) -> 0 | AQ27: =IF(D27="","",VLOOKUP(AP27,'PAT-C_Tables'!$O$3:$P$40,2,FALSE))
AP28: =IF(D28="",0,(IF(G28=$G$8,1,0)+IF(H28=$H$8,1,0)+IF(I28=$I$8,1,0)+IF(J28=$J$8,1,0)+IF(K28=$K$8,1,0)+IF(L28=$L$8,1,0)+IF(M28=$M$8,1,0)+IF(N28=$N$8,1,0)+IF(O28=$O$8,1,0)+IF(P28=$P$8,1,0)+IF(Q28=$Q$8,1,0)+IF(R28=$R$8,1,0)+IF(S28=$S$8,1,0)+IF(T28=$T$8,1,0)+IF(U28=$U$8,1,0)+IF(V28=$V$8,1,0)+IF(W28=$W$8,1,0)+IF(X28=$X$8,1,0)+IF(Y28=$Y$8,1,0)+IF(Z28=$Z$8,1,0)+IF(AA28=$AA$8,1,0)+IF(AB28=$AB$8,1,0)+IF(AC28=$AC$8,1,0)+IF(AD28=$AD$8,1,0)+IF(AE28=$AE$8,1,0)+IF(AF28=$AF$8,1,0)+IF(AG28=$AG$8,1,0)+IF(AH28=$AH$8,1,0)+IF(AI28=$AI$8,1,0)+IF(AJ28=$AJ$8,1,0)+IF(AK28=$AK$8,1,0)+IF(AL28=$AL$8,1,0)+IF(AM28=$AM$8,1,0)+IF(AN28=$AN$8,1,0)+IF(AO28=$AO$8,1,0))) -> 0 | AQ28: =IF(D28="","",VLOOKUP(AP28,'PAT-C_Tables'!$O$3:$P$40,2,FALSE))
AP29: =IF(D29="",0,(IF(G29=$G$8,1,0)+IF(H29=$H$8,1,0)+IF(I29=$I$8,1,0)+IF(J29=$J$8,1,0)+IF(K29=$K$8,1,0)+IF(L29=$L$8,1,0)+IF(M29=$M$8,1,0)+IF(N29=$N$8,1,0)+IF(O29=$O$8,1,0)+IF(P29=$P$8,1,0)+IF(Q29=$Q$8,1,0)+IF(R29=$R$8,1,0)+IF(S29=$S$8,1,0)+IF(T29=$T$8,1,0)+IF(U29=$U$8,1,0)+IF(V29=$V$8,1,0)+IF(W29=$W$8,1,0)+IF(X29=$X$8,1,0)+IF(Y29=$Y$8,1,0)+IF(Z29=$Z$8,1,0)+IF(AA29=$AA$8,1,0)+IF(AB29=$AB$8,1,0)+IF(AC29=$AC$8,1,0)+IF(AD29=$AD$8,1,0)+IF(AE29=$AE$8,1,0)+IF(AF29=$AF$8,1,0)+IF(AG29=$AG$8,1,0)+IF(AH29=$AH$8,1,0)+IF(AI29=$AI$8,1,0)+IF(AJ29=$AJ$8,1,0)+IF(AK29=$AK$8,1,0)+IF(AL29=$AL$8,1,0)+IF(AM29=$AM$8,1,0)+IF(AN29=$AN$8,1,0)+IF(AO29=$AO$8,1,0))) -> 0 | AQ29: =IF(D29="","",VLOOKUP(AP29,'PAT-C_Tables'!$O$3:$P$40,2,FALSE))
AP30: =IF(D30="",0,(IF(G30=$G$8,1,0)+IF(H30=$H$8,1,0)+IF(I30=$I$8,1,0)+IF(J30=$J$8,1,0)+IF(K30=$K$8,1,0)+IF(L30=$L$8,1,0)+IF(M30=$M$8,1,0)+IF(N30=$N$8,1,0)+IF(O30=$O$8,1,0)+IF(P30=$P$8,1,0)+IF(Q30=$Q$8,1,0)+IF(R30=$R$8,1,0)+IF(S30=$S$8,1,0)+IF(T30=$T$8,1,0)+IF(U30=$U$8,1,0)+IF(V30=$V$8,1,0)+IF(W30=$W$8,1,0)+IF(X30=$X$8,1,0)+IF(Y30=$Y$8,1,0)+IF(Z30=$Z$8,1,0)+IF(AA30=$AA$8,1,0)+IF(AB30=$AB$8,1,0)+IF(AC30=$AC$8,1,0)+IF(AD30=$AD$8,1,0)+IF(AE30=$AE$8,1,0)+IF(AF30=$AF$8,1,0)+IF(AG30=$AG$8,1,0)+IF(AH30=$AH$8,1,0)+IF(AI30=$AI$8,1,0)+IF(AJ30=$AJ$8,1,0)+IF(AK30=$AK$8,1,0)+IF(AL30=$AL$8,1,0)+IF(AM30=$AM$8,1,0)+IF(AN30=$AN$8,1,0)+IF(AO30=$AO$8,1,0))) -> 0 | AQ30: =IF(D30="","",VLOOKUP(AP30,'PAT-C_Tables'!$O$3:$P$40,2,FALSE))
AP31: =IF(D31="",0,(IF(G31=$G$8,1,0)+IF(H31=$H$8,1,0)+IF(I31=$I$8,1,0)+IF(J31=$J$8,1,0)+IF(K31=$K$8,1,0)+IF(L31=$L$8,1,0)+IF(M31=$M$8,1,0)+IF(N31=$N$8,1,0)+IF(O31=$O$8,1,0)+IF(P31=$P$8,1,0)+IF(Q31=$Q$8,1,0)+IF(R31=$R$8,1,0)+IF(S31=$S$8,1,0)+IF(T31=$T$8,1,0)+IF(U31=$U$8,1,0)+IF(V31=$V$8,1,0)+IF(W31=$W$8,1,0)+IF(X31=$X$8,1,0)+IF(Y31=$Y$8,1,0)+IF(Z31=$Z$8,1,0)+IF(AA31=$AA$8,1,0)+IF(AB31=$AB$8,1,0)+IF(AC31=$AC$8,1,0)+IF(AD31=$AD$8,1,0)+IF(AE31=$AE$8,1,0)+IF(AF31=$AF$8,1,0)+IF(AG31=$AG$8,1,0)+IF(AH31=$AH$8,1,0)+IF(AI31=$AI$8,1,0)+IF(AJ31=$AJ$8,1,0)+IF(AK31=$AK$8,1,0)+IF(AL31=$AL$8,1,0)+IF(AM31=$AM$8,1,0)+IF(AN31=$AN$8,1,0)+IF(AO31=$AO$8,1,0))) -> 0 | AQ31: =IF(D31="","",VLOOKUP(AP31,'PAT-C_Tables'!$O$3:$P$40,2,FALSE))
... AP503: =IF(D503="",0,(IF(G503=$G$8,1,0)+IF(H503=$H$8,1,0)+IF(I503=$I$8,1,0)+IF(J503=$J$8,1,0)+IF(K503=$K$8,1,0)+IF(L503=$L$8,1,0)+IF(M503=$M$8,1,0)+IF(N503=$N$8,1,0)+IF(O503=$O$8,1,0)+IF(P503=$P$8,1,0)+IF(Q503=$Q$8,1,0)+IF(R503=$R$8,1,0)+IF(S503=$S$8,1,0)+IF(T503=$T$8,1,0)+IF(U503=$U$8,1,0)+IF(V503=$V$8,1,0)+IF(W503=$W$8,1,0)+IF(X503=$X$8,1,0)+IF(Y503=$Y$8,1,0)+IF(Z503=$Z$8,1,0)+IF(AA503=$AA$8,1,0)+IF(AB503=$AB$8,1,0)+IF(AC503=$AC$8,1,0)+IF(AD503=$AD$8,1,0)+IF(AE503=$AE$8,1,0)+IF(AF503=$AF$8,1,0)+IF(AG503=$AG$8,1,0)+IF(AH503=$AH$8,1,0)+IF(AI503=$AI$8,1,0)+IF(AJ503=$AJ$8,1,0)+IF(AK503=$AK$8,1,0)+IF(AL503=$AL$8,1,0)+IF(AM503=$AM$8,1,0)+IF(AN503=$AN$8,1,0)+IF(AO503=$AO$8,1,0))) -> 0 | AQ503: =IF(D503="","",VLOOKUP(AP503,'PAT-C_Tables'!$O$3:$P$40,2,FALSE))

Sheet PAT-R Comp 9
A1: PAT-R Comprehesion - Test Booklet 9
G3: QUESTION No. and ANSWER KEY (Enter the student's response - "A" or "B" or "C" or "D")
E4: Question Number | G4: 1 | H4: 2 | I4: 3 | J4: 4 | K4: 5 | L4: 6 | M4: 7 | N4: 8 | O4: 9 | P4: 10 | Q4: 11 | R4: 12 | S4: 13 | T4: 14 | U4: 15 | V4: 16 | W4: 17 | X4: 18 | Y4: 19 | Z4: 20 | AA4: 21 | AB4: 22 | AC4: 23 | AD4: 24 | AE4: 25 | AF4: 26 | AG4: 27 | AH4: 28 | AI4: 29 | AJ4: 30 | AK4: 31 | AL4: 32 | AM4: 33 | AN4: 34 | AO4: 35 | AP4: 36 | AQ4: 37
E5: Item Difficulty | G5: 124.29 | H5: 113.28 | I5: 117.86 | J5: 118.81 | K5: 116.28 | L5: 132.67 | M5: 125.11 | N5: 130.47 | O5: 138.97 | P5: 137.19 | Q5: 150.7 | R5: 121.3 | S5: 128.06 | T5: 131.95 | U5: 141.6 | V5: 139.23 | W5: 140.47 | X5: 151.42 | Y5: 138.11 | Z5: 128.72 | AA5: 145.62 | AB5: 135.48 | AC5: 132.56 | AD5: 138.17 | AE5: 124.76 | AF5: 140.73 | AG5: 131.83 | AH5: 138.32 | AI5: 133.27 | AJ5: 144.9 | AK5: 143.06 | AL5: 138.54 | AM5: 146.4 | AN5: 139.82 | AO5: 141.31 | AP5: 149.5 | AQ5: 136.9
E6: Skill Assessed | G6: IE | H6: RI | I6: IE | J6: IE | K6: II | L6: RI | M6: IE | N6: II | O6: IE | P6: IE | Q6: II | R6: II | S6: II | T6: II | U6: II | V6: II | W6: II | X6: IE | Y6: II | Z6: IE | AA6: II | AB6: IE | AC6: II | AD6: IE | AE6: II | AF6: RI | AG6: RI | AH6: IE | AI6: II | AJ6: IE | AK6: IE | AL6: IE | AM6: IE | AN6: IE | AO6: IE | AP6: IE | AQ6: RI
A7: required | B7: required | C7: optional | D7: required | E7: required | F7: required
A8: Date (dd/mm/yy) | B8: Yr_Lev | C8: HG | D8: Surname | E8: First_Name | F8: Student_ID | G8: C | H8: C | I8: C | J8: D | K8: B | L8: D | M8: D | N8: A | O8: C | P8: B | Q8: B | R8: B | S8: C | T8: A | U8: A | V8: C | W8: D | X8: A | Y8: B | Z8: A | AA8: B | AB8: C | AC8: A | AD8: C | AE8: B | AF8: C | AG8: A | AH8: C | AI8: B | AJ8: B | AK8: D | AL8: C | AM8: B | AN8: B | AO8: A | AP8: B | AQ8: C | AR8: Raw Score | AS8: PAT Score
A9: 45356 | B9: 3 | C9: 3A | D9: Lname1 | E9: Fname1 | F9: XXXXX1 | AR9: =IF(D9="",0,(IF(G9=$G$8,1,0)+IF(H9=$H$8,1,0)+IF(I9=$I$8,1,0)+IF(J9=$J$8,1,0)+IF(K9=$K$8,1,0)+IF(L9=$L$8,1,0)+IF(M9=$M$8,1,0)+IF(N9=$N$8,1,0)+IF(O9=$O$8,1,0)+IF(P9=$P$8,1,0)+IF(Q9=$Q$8,1,0)+IF(R9=$R$8,1,0)+IF(S9=$S$8,1,0)+IF(T9=$T$8,1,0)+IF(U9=$U$8,1,0)+IF(V9=$V$8,1,0)+IF(W9=$W$8,1,0)+IF(X9=$X$8,1,0)+IF(Y9=$Y$8,1,0)+IF(Z9=$Z$8,1,0)+IF(AA9=$AA$8,1,0)+IF(AB9=$AB$8,1,0)+IF(AC9=$AC$8,1,0)+IF(AD9=$AD$8,1,0)+IF(AE9=$AE$8,1,0)+IF(AF9=$AF$8,1,0)+IF(AG9=$AG$8,1,0)+IF(AH9=$AH$8,1,0)+IF(AI9=$AI$8,1,0)+IF(AJ9=$AJ$8,1,0)+IF(AK9=$AK$8,1,0)+IF(AL9=$AL$8,1,0)+IF(AM9=$AM$8,1,0)+IF(AN9=$AN$8,1,0)+IF(AO9=$AO$8,1,0)+IF(AP9=$AP$8,1,0)+IF(AQ9=$AQ$8,1,0))) -> 0 | AS9: =IF(D9="","",VLOOKUP(AR9,'PAT-C_Tables'!$S$3:$T$40,2,FALSE)) -> 84.1
A10: 45356 | B10: 3 | C10: 3A | D10: Lname2 | E10: Fname2 | F10: XXXXX2 | AR10: =IF(D10="",0,(IF(G10=$G$8,1,0)+IF(H10=$H$8,1,0)+IF(I10=$I$8,1,0)+IF(J10=$J$8,1,0)+IF(K10=$K$8,1,0)+IF(L10=$L$8,1,0)+IF(M10=$M$8,1,0)+IF(N10=$N$8,1,0)+IF(O10=$O$8,1,0)+IF(P10=$P$8,1,0)+IF(Q10=$Q$8,1,0)+IF(R10=$R$8,1,0)+IF(S10=$S$8,1,0)+IF(T10=$T$8,1,0)+IF(U10=$U$8,1,0)+IF(V10=$V$8,1,0)+IF(W10=$W$8,1,0)+IF(X10=$X$8,1,0)+IF(Y10=$Y$8,1,0)+IF(Z10=$Z$8,1,0)+IF(AA10=$AA$8,1,0)+IF(AB10=$AB$8,1,0)+IF(AC10=$AC$8,1,0)+IF(AD10=$AD$8,1,0)+IF(AE10=$AE$8,1,0)+IF(AF10=$AF$8,1,0)+IF(AG10=$AG$8,1,0)+IF(AH10=$AH$8,1,0)+IF(AI10=$AI$8,1,0)+IF(AJ10=$AJ$8,1,0)+IF(AK10=$AK$8,1,0)+IF(AL10=$AL$8,1,0)+IF(AM10=$AM$8,1,0)+IF(AN10=$AN$8,1,0)+IF(AO10=$AO$8,1,0)+IF(AP10=$AP$8,1,0)+IF(AQ10=$AQ$8,1,0))) -> 0 | AS10: =IF(D10="","",VLOOKUP(AR10,'PAT-C_Tables'!$S$3:$T$40,2,FALSE)) -> 84.1
A11: 45356 | B11: 3 | C11: 3A | D11: Lname3 | E11: Fname3 | F11: XXXXX3 | AR11: =IF(D11="",0,(IF(G11=$G$8,1,0)+IF(H11=$H$8,1,0)+IF(I11=$I$8,1,0)+IF(J11=$J$8,1,0)+IF(K11=$K$8,1,0)+IF(L11=$L$8,1,0)+IF(M11=$M$8,1,0)+IF(N11=$N$8,1,0)+IF(O11=$O$8,1,0)+IF(P11=$P$8,1,0)+IF(Q11=$Q$8,1,0)+IF(R11=$R$8,1,0)+IF(S11=$S$8,1,0)+IF(T11=$T$8,1,0)+IF(U11=$U$8,1,0)+IF(V11=$V$8,1,0)+IF(W11=$W$8,1,0)+IF(X11=$X$8,1,0)+IF(Y11=$Y$8,1,0)+IF(Z11=$Z$8,1,0)+IF(AA11=$AA$8,1,0)+IF(AB11=$AB$8,1,0)+IF(AC11=$AC$8,1,0)+IF(AD11=$AD$8,1,0)+IF(AE11=$AE$8,1,0)+IF(AF11=$AF$8,1,0)+IF(AG11=$AG$8,1,0)+IF(AH11=$AH$8,1,0)+IF(AI11=$AI$8,1,0)+IF(AJ11=$AJ$8,1,0)+IF(AK11=$AK$8,1,0)+IF(AL11=$AL$8,1,0)+IF(AM11=$AM$8,1,0)+IF(AN11=$AN$8,1,0)+IF(AO11=$AO$8,1,0)+IF(AP11=$AP$8,1,0)+IF(AQ11=$AQ$8,1,0))) -> 0 | AS11: =IF(D11="","",VLOOKUP(AR11,'PAT-C_Tables'!$S$3:$T$40,2,FALSE)) -> 84.1
A12: 45356 | B12: 3 | C12: 3A | D12: Lname4 | E12: Fname4 | F12: XXXXX4 | AR12: =IF(D12="",0,(IF(G12=$G$8,1,0)+IF(H12=$H$8,1,0)+IF(I12=$I$8,1,0)+IF(J12=$J$8,1,0)+IF(K12=$K$8,1,0)+IF(L12=$L$8,1,0)+IF(M12=$M$8,1,0)+IF(N12=$N$8,1,0)+IF(O12=$O$8,1,0)+IF(P12=$P$8,1,0)+IF(Q12=$Q$8,1,0)+IF(R12=$R$8,1,0)+IF(S12=$S$8,1,0)+IF(T12=$T$8,1,0)+IF(U12=$U$8,1,0)+IF(V12=$V$8,1,0)+IF(W12=$W$8,1,0)+IF(X12=$X$8,1,0)+IF(Y12=$Y$8,1,0)+IF(Z12=$Z$8,1,0)+IF(AA12=$AA$8,1,0)+IF(AB12=$AB$8,1,0)+IF(AC12=$AC$8,1,0)+IF(AD12=$AD$8,1,0)+IF(AE12=$AE$8,1,0)+IF(AF12=$AF$8,1,0)+IF(AG12=$AG$8,1,0)+IF(AH12=$AH$8,1,0)+IF(AI12=$AI$8,1,0)+IF(AJ12=$AJ$8,1,0)+IF(AK12=$AK$8,1,0)+IF(AL12=$AL$8,1,0)+IF(AM12=$AM$8,1,0)+IF(AN12=$AN$8,1,0)+IF(AO12=$AO$8,1,0)+IF(AP12=$AP$8,1,0)+IF(AQ12=$AQ$8,1,0))) -> 0 | AS12: =IF(D12="","",VLOOKUP(AR12,'PAT-C_Tables'!$S$3:$T$40,2,FALSE)) -> 84.1
A13: 45356 | B13: 3 | C13: 3B | D13: ULname13 | E13: UFname13 | F13: UNLISTED | AR13: =IF(D13="",0,(IF(G13=$G$8,1,0)+IF(H13=$H$8,1,0)+IF(I13=$I$8,1,0)+IF(J13=$J$8,1,0)+IF(K13=$K$8,1,0)+IF(L13=$L$8,1,0)+IF(M13=$M$8,1,0)+IF(N13=$N$8,1,0)+IF(O13=$O$8,1,0)+IF(P13=$P$8,1,0)+IF(Q13=$Q$8,1,0)+IF(R13=$R$8,1,0)+IF(S13=$S$8,1,0)+IF(T13=$T$8,1,0)+IF(U13=$U$8,1,0)+IF(V13=$V$8,1,0)+IF(W13=$W$8,1,0)+IF(X13=$X$8,1,0)+IF(Y13=$Y$8,1,0)+IF(Z13=$Z$8,1,0)+IF(AA13=$AA$8,1,0)+IF(AB13=$AB$8,1,0)+IF(AC13=$AC$8,1,0)+IF(AD13=$AD$8,1,0)+IF(AE13=$AE$8,1,0)+IF(AF13=$AF$8,1,0)+IF(AG13=$AG$8,1,0)+IF(AH13=$AH$8,1,0)+IF(AI13=$AI$8,1,0)+IF(AJ13=$AJ$8,1,0)+IF(AK13=$AK$8,1,0)+IF(AL13=$AL$8,1,0)+IF(AM13=$AM$8,1,0)+IF(AN13=$AN$8,1,0)+IF(AO13=$AO$8,1,0)+IF(AP13=$AP$8,1,0)+IF(AQ13=$AQ$8,1,0))) -> 0 | AS13: =IF(D13="","",VLOOKUP(AR13,'PAT-C_Tables'!$S$3:$T$40,2,FALSE)) -> 84.1
A14: 45356 | B14: 3 | C14: 3A | D14: Lname5 | E14: Fname5 | F14: XXXXX5 | AR14: =IF(D14="",0,(IF(G14=$G$8,1,0)+IF(H14=$H$8,1,0)+IF(I14=$I$8,1,0)+IF(J14=$J$8,1,0)+IF(K14=$K$8,1,0)+IF(L14=$L$8,1,0)+IF(M14=$M$8,1,0)+IF(N14=$N$8,1,0)+IF(O14=$O$8,1,0)+IF(P14=$P$8,1,0)+IF(Q14=$Q$8,1,0)+IF(R14=$R$8,1,0)+IF(S14=$S$8,1,0)+IF(T14=$T$8,1,0)+IF(U14=$U$8,1,0)+IF(V14=$V$8,1,0)+IF(W14=$W$8,1,0)+IF(X14=$X$8,1,0)+IF(Y14=$Y$8,1,0)+IF(Z14=$Z$8,1,0)+IF(AA14=$AA$8,1,0)+IF(AB14=$AB$8,1,0)+IF(AC14=$AC$8,1,0)+IF(AD14=$AD$8,1,0)+IF(AE14=$AE$8,1,0)+IF(AF14=$AF$8,1,0)+IF(AG14=$AG$8,1,0)+IF(AH14=$AH$8,1,0)+IF(AI14=$AI$8,1,0)+IF(AJ14=$AJ$8,1,0)+IF(AK14=$AK$8,1,0)+IF(AL14=$AL$8,1,0)+IF(AM14=$AM$8,1,0)+IF(AN14=$AN$8,1,0)+IF(AO14=$AO$8,1,0)+IF(AP14=$AP$8,1,0)+IF(AQ14=$AQ$8,1,0))) -> 0 | AS14: =IF(D14="","",VLOOKUP(AR14,'PAT-C_Tables'!$S$3:$T$40,2,FALSE)) -> 84.1
A15: 45356 | B15: 3 | C15: 3B | D15: Lname6 | E15: Fname6 | F15: XXXXX6 | AR15: =IF(D15="",0,(IF(G15=$G$8,1,0)+IF(H15=$H$8,1,0)+IF(I15=$I$8,1,0)+IF(J15=$J$8,1,0)+IF(K15=$K$8,1,0)+IF(L15=$L$8,1,0)+IF(M15=$M$8,1,0)+IF(N15=$N$8,1,0)+IF(O15=$O$8,1,0)+IF(P15=$P$8,1,0)+IF(Q15=$Q$8,1,0)+IF(R15=$R$8,1,0)+IF(S15=$S$8,1,0)+IF(T15=$T$8,1,0)+IF(U15=$U$8,1,0)+IF(V15=$V$8,1,0)+IF(W15=$W$8,1,0)+IF(X15=$X$8,1,0)+IF(Y15=$Y$8,1,0)+IF(Z15=$Z$8,1,0)+IF(AA15=$AA$8,1,0)+IF(AB15=$AB$8,1,0)+IF(AC15=$AC$8,1,0)+IF(AD15=$AD$8,1,0)+IF(AE15=$AE$8,1,0)+IF(AF15=$AF$8,1,0)+IF(AG15=$AG$8,1,0)+IF(AH15=$AH$8,1,0)+IF(AI15=$AI$8,1,0)+IF(AJ15=$AJ$8,1,0)+IF(AK15=$AK$8,1,0)+IF(AL15=$AL$8,1,0)+IF(AM15=$AM$8,1,0)+IF(AN15=$AN$8,1,0)+IF(AO15=$AO$8,1,0)+IF(AP15=$AP$8,1,0)+IF(AQ15=$AQ$8,1,0))) -> 0 | AS15: =IF(D15="","",VLOOKUP(AR15,'PAT-C_Tables'!$S$3:$T$40,2,FALSE)) -> 84.1
A16: 45356 | B16: 3 | C16: 3B | D16: Lname7 | E16: Fname7 | F16: XXXXX7 | AR16: =IF(D16="",0,(IF(G16=$G$8,1,0)+IF(H16=$H$8,1,0)+IF(I16=$I$8,1,0)+IF(J16=$J$8,1,0)+IF(K16=$K$8,1,0)+IF(L16=$L$8,1,0)+IF(M16=$M$8,1,0)+IF(N16=$N$8,1,0)+IF(O16=$O$8,1,0)+IF(P16=$P$8,1,0)+IF(Q16=$Q$8,1,0)+IF(R16=$R$8,1,0)+IF(S16=$S$8,1,0)+IF(T16=$T$8,1,0)+IF(U16=$U$8,1,0)+IF(V16=$V$8,1,0)+IF(W16=$W$8,1,0)+IF(X16=$X$8,1,0)+IF(Y16=$Y$8,1,0)+IF(Z16=$Z$8,1,0)+IF(AA16=$AA$8,1,0)+IF(AB16=$AB$8,1,0)+IF(AC16=$AC$8,1,0)+IF(AD16=$AD$8,1,0)+IF(AE16=$AE$8,1,0)+IF(AF16=$AF$8,1,0)+IF(AG16=$AG$8,1,0)+IF(AH16=$AH$8,1,0)+IF(AI16=$AI$8,1,0)+IF(AJ16=$AJ$8,1,0)+IF(AK16=$AK$8,1,0)+IF(AL16=$AL$8,1,0)+IF(AM16=$AM$8,1,0)+IF(AN16=$AN$8,1,0)+IF(AO16=$AO$8,1,0)+IF(AP16=$AP$8,1,0)+IF(AQ16=$AQ$8,1,0))) -> 0 | AS16: =IF(D16="","",VLOOKUP(AR16,'PAT-C_Tables'!$S$3:$T$40,2,FALSE)) -> 84.1
A17: 45356 | B17: 3 | C17: 3B | D17: Lname8 | E17: Fname8 | F17: XXXXX8 | AR17: =IF(D17="",0,(IF(G17=$G$8,1,0)+IF(H17=$H$8,1,0)+IF(I17=$I$8,1,0)+IF(J17=$J$8,1,0)+IF(K17=$K$8,1,0)+IF(L17=$L$8,1,0)+IF(M17=$M$8,1,0)+IF(N17=$N$8,1,0)+IF(O17=$O$8,1,0)+IF(P17=$P$8,1,0)+IF(Q17=$Q$8,1,0)+IF(R17=$R$8,1,0)+IF(S17=$S$8,1,0)+IF(T17=$T$8,1,0)+IF(U17=$U$8,1,0)+IF(V17=$V$8,1,0)+IF(W17=$W$8,1,0)+IF(X17=$X$8,1,0)+IF(Y17=$Y$8,1,0)+IF(Z17=$Z$8,1,0)+IF(AA17=$AA$8,1,0)+IF(AB17=$AB$8,1,0)+IF(AC17=$AC$8,1,0)+IF(AD17=$AD$8,1,0)+IF(AE17=$AE$8,1,0)+IF(AF17=$AF$8,1,0)+IF(AG17=$AG$8,1,0)+IF(AH17=$AH$8,1,0)+IF(AI17=$AI$8,1,0)+IF(AJ17=$AJ$8,1,0)+IF(AK17=$AK$8,1,0)+IF(AL17=$AL$8,1,0)+IF(AM17=$AM$8,1,0)+IF(AN17=$AN$8,1,0)+IF(AO17=$AO$8,1,0)+IF(AP17=$AP$8,1,0)+IF(AQ17=$AQ$8,1,0))) -> 0 | AS17: =IF(D17="","",VLOOKUP(AR17,'PAT-C_Tables'!$S$3:$T$40,2,FALSE)) -> 84.1
A18: 45356 | B18: 3 | C18: 3B | D18: Lname9 | E18: Fname9 | F18: XXXXX9 | AR18: =IF(D18="",0,(IF(G18=$G$8,1,0)+IF(H18=$H$8,1,0)+IF(I18=$I$8,1,0)+IF(J18=$J$8,1,0)+IF(K18=$K$8,1,0)+IF(L18=$L$8,1,0)+IF(M18=$M$8,1,0)+IF(N18=$N$8,1,0)+IF(O18=$O$8,1,0)+IF(P18=$P$8,1,0)+IF(Q18=$Q$8,1,0)+IF(R18=$R$8,1,0)+IF(S18=$S$8,1,0)+IF(T18=$T$8,1,0)+IF(U18=$U$8,1,0)+IF(V18=$V$8,1,0)+IF(W18=$W$8,1,0)+IF(X18=$X$8,1,0)+IF(Y18=$Y$8,1,0)+IF(Z18=$Z$8,1,0)+IF(AA18=$AA$8,1,0)+IF(AB18=$AB$8,1,0)+IF(AC18=$AC$8,1,0)+IF(AD18=$AD$8,1,0)+IF(AE18=$AE$8,1,0)+IF(AF18=$AF$8,1,0)+IF(AG18=$AG$8,1,0)+IF(AH18=$AH$8,1,0)+IF(AI18=$AI$8,1,0)+IF(AJ18=$AJ$8,1,0)+IF(AK18=$AK$8,1,0)+IF(AL18=$AL$8,1,0)+IF(AM18=$AM$8,1,0)+IF(AN18=$AN$8,1,0)+IF(AO18=$AO$8,1,0)+IF(AP18=$AP$8,1,0)+IF(AQ18=$AQ$8,1,0))) -> 0 | AS18: =IF(D18="","",VLOOKUP(AR18,'PAT-C_Tables'!$S$3:$T$40,2,FALSE)) -> 84.1
A19: 45356 | B19: 3 | C19: 3B | D19: Lname10 | E19: Fname10 | F19: XXXXX10 | AR19: =IF(D19="",0,(IF(G19=$G$8,1,0)+IF(H19=$H$8,1,0)+IF(I19=$I$8,1,0)+IF(J19=$J$8,1,0)+IF(K19=$K$8,1,0)+IF(L19=$L$8,1,0)+IF(M19=$M$8,1,0)+IF(N19=$N$8,1,0)+IF(O19=$O$8,1,0)+IF(P19=$P$8,1,0)+IF(Q19=$Q$8,1,0)+IF(R19=$R$8,1,0)+IF(S19=$S$8,1,0)+IF(T19=$T$8,1,0)+IF(U19=$U$8,1,0)+IF(V19=$V$8,1,0)+IF(W19=$W$8,1,0)+IF(X19=$X$8,1,0)+IF(Y19=$Y$8,1,0)+IF(Z19=$Z$8,1,0)+IF(AA19=$AA$8,1,0)+IF(AB19=$AB$8,1,0)+IF(AC19=$AC$8,1,0)+IF(AD19=$AD$8,1,0)+IF(AE19=$AE$8,1,0)+IF(AF19=$AF$8,1,0)+IF(AG19=$AG$8,1,0)+IF(AH19=$AH$8,1,0)+IF(AI19=$AI$8,1,0)+IF(AJ19=$AJ$8,1,0)+IF(AK19=$AK$8,1,0)+IF(AL19=$AL$8,1,0)+IF(AM19=$AM$8,1,0)+IF(AN19=$AN$8,1,0)+IF(AO19=$AO$8,1,0)+IF(AP19=$AP$8,1,0)+IF(AQ19=$AQ$8,1,0))) -> 0 | AS19: =IF(D19="","",VLOOKUP(AR19,'PAT-C_Tables'!$S$3:$T$40,2,FALSE)) -> 84.1
AR20: =IF(D20="",0,(IF(G20=$G$8,1,0)+IF(H20=$H$8,1,0)+IF(I20=$I$8,1,0)+IF(J20=$J$8,1,0)+IF(K20=$K$8,1,0)+IF(L20=$L$8,1,0)+IF(M20=$M$8,1,0)+IF(N20=$N$8,1,0)+IF(O20=$O$8,1,0)+IF(P20=$P$8,1,0)+IF(Q20=$Q$8,1,0)+IF(R20=$R$8,1,0)+IF(S20=$S$8,1,0)+IF(T20=$T$8,1,0)+IF(U20=$U$8,1,0)+IF(V20=$V$8,1,0)+IF(W20=$W$8,1,0)+IF(X20=$X$8,1,0)+IF(Y20=$Y$8,1,0)+IF(Z20=$Z$8,1,0)+IF(AA20=$AA$8,1,0)+IF(AB20=$AB$8,1,0)+IF(AC20=$AC$8,1,0)+IF(AD20=$AD$8,1,0)+IF(AE20=$AE$8,1,0)+IF(AF20=$AF$8,1,0)+IF(AG20=$AG$8,1,0)+IF(AH20=$AH$8,1,0)+IF(AI20=$AI$8,1,0)+IF(AJ20=$AJ$8,1,0)+IF(AK20=$AK$8,1,0)+IF(AL20=$AL$8,1,0)+IF(AM20=$AM$8,1,0)+IF(AN20=$AN$8,1,0)+IF(AO20=$AO$8,1,0)+IF(AP20=$AP$8,1,0)+IF(AQ20=$AQ$8,1,0))) -> 0 | AS20: =IF(D20="","",VLOOKUP(AR20,'PAT-C_Tables'!$S$3:$T$40,2,FALSE))
AR21: =IF(D21="",0,(IF(G21=$G$8,1,0)+IF(H21=$H$8,1,0)+IF(I21=$I$8,1,0)+IF(J21=$J$8,1,0)+IF(K21=$K$8,1,0)+IF(L21=$L$8,1,0)+IF(M21=$M$8,1,0)+IF(N21=$N$8,1,0)+IF(O21=$O$8,1,0)+IF(P21=$P$8,1,0)+IF(Q21=$Q$8,1,0)+IF(R21=$R$8,1,0)+IF(S21=$S$8,1,0)+IF(T21=$T$8,1,0)+IF(U21=$U$8,1,0)+IF(V21=$V$8,1,0)+IF(W21=$W$8,1,0)+IF(X21=$X$8,1,0)+IF(Y21=$Y$8,1,0)+IF(Z21=$Z$8,1,0)+IF(AA21=$AA$8,1,0)+IF(AB21=$AB$8,1,0)+IF(AC21=$AC$8,1,0)+IF(AD21=$AD$8,1,0)+IF(AE21=$AE$8,1,0)+IF(AF21=$AF$8,1,0)+IF(AG21=$AG$8,1,0)+IF(AH21=$AH$8,1,0)+IF(AI21=$AI$8,1,0)+IF(AJ21=$AJ$8,1,0)+IF(AK21=$AK$8,1,0)+IF(AL21=$AL$8,1,0)+IF(AM21=$AM$8,1,0)+IF(AN21=$AN$8,1,0)+IF(AO21=$AO$8,1,0)+IF(AP21=$AP$8,1,0)+IF(AQ21=$AQ$8,1,0))) -> 0 | AS21: =IF(D21="","",VLOOKUP(AR21,'PAT-C_Tables'!$S$3:$T$40,2,FALSE))
AR22: =IF(D22="",0,(IF(G22=$G$8,1,0)+IF(H22=$H$8,1,0)+IF(I22=$I$8,1,0)+IF(J22=$J$8,1,0)+IF(K22=$K$8,1,0)+IF(L22=$L$8,1,0)+IF(M22=$M$8,1,0)+IF(N22=$N$8,1,0)+IF(O22=$O$8,1,0)+IF(P22=$P$8,1,0)+IF(Q22=$Q$8,1,0)+IF(R22=$R$8,1,0)+IF(S22=$S$8,1,0)+IF(T22=$T$8,1,0)+IF(U22=$U$8,1,0)+IF(V22=$V$8,1,0)+IF(W22=$W$8,1,0)+IF(X22=$X$8,1,0)+IF(Y22=$Y$8,1,0)+IF(Z22=$Z$8,1,0)+IF(AA22=$AA$8,1,0)+IF(AB22=$AB$8,1,0)+IF(AC22=$AC$8,1,0)+IF(AD22=$AD$8,1,0)+IF(AE22=$AE$8,1,0)+IF(AF22=$AF$8,1,0)+IF(AG22=$AG$8,1,0)+IF(AH22=$AH$8,1,0)+IF(AI22=$AI$8,1,0)+IF(AJ22=$AJ$8,1,0)+IF(AK22=$AK$8,1,0)+IF(AL22=$AL$8,1,0)+IF(AM22=$AM$8,1,0)+IF(AN22=$AN$8,1,0)+IF(AO22=$AO$8,1,0)+IF(AP22=$AP$8,1,0)+IF(AQ22=$AQ$8,1,0))) -> 0 | AS22: =IF(D22="","",VLOOKUP(AR22,'PAT-C_Tables'!$S$3:$T$40,2,FALSE))
AR23: =IF(D23="",0,(IF(G23=$G$8,1,0)+IF(H23=$H$8,1,0)+IF(I23=$I$8,1,0)+IF(J23=$J$8,1,0)+IF(K23=$K$8,1,0)+IF(L23=$L$8,1,0)+IF(M23=$M$8,1,0)+IF(N23=$N$8,1,0)+IF(O23=$O$8,1,0)+IF(P23=$P$8,1,0)+IF(Q23=$Q$8,1,0)+IF(R23=$R$8,1,0)+IF(S23=$S$8,1,0)+IF(T23=$T$8,1,0)+IF(U23=$U$8,1,0)+IF(V23=$V$8,1,0)+IF(W23=$W$8,1,0)+IF(X23=$X$8,1,0)+IF(Y23=$Y$8,1,0)+IF(Z23=$Z$8,1,0)+IF(AA23=$AA$8,1,0)+IF(AB23=$AB$8,1,0)+IF(AC23=$AC$8,1,0)+IF(AD23=$AD$8,1,0)+IF(AE23=$AE$8,1,0)+IF(AF23=$AF$8,1,0)+IF(AG23=$AG$8,1,0)+IF(AH23=$AH$8,1,0)+IF(AI23=$AI$8,1,0)+IF(AJ23=$AJ$8,1,0)+IF(AK23=$AK$8,1,0)+IF(AL23=$AL$8,1,0)+IF(AM23=$AM$8,1,0)+IF(AN23=$AN$8,1,0)+IF(AO23=$AO$8,1,0)+IF(AP23=$AP$8,1,0)+IF(AQ23=$AQ$8,1,0))) -> 0 | AS23: =IF(D23="","",VLOOKUP(AR23,'PAT-C_Tables'!$S$3:$T$40,2,FALSE))
AR24: =IF(D24="",0,(IF(G24=$G$8,1,0)+IF(H24=$H$8,1,0)+IF(I24=$I$8,1,0)+IF(J24=$J$8,1,0)+IF(K24=$K$8,1,0)+IF(L24=$L$8,1,0)+IF(M24=$M$8,1,0)+IF(N24=$N$8,1,0)+IF(O24=$O$8,1,0)+IF(P24=$P$8,1,0)+IF(Q24=$Q$8,1,0)+IF(R24=$R$8,1,0)+IF(S24=$S$8,1,0)+IF(T24=$T$8,1,0)+IF(U24=$U$8,1,0)+IF(V24=$V$8,1,0)+IF(W24=$W$8,1,0)+IF(X24=$X$8,1,0)+IF(Y24=$Y$8,1,0)+IF(Z24=$Z$8,1,0)+IF(AA24=$AA$8,1,0)+IF(AB24=$AB$8,1,0)+IF(AC24=$AC$8,1,0)+IF(AD24=$AD$8,1,0)+IF(AE24=$AE$8,1,0)+IF(AF24=$AF$8,1,0)+IF(AG24=$AG$8,1,0)+IF(AH24=$AH$8,1,0)+IF(AI24=$AI$8,1,0)+IF(AJ24=$AJ$8,1,0)+IF(AK24=$AK$8,1,0)+IF(AL24=$AL$8,1,0)+IF(AM24=$AM$8,1,0)+IF(AN24=$AN$8,1,0)+IF(AO24=$AO$8,1,0)+IF(AP24=$AP$8,1,0)+IF(AQ24=$AQ$8,1,0))) -> 0 | AS24: =IF(D24="","",VLOOKUP(AR24,'PAT-C_Tables'!$S$3:$T$40,2,FALSE))
AR25: =IF(D25="",0,(IF(G25=$G$8,1,0)+IF(H25=$H$8,1,0)+IF(I25=$I$8,1,0)+IF(J25=$J$8,1,0)+IF(K25=$K$8,1,0)+IF(L25=$L$8,1,0)+IF(M25=$M$8,1,0)+IF(N25=$N$8,1,0)+IF(O25=$O$8,1,0)+IF(P25=$P$8,1,0)+IF(Q25=$Q$8,1,0)+IF(R25=$R$8,1,0)+IF(S25=$S$8,1,0)+IF(T25=$T$8,1,0)+IF(U25=$U$8,1,0)+IF(V25=$V$8,1,0)+IF(W25=$W$8,1,0)+IF(X25=$X$8,1,0)+IF(Y25=$Y$8,1,0)+IF(Z25=$Z$8,1,0)+IF(AA25=$AA$8,1,0)+IF(AB25=$AB$8,1,0)+IF(AC25=$AC$8,1,0)+IF(AD25=$AD$8,1,0)+IF(AE25=$AE$8,1,0)+IF(AF25=$AF$8,1,0)+IF(AG25=$AG$8,1,0)+IF(AH25=$AH$8,1,0)+IF(AI25=$AI$8,1,0)+IF(AJ25=$AJ$8,1,0)+IF(AK25=$AK$8,1,0)+IF(AL25=$AL$8,1,0)+IF(AM25=$AM$8,1,0)+IF(AN25=$AN$8,1,0)+IF(AO25=$AO$8,1,0)+IF(AP25=$AP$8,1,0)+IF(AQ25=$AQ$8,1,0))) -> 0 | AS25: =IF(D25="","",VLOOKUP(AR25,'PAT-C_Tables'!$S$3:$T$40,2,FALSE))
AR26: =IF(D26="",0,(IF(G26=$G$8,1,0)+IF(H26=$H$8,1,0)+IF(I26=$I$8,1,0)+IF(J26=$J$8,1,0)+IF(K26=$K$8,1,0)+IF(L26=$L$8,1,0)+IF(M26=$M$8,1,0)+IF(N26=$N$8,1,0)+IF(O26=$O$8,1,0)+IF(P26=$P$8,1,0)+IF(Q26=$Q$8,1,0)+IF(R26=$R$8,1,0)+IF(S26=$S$8,1,0)+IF(T26=$T$8,1,0)+IF(U26=$U$8,1,0)+IF(V26=$V$8,1,0)+IF(W26=$W$8,1,0)+IF(X26=$X$8,1,0)+IF(Y26=$Y$8,1,0)+IF(Z26=$Z$8,1,0)+IF(AA26=$AA$8,1,0)+IF(AB26=$AB$8,1,0)+IF(AC26=$AC$8,1,0)+IF(AD26=$AD$8,1,0)+IF(AE26=$AE$8,1,0)+IF(AF26=$AF$8,1,0)+IF(AG26=$AG$8,1,0)+IF(AH26=$AH$8,1,0)+IF(AI26=$AI$8,1,0)+IF(AJ26=$AJ$8,1,0)+IF(AK26=$AK$8,1,0)+IF(AL26=$AL$8,1,0)+IF(AM26=$AM$8,1,0)+IF(AN26=$AN$8,1,0)+IF(AO26=$AO$8,1,0)+IF(AP26=$AP$8,1,0)+IF(AQ26=$AQ$8,1,0))) -> 0 | AS26: =IF(D26="","",VLOOKUP(AR26,'PAT-C_Tables'!$S$3:$T$40,2,FALSE))
AR27: =IF(D27="",0,(IF(G27=$G$8,1,0)+IF(H27=$H$8,1,0)+IF(I27=$I$8,1,0)+IF(J27=$J$8,1,0)+IF(K27=$K$8,1,0)+IF(L27=$L$8,1,0)+IF(M27=$M$8,1,0)+IF(N27=$N$8,1,0)+IF(O27=$O$8,1,0)+IF(P27=$P$8,1,0)+IF(Q27=$Q$8,1,0)+IF(R27=$R$8,1,0)+IF(S27=$S$8,1,0)+IF(T27=$T$8,1,0)+IF(U27=$U$8,1,0)+IF(V27=$V$8,1,0)+IF(W27=$W$8,1,0)+IF(X27=$X$8,1,0)+IF(Y27=$Y$8,1,0)+IF(Z27=$Z$8,1,0)+IF(AA27=$AA$8,1,0)+IF(AB27=$AB$8,1,0)+IF(AC27=$AC$8,1,0)+IF(AD27=$AD$8,1,0)+IF(AE27=$AE$8,1,0)+IF(AF27=$AF$8,1,0)+IF(AG27=$AG$8,1,0)+IF(AH27=$AH$8,1,0)+IF(AI27=$AI$8,1,0)+IF(AJ27=$AJ$8,1,0)+IF(AK27=$AK$8,1,0)+IF(AL27=$AL$8,1,0)+IF(AM27=$AM$8,1,0)+IF(AN27=$AN$8,1,0)+IF(AO27=$AO$8,1,0)+IF(AP27=$AP$8,1,0)+IF(AQ27=$AQ$8,1,0))) -> 0 | AS27: =IF(D27="","",VLOOKUP(AR27,'PAT-C_Tables'!$S$3:$T$40,2,FALSE))
AR28: =IF(D28="",0,(IF(G28=$G$8,1,0)+IF(H28=$H$8,1,0)+IF(I28=$I$8,1,0)+IF(J28=$J$8,1,0)+IF(K28=$K$8,1,0)+IF(L28=$L$8,1,0)+IF(M28=$M$8,1,0)+IF(N28=$N$8,1,0)+IF(O28=$O$8,1,0)+IF(P28=$P$8,1,0)+IF(Q28=$Q$8,1,0)+IF(R28=$R$8,1,0)+IF(S28=$S$8,1,0)+IF(T28=$T$8,1,0)+IF(U28=$U$8,1,0)+IF(V28=$V$8,1,0)+IF(W28=$W$8,1,0)+IF(X28=$X$8,1,0)+IF(Y28=$Y$8,1,0)+IF(Z28=$Z$8,1,0)+IF(AA28=$AA$8,1,0)+IF(AB28=$AB$8,1,0)+IF(AC28=$AC$8,1,0)+IF(AD28=$AD$8,1,0)+IF(AE28=$AE$8,1,0)+IF(AF28=$AF$8,1,0)+IF(AG28=$AG$8,1,0)+IF(AH28=$AH$8,1,0)+IF(AI28=$AI$8,1,0)+IF(AJ28=$AJ$8,1,0)+IF(AK28=$AK$8,1,0)+IF(AL28=$AL$8,1,0)+IF(AM28=$AM$8,1,0)+IF(AN28=$AN$8,1,0)+IF(AO28=$AO$8,1,0)+IF(AP28=$AP$8,1,0)+IF(AQ28=$AQ$8,1,0))) -> 0 | AS28: =IF(D28="","",VLOOKUP(AR28,'PAT-C_Tables'!$S$3:$T$40,2,FALSE))
AR29: =IF(D29="",0,(IF(G29=$G$8,1,0)+IF(H29=$H$8,1,0)+IF(I29=$I$8,1,0)+IF(J29=$J$8,1,0)+IF(K29=$K$8,1,0)+IF(L29=$L$8,1,0)+IF(M29=$M$8,1,0)+IF(N29=$N$8,1,0)+IF(O29=$O$8,1,0)+IF(P29=$P$8,1,0)+IF(Q29=$Q$8,1,0)+IF(R29=$R$8,1,0)+IF(S29=$S$8,1,0)+IF(T29=$T$8,1,0)+IF(U29=$U$8,1,0)+IF(V29=$V$8,1,0)+IF(W29=$W$8,1,0)+IF(X29=$X$8,1,0)+IF(Y29=$Y$8,1,0)+IF(Z29=$Z$8,1,0)+IF(AA29=$AA$8,1,0)+IF(AB29=$AB$8,1,0)+IF(AC29=$AC$8,1,0)+IF(AD29=$AD$8,1,0)+IF(AE29=$AE$8,1,0)+IF(AF29=$AF$8,1,0)+IF(AG29=$AG$8,1,0)+IF(AH29=$AH$8,1,0)+IF(AI29=$AI$8,1,0)+IF(AJ29=$AJ$8,1,0)+IF(AK29=$AK$8,1,0)+IF(AL29=$AL$8,1,0)+IF(AM29=$AM$8,1,0)+IF(AN29=$AN$8,1,0)+IF(AO29=$AO$8,1,0)+IF(AP29=$AP$8,1,0)+IF(AQ29=$AQ$8,1,0))) -> 0 | AS29: =IF(D29="","",VLOOKUP(AR29,'PAT-C_Tables'!$S$3:$T$40,2,FALSE))
AR30: =IF(D30="",0,(IF(G30=$G$8,1,0)+IF(H30=$H$8,1,0)+IF(I30=$I$8,1,0)+IF(J30=$J$8,1,0)+IF(K30=$K$8,1,0)+IF(L30=$L$8,1,0)+IF(M30=$M$8,1,0)+IF(N30=$N$8,1,0)+IF(O30=$O$8,1,0)+IF(P30=$P$8,1,0)+IF(Q30=$Q$8,1,0)+IF(R30=$R$8,1,0)+IF(S30=$S$8,1,0)+IF(T30=$T$8,1,0)+IF(U30=$U$8,1,0)+IF(V30=$V$8,1,0)+IF(W30=$W$8,1,0)+IF(X30=$X$8,1,0)+IF(Y30=$Y$8,1,0)+IF(Z30=$Z$8,1,0)+IF(AA30=$AA$8,1,0)+IF(AB30=$AB$8,1,0)+IF(AC30=$AC$8,1,0)+IF(AD30=$AD$8,1,0)+IF(AE30=$AE$8,1,0)+IF(AF30=$AF$8,1,0)+IF(AG30=$AG$8,1,0)+IF(AH30=$AH$8,1,0)+IF(AI30=$AI$8,1,0)+IF(AJ30=$AJ$8,1,0)+IF(AK30=$AK$8,1,0)+IF(AL30=$AL$8,1,0)+IF(AM30=$AM$8,1,0)+IF(AN30=$AN$8,1,0)+IF(AO30=$AO$8,1,0)+IF(AP30=$AP$8,1,0)+IF(AQ30=$AQ$8,1,0))) -> 0 | AS30: =IF(D30="","",VLOOKUP(AR30,'PAT-C_Tables'!$S$3:$T$40,2,FALSE))
AR31: =IF(D31="",0,(IF(G31=$G$8,1,0)+IF(H31=$H$8,1,0)+IF(I31=$I$8,1,0)+IF(J31=$J$8,1,0)+IF(K31=$K$8,1,0)+IF(L31=$L$8,1,0)+IF(M31=$M$8,1,0)+IF(N31=$N$8,1,0)+IF(O31=$O$8,1,0)+IF(P31=$P$8,1,0)+IF(Q31=$Q$8,1,0)+IF(R31=$R$8,1,0)+IF(S31=$S$8,1,0)+IF(T31=$T$8,1,0)+IF(U31=$U$8,1,0)+IF(V31=$V$8,1,0)+IF(W31=$W$8,1,0)+IF(X31=$X$8,1,0)+IF(Y31=$Y$8,1,0)+IF(Z31=$Z$8,1,0)+IF(AA31=$AA$8,1,0)+IF(AB31=$AB$8,1,0)+IF(AC31=$AC$8,1,0)+IF(AD31=$AD$8,1,0)+IF(AE31=$AE$8,1,0)+IF(AF31=$AF$8,1,0)+IF(AG31=$AG$8,1,0)+IF(AH31=$AH$8,1,0)+IF(AI31=$AI$8,1,0)+IF(AJ31=$AJ$8,1,0)+IF(AK31=$AK$8,1,0)+IF(AL31=$AL$8,1,0)+IF(AM31=$AM$8,1,0)+IF(AN31=$AN$8,1,0)+IF(AO31=$AO$8,1,0)+IF(AP31=$AP$8,1,0)+IF(AQ31=$AQ$8,1,0))) -> 0 | AS31: =IF(D31="","",VLOOKUP(AR31,'PAT-C_Tables'!$S$3:$T$40,2,FALSE))
... AR503: =IF(D503="",0,(IF(G503=$G$8,1,0)+IF(H503=$H$8,1,0)+IF(I503=$I$8,1,0)+IF(J503=$J$8,1,0)+IF(K503=$K$8,1,0)+IF(L503=$L$8,1,0)+IF(M503=$M$8,1,0)+IF(N503=$N$8,1,0)+IF(O503=$O$8,1,0)+IF(P503=$P$8,1,0)+IF(Q503=$Q$8,1,0)+IF(R503=$R$8,1,0)+IF(S503=$S$8,1,0)+IF(T503=$T$8,1,0)+IF(U503=$U$8,1,0)+IF(V503=$V$8,1,0)+IF(W503=$W$8,1,0)+IF(X503=$X$8,1,0)+IF(Y503=$Y$8,1,0)+IF(Z503=$Z$8,1,0)+IF(AA503=$AA$8,1,0)+IF(AB503=$AB$8,1,0)+IF(AC503=$AC$8,1,0)+IF(AD503=$AD$8,1,0)+IF(AE503=$AE$8,1,0)+IF(AF503=$AF$8,1,0)+IF(AG503=$AG$8,1,0)+IF(AH503=$AH$8,1,0)+IF(AI503=$AI$8,1,0)+IF(AJ503=$AJ$8,1,0)+IF(AK503=$AK$8,1,0)+IF(AL503=$AL$8,1,0)+IF(AM503=$AM$8,1,0)+IF(AN503=$AN$8,1,0)+IF(AO503=$AO$8,1,0)+IF(AP503=$AP$8,1,0)+IF(AQ503=$AQ$8,1,0))) -> 0 | AS503: =IF(D503="","",VLOOKUP(AR503,'PAT-C_Tables'!$S$3:$T$40,2,FALSE))

Sheet PAT-R Comp 10
A1: PAT-R Comprehesion - Test Booklet 10
G3: QUESTION No. and ANSWER KEY (Enter the student's response - "A" or "B" or "C" or "D")
E4: Question Number | G4: 1 | H4: 2 | I4: 3 | J4: 4 | K4: 5 | L4: 6 | M4: 7 | N4: 8 | O4: 9 | P4: 10 | Q4: 11 | R4: 12 | S4: 13 | T4: 14 | U4: 15 | V4: 16 | W4: 17 | X4: 18 | Y4: 19 | Z4: 20 | AA4: 21 | AB4: 22 | AC4: 23 | AD4: 24 | AE4: 25 | AF4: 26 | AG4: 27 | AH4: 28 | AI4: 29 | AJ4: 30 | AK4: 31 | AL4: 32 | AM4: 33 | AN4: 34 | AO4: 35 | AP4: 36
E5: Item Difficulty | G5: 146.23 | H5: 140.63 | I5: 132.15 | J5: 126.35 | K5: 135.25 | L5: 142.12 | M5: 136.31 | N5: 138.5 | O5: 128.39 | P5: 130.43 | Q5: 140.23 | R5: 141.79 | S5: 132.55 | T5: 147.14 | U5: 145.56 | V5: 148.51 | W5: 138.69 | X5: 149.58 | Y5: 146.89 | Z5: 139.48 | AA5: 146.61 | AB5: 142.19 | AC5: 145.64 | AD5: 148.42 | AE5: 143.13 | AF5: 145.46 | AG5: 150.07 | AH5: 148.26 | AI5: 136.2 | AJ5: 144.17 | AK5: 141.54 | AL5: 152.78 | AM5: 141.96 | AN5: 149.45 | AO5: 142.87 | AP5: 148.72
E6: Skill Assessed | G6: II | H6: II | I6: II | J6: II | K6: RI | L6: IE | M6: RI | N6: RF | O6: IE | P6: IE | Q6: RI | R6: II | S6: RI | T6: IE | U6: IE | V6: II | W6: II | X6: II | Y6: II | Z6: II | AA6: II | AB6: II | AC6: IE | AD6: IE | AE6: II | AF6: RI | AG6: IE | AH6: II | AI6: RI | AJ6: IE | AK6: II | AL6: II | AM6: RF | AN6: II | AO6: IE | AP6: IE
A7: required | B7: required | C7: optional | D7: required | E7: required | F7: required
A8: Date (dd/mm/yy) | B8: Yr_Lev | C8: HG | D8: Surname | E8: First_Name | F8: Student_ID | G8: D | H8: C | I8: A | J8: D | K8: C | L8: D | M8: A | N8: C | O8: B | P8: A | Q8: D | R8: A | S8: B | T8: B | U8: D | V8: B | W8: B | X8: A | Y8: A | Z8: D | AA8: C | AB8: A | AC8: D | AD8: D | AE8: A | AF8: A | AG8: D | AH8: D | AI8: B | AJ8: B | AK8: B | AL8: A | AM8: A | AN8: A | AO8: B | AP8: B | AQ8: Raw Score | AR8: PAT Score
AQ9: =IF(D9="",0,(IF(G9=$G$8,1,0)+IF(H9=$H$8,1,0)+IF(I9=$I$8,1,0)+IF(J9=$J$8,1,0)+IF(K9=$K$8,1,0)+IF(L9=$L$8,1,0)+IF(M9=$M$8,1,0)+IF(N9=$N$8,1,0)+IF(O9=$O$8,1,0)+IF(P9=$P$8,1,0)+IF(Q9=$Q$8,1,0)+IF(R9=$R$8,1,0)+IF(S9=$S$8,1,0)+IF(T9=$T$8,1,0)+IF(U9=$U$8,1,0)+IF(V9=$V$8,1,0)+IF(W9=$W$8,1,0)+IF(X9=$X$8,1,0)+IF(Y9=$Y$8,1,0)+IF(Z9=$Z$8,1,0)+IF(AA9=$AA$8,1,0)+IF(AB9=$AB$8,1,0)+IF(AC9=$AC$8,1,0)+IF(AD9=$AD$8,1,0)+IF(AE9=$AE$8,1,0)+IF(AF9=$AF$8,1,0)+IF(AG9=$AG$8,1,0)+IF(AH9=$AH$8,1,0)+IF(AI9=$AI$8,1,0)+IF(AJ9=$AJ$8,1,0)+IF(AK9=$AK$8,1,0)+IF(AL9=$AL$8,1,0)+IF(AM9=$AM$8,1,0)+IF(AN9=$AN$8,1,0)+IF(AO9=$AO$8,1,0)+IF(AP9=$AP$8,1,0))) -> 0 | AR9: =IF(D9="","",VLOOKUP(AQ9,'PAT-C_Tables'!$U$3:$V$40,2,FALSE))
AQ10: =IF(D10="",0,(IF(G10=$G$8,1,0)+IF(H10=$H$8,1,0)+IF(I10=$I$8,1,0)+IF(J10=$J$8,1,0)+IF(K10=$K$8,1,0)+IF(L10=$L$8,1,0)+IF(M10=$M$8,1,0)+IF(N10=$N$8,1,0)+IF(O10=$O$8,1,0)+IF(P10=$P$8,1,0)+IF(Q10=$Q$8,1,0)+IF(R10=$R$8,1,0)+IF(S10=$S$8,1,0)+IF(T10=$T$8,1,0)+IF(U10=$U$8,1,0)+IF(V10=$V$8,1,0)+IF(W10=$W$8,1,0)+IF(X10=$X$8,1,0)+IF(Y10=$Y$8,1,0)+IF(Z10=$Z$8,1,0)+IF(AA10=$AA$8,1,0)+IF(AB10=$AB$8,1,0)+IF(AC10=$AC$8,1,0)+IF(AD10=$AD$8,1,0)+IF(AE10=$AE$8,1,0)+IF(AF10=$AF$8,1,0)+IF(AG10=$AG$8,1,0)+IF(AH10=$AH$8,1,0)+IF(AI10=$AI$8,1,0)+IF(AJ10=$AJ$8,1,0)+IF(AK10=$AK$8,1,0)+IF(AL10=$AL$8,1,0)+IF(AM10=$AM$8,1,0)+IF(AN10=$AN$8,1,0)+IF(AO10=$AO$8,1,0)+IF(AP10=$AP$8,1,0))) -> 0 | AR10: =IF(D10="","",VLOOKUP(AQ10,'PAT-C_Tables'!$U$3:$V$40,2,FALSE))
AQ11: =IF(D11="",0,(IF(G11=$G$8,1,0)+IF(H11=$H$8,1,0)+IF(I11=$I$8,1,0)+IF(J11=$J$8,1,0)+IF(K11=$K$8,1,0)+IF(L11=$L$8,1,0)+IF(M11=$M$8,1,0)+IF(N11=$N$8,1,0)+IF(O11=$O$8,1,0)+IF(P11=$P$8,1,0)+IF(Q11=$Q$8,1,0)+IF(R11=$R$8,1,0)+IF(S11=$S$8,1,0)+IF(T11=$T$8,1,0)+IF(U11=$U$8,1,0)+IF(V11=$V$8,1,0)+IF(W11=$W$8,1,0)+IF(X11=$X$8,1,0)+IF(Y11=$Y$8,1,0)+IF(Z11=$Z$8,1,0)+IF(AA11=$AA$8,1,0)+IF(AB11=$AB$8,1,0)+IF(AC11=$AC$8,1,0)+IF(AD11=$AD$8,1,0)+IF(AE11=$AE$8,1,0)+IF(AF11=$AF$8,1,0)+IF(AG11=$AG$8,1,0)+IF(AH11=$AH$8,1,0)+IF(AI11=$AI$8,1,0)+IF(AJ11=$AJ$8,1,0)+IF(AK11=$AK$8,1,0)+IF(AL11=$AL$8,1,0)+IF(AM11=$AM$8,1,0)+IF(AN11=$AN$8,1,0)+IF(AO11=$AO$8,1,0)+IF(AP11=$AP$8,1,0))) -> 0 | AR11: =IF(D11="","",VLOOKUP(AQ11,'PAT-C_Tables'!$U$3:$V$40,2,FALSE))
AQ12: =IF(D12="",0,(IF(G12=$G$8,1,0)+IF(H12=$H$8,1,0)+IF(I12=$I$8,1,0)+IF(J12=$J$8,1,0)+IF(K12=$K$8,1,0)+IF(L12=$L$8,1,0)+IF(M12=$M$8,1,0)+IF(N12=$N$8,1,0)+IF(O12=$O$8,1,0)+IF(P12=$P$8,1,0)+IF(Q12=$Q$8,1,0)+IF(R12=$R$8,1,0)+IF(S12=$S$8,1,0)+IF(T12=$T$8,1,0)+IF(U12=$U$8,1,0)+IF(V12=$V$8,1,0)+IF(W12=$W$8,1,0)+IF(X12=$X$8,1,0)+IF(Y12=$Y$8,1,0)+IF(Z12=$Z$8,1,0)+IF(AA12=$AA$8,1,0)+IF(AB12=$AB$8,1,0)+IF(AC12=$AC$8,1,0)+IF(AD12=$AD$8,1,0)+IF(AE12=$AE$8,1,0)+IF(AF12=$AF$8,1,0)+IF(AG12=$AG$8,1,0)+IF(AH12=$AH$8,1,0)+IF(AI12=$AI$8,1,0)+IF(AJ12=$AJ$8,1,0)+IF(AK12=$AK$8,1,0)+IF(AL12=$AL$8,1,0)+IF(AM12=$AM$8,1,0)+IF(AN12=$AN$8,1,0)+IF(AO12=$AO$8,1,0)+IF(AP12=$AP$8,1,0))) -> 0 | AR12: =IF(D12="","",VLOOKUP(AQ12,'PAT-C_Tables'!$U$3:$V$40,2,FALSE))
AQ13: =IF(D13="",0,(IF(G13=$G$8,1,0)+IF(H13=$H$8,1,0)+IF(I13=$I$8,1,0)+IF(J13=$J$8,1,0)+IF(K13=$K$8,1,0)+IF(L13=$L$8,1,0)+IF(M13=$M$8,1,0)+IF(N13=$N$8,1,0)+IF(O13=$O$8,1,0)+IF(P13=$P$8,1,0)+IF(Q13=$Q$8,1,0)+IF(R13=$R$8,1,0)+IF(S13=$S$8,1,0)+IF(T13=$T$8,1,0)+IF(U13=$U$8,1,0)+IF(V13=$V$8,1,0)+IF(W13=$W$8,1,0)+IF(X13=$X$8,1,0)+IF(Y13=$Y$8,1,0)+IF(Z13=$Z$8,1,0)+IF(AA13=$AA$8,1,0)+IF(AB13=$AB$8,1,0)+IF(AC13=$AC$8,1,0)+IF(AD13=$AD$8,1,0)+IF(AE13=$AE$8,1,0)+IF(AF13=$AF$8,1,0)+IF(AG13=$AG$8,1,0)+IF(AH13=$AH$8,1,0)+IF(AI13=$AI$8,1,0)+IF(AJ13=$AJ$8,1,0)+IF(AK13=$AK$8,1,0)+IF(AL13=$AL$8,1,0)+IF(AM13=$AM$8,1,0)+IF(AN13=$AN$8,1,0)+IF(AO13=$AO$8,1,0)+IF(AP13=$AP$8,1,0))) -> 0 | AR13: =IF(D13="","",VLOOKUP(AQ13,'PAT-C_Tables'!$U$3:$V$40,2,FALSE))
AQ14: =IF(D14="",0,(IF(G14=$G$8,1,0)+IF(H14=$H$8,1,0)+IF(I14=$I$8,1,0)+IF(J14=$J$8,1,0)+IF(K14=$K$8,1,0)+IF(L14=$L$8,1,0)+IF(M14=$M$8,1,0)+IF(N14=$N$8,1,0)+IF(O14=$O$8,1,0)+IF(P14=$P$8,1,0)+IF(Q14=$Q$8,1,0)+IF(R14=$R$8,1,0)+IF(S14=$S$8,1,0)+IF(T14=$T$8,1,0)+IF(U14=$U$8,1,0)+IF(V14=$V$8,1,0)+IF(W14=$W$8,1,0)+IF(X14=$X$8,1,0)+IF(Y14=$Y$8,1,0)+IF(Z14=$Z$8,1,0)+IF(AA14=$AA$8,1,0)+IF(AB14=$AB$8,1,0)+IF(AC14=$AC$8,1,0)+IF(AD14=$AD$8,1,0)+IF(AE14=$AE$8,1,0)+IF(AF14=$AF$8,1,0)+IF(AG14=$AG$8,1,0)+IF(AH14=$AH$8,1,0)+IF(AI14=$AI$8,1,0)+IF(AJ14=$AJ$8,1,0)+IF(AK14=$AK$8,1,0)+IF(AL14=$AL$8,1,0)+IF(AM14=$AM$8,1,0)+IF(AN14=$AN$8,1,0)+IF(AO14=$AO$8,1,0)+IF(AP14=$AP$8,1,0))) -> 0 | AR14: =IF(D14="","",VLOOKUP(AQ14,'PAT-C_Tables'!$U$3:$V$40,2,FALSE))
A15: 45356 | B15: 3 | C15: 3A | D15: Lname1 | E15: Fname1 | F15: XXXXX1 | AQ15: =IF(D15="",0,(IF(G15=$G$8,1,0)+IF(H15=$H$8,1,0)+IF(I15=$I$8,1,0)+IF(J15=$J$8,1,0)+IF(K15=$K$8,1,0)+IF(L15=$L$8,1,0)+IF(M15=$M$8,1,0)+IF(N15=$N$8,1,0)+IF(O15=$O$8,1,0)+IF(P15=$P$8,1,0)+IF(Q15=$Q$8,1,0)+IF(R15=$R$8,1,0)+IF(S15=$S$8,1,0)+IF(T15=$T$8,1,0)+IF(U15=$U$8,1,0)+IF(V15=$V$8,1,0)+IF(W15=$W$8,1,0)+IF(X15=$X$8,1,0)+IF(Y15=$Y$8,1,0)+IF(Z15=$Z$8,1,0)+IF(AA15=$AA$8,1,0)+IF(AB15=$AB$8,1,0)+IF(AC15=$AC$8,1,0)+IF(AD15=$AD$8,1,0)+IF(AE15=$AE$8,1,0)+IF(AF15=$AF$8,1,0)+IF(AG15=$AG$8,1,0)+IF(AH15=$AH$8,1,0)+IF(AI15=$AI$8,1,0)+IF(AJ15=$AJ$8,1,0)+IF(AK15=$AK$8,1,0)+IF(AL15=$AL$8,1,0)+IF(AM15=$AM$8,1,0)+IF(AN15=$AN$8,1,0)+IF(AO15=$AO$8,1,0)+IF(AP15=$AP$8,1,0))) -> 0 | AR15: =IF(D15="","",VLOOKUP(AQ15,'PAT-C_Tables'!$U$3:$V$40,2,FALSE)) -> 94.4
A16: 45356 | B16: 3 | C16: 3A | D16: Lname2 | E16: Fname2 | F16: XXXXX2 | AQ16: =IF(D16="",0,(IF(G16=$G$8,1,0)+IF(H16=$H$8,1,0)+IF(I16=$I$8,1,0)+IF(J16=$J$8,1,0)+IF(K16=$K$8,1,0)+IF(L16=$L$8,1,0)+IF(M16=$M$8,1,0)+IF(N16=$N$8,1,0)+IF(O16=$O$8,1,0)+IF(P16=$P$8,1,0)+IF(Q16=$Q$8,1,0)+IF(R16=$R$8,1,0)+IF(S16=$S$8,1,0)+IF(T16=$T$8,1,0)+IF(U16=$U$8,1,0)+IF(V16=$V$8,1,0)+IF(W16=$W$8,1,0)+IF(X16=$X$8,1,0)+IF(Y16=$Y$8,1,0)+IF(Z16=$Z$8,1,0)+IF(AA16=$AA$8,1,0)+IF(AB16=$AB$8,1,0)+IF(AC16=$AC$8,1,0)+IF(AD16=$AD$8,1,0)+IF(AE16=$AE$8,1,0)+IF(AF16=$AF$8,1,0)+IF(AG16=$AG$8,1,0)+IF(AH16=$AH$8,1,0)+IF(AI16=$AI$8,1,0)+IF(AJ16=$AJ$8,1,0)+IF(AK16=$AK$8,1,0)+IF(AL16=$AL$8,1,0)+IF(AM16=$AM$8,1,0)+IF(AN16=$AN$8,1,0)+IF(AO16=$AO$8,1,0)+IF(AP16=$AP$8,1,0))) -> 0 | AR16: =IF(D16="","",VLOOKUP(AQ16,'PAT-C_Tables'!$U$3:$V$40,2,FALSE)) -> 94.4
A17: 45356 | B17: 3 | C17: 3A | D17: Lname3 | E17: Fname3 | F17: XXXXX3 | AQ17: =IF(D17="",0,(IF(G17=$G$8,1,0)+IF(H17=$H$8,1,0)+IF(I17=$I$8,1,0)+IF(J17=$J$8,1,0)+IF(K17=$K$8,1,0)+IF(L17=$L$8,1,0)+IF(M17=$M$8,1,0)+IF(N17=$N$8,1,0)+IF(O17=$O$8,1,0)+IF(P17=$P$8,1,0)+IF(Q17=$Q$8,1,0)+IF(R17=$R$8,1,0)+IF(S17=$S$8,1,0)+IF(T17=$T$8,1,0)+IF(U17=$U$8,1,0)+IF(V17=$V$8,1,0)+IF(W17=$W$8,1,0)+IF(X17=$X$8,1,0)+IF(Y17=$Y$8,1,0)+IF(Z17=$Z$8,1,0)+IF(AA17=$AA$8,1,0)+IF(AB17=$AB$8,1,0)+IF(AC17=$AC$8,1,0)+IF(AD17=$AD$8,1,0)+IF(AE17=$AE$8,1,0)+IF(AF17=$AF$8,1,0)+IF(AG17=$AG$8,1,0)+IF(AH17=$AH$8,1,0)+IF(AI17=$AI$8,1,0)+IF(AJ17=$AJ$8,1,0)+IF(AK17=$AK$8,1,0)+IF(AL17=$AL$8,1,0)+IF(AM17=$AM$8,1,0)+IF(AN17=$AN$8,1,0)+IF(AO17=$AO$8,1,0)+IF(AP17=$AP$8,1,0))) -> 0 | AR17: =IF(D17="","",VLOOKUP(AQ17,'PAT-C_Tables'!$U$3:$V$40,2,FALSE)) -> 94.4
A18: 45356 | B18: 3 | C18: 3A | D18: Lname4 | E18: Fname4 | F18: XXXXX4 | AQ18: =IF(D18="",0,(IF(G18=$G$8,1,0)+IF(H18=$H$8,1,0)+IF(I18=$I$8,1,0)+IF(J18=$J$8,1,0)+IF(K18=$K$8,1,0)+IF(L18=$L$8,1,0)+IF(M18=$M$8,1,0)+IF(N18=$N$8,1,0)+IF(O18=$O$8,1,0)+IF(P18=$P$8,1,0)+IF(Q18=$Q$8,1,0)+IF(R18=$R$8,1,0)+IF(S18=$S$8,1,0)+IF(T18=$T$8,1,0)+IF(U18=$U$8,1,0)+IF(V18=$V$8,1,0)+IF(W18=$W$8,1,0)+IF(X18=$X$8,1,0)+IF(Y18=$Y$8,1,0)+IF(Z18=$Z$8,1,0)+IF(AA18=$AA$8,1,0)+IF(AB18=$AB$8,1,0)+IF(AC18=$AC$8,1,0)+IF(AD18=$AD$8,1,0)+IF(AE18=$AE$8,1,0)+IF(AF18=$AF$8,1,0)+IF(AG18=$AG$8,1,0)+IF(AH18=$AH$8,1,0)+IF(AI18=$AI$8,1,0)+IF(AJ18=$AJ$8,1,0)+IF(AK18=$AK$8,1,0)+IF(AL18=$AL$8,1,0)+IF(AM18=$AM$8,1,0)+IF(AN18=$AN$8,1,0)+IF(AO18=$AO$8,1,0)+IF(AP18=$AP$8,1,0))) -> 0 | AR18: =IF(D18="","",VLOOKUP(AQ18,'PAT-C_Tables'!$U$3:$V$40,2,FALSE)) -> 94.4
A19: 45356 | B19: 3 | C19: 3B | D19: ULname13 | E19: UFname13 | F19: UNLISTED | AQ19: =IF(D19="",0,(IF(G19=$G$8,1,0)+IF(H19=$H$8,1,0)+IF(I19=$I$8,1,0)+IF(J19=$J$8,1,0)+IF(K19=$K$8,1,0)+IF(L19=$L$8,1,0)+IF(M19=$M$8,1,0)+IF(N19=$N$8,1,0)+IF(O19=$O$8,1,0)+IF(P19=$P$8,1,0)+IF(Q19=$Q$8,1,0)+IF(R19=$R$8,1,0)+IF(S19=$S$8,1,0)+IF(T19=$T$8,1,0)+IF(U19=$U$8,1,0)+IF(V19=$V$8,1,0)+IF(W19=$W$8,1,0)+IF(X19=$X$8,1,0)+IF(Y19=$Y$8,1,0)+IF(Z19=$Z$8,1,0)+IF(AA19=$AA$8,1,0)+IF(AB19=$AB$8,1,0)+IF(AC19=$AC$8,1,0)+IF(AD19=$AD$8,1,0)+IF(AE19=$AE$8,1,0)+IF(AF19=$AF$8,1,0)+IF(AG19=$AG$8,1,0)+IF(AH19=$AH$8,1,0)+IF(AI19=$AI$8,1,0)+IF(AJ19=$AJ$8,1,0)+IF(AK19=$AK$8,1,0)+IF(AL19=$AL$8,1,0)+IF(AM19=$AM$8,1,0)+IF(AN19=$AN$8,1,0)+IF(AO19=$AO$8,1,0)+IF(AP19=$AP$8,1,0))) -> 0 | AR19: =IF(D19="","",VLOOKUP(AQ19,'PAT-C_Tables'!$U$3:$V$40,2,FALSE)) -> 94.4
A20: 45356 | B20: 3 | C20: 3A | D20: Lname5 | E20: Fname5 | F20: XXXXX5 | AQ20: =IF(D20="",0,(IF(G20=$G$8,1,0)+IF(H20=$H$8,1,0)+IF(I20=$I$8,1,0)+IF(J20=$J$8,1,0)+IF(K20=$K$8,1,0)+IF(L20=$L$8,1,0)+IF(M20=$M$8,1,0)+IF(N20=$N$8,1,0)+IF(O20=$O$8,1,0)+IF(P20=$P$8,1,0)+IF(Q20=$Q$8,1,0)+IF(R20=$R$8,1,0)+IF(S20=$S$8,1,0)+IF(T20=$T$8,1,0)+IF(U20=$U$8,1,0)+IF(V20=$V$8,1,0)+IF(W20=$W$8,1,0)+IF(X20=$X$8,1,0)+IF(Y20=$Y$8,1,0)+IF(Z20=$Z$8,1,0)+IF(AA20=$AA$8,1,0)+IF(AB20=$AB$8,1,0)+IF(AC20=$AC$8,1,0)+IF(AD20=$AD$8,1,0)+IF(AE20=$AE$8,1,0)+IF(AF20=$AF$8,1,0)+IF(AG20=$AG$8,1,0)+IF(AH20=$AH$8,1,0)+IF(AI20=$AI$8,1,0)+IF(AJ20=$AJ$8,1,0)+IF(AK20=$AK$8,1,0)+IF(AL20=$AL$8,1,0)+IF(AM20=$AM$8,1,0)+IF(AN20=$AN$8,1,0)+IF(AO20=$AO$8,1,0)+IF(AP20=$AP$8,1,0))) -> 0 | AR20: =IF(D20="","",VLOOKUP(AQ20,'PAT-C_Tables'!$U$3:$V$40,2,FALSE)) -> 94.4
A21: 45356 | B21: 3 | C21: 3B | D21: Lname6 | E21: Fname6 | F21: XXXXX6 | AQ21: =IF(D21="",0,(IF(G21=$G$8,1,0)+IF(H21=$H$8,1,0)+IF(I21=$I$8,1,0)+IF(J21=$J$8,1,0)+IF(K21=$K$8,1,0)+IF(L21=$L$8,1,0)+IF(M21=$M$8,1,0)+IF(N21=$N$8,1,0)+IF(O21=$O$8,1,0)+IF(P21=$P$8,1,0)+IF(Q21=$Q$8,1,0)+IF(R21=$R$8,1,0)+IF(S21=$S$8,1,0)+IF(T21=$T$8,1,0)+IF(U21=$U$8,1,0)+IF(V21=$V$8,1,0)+IF(W21=$W$8,1,0)+IF(X21=$X$8,1,0)+IF(Y21=$Y$8,1,0)+IF(Z21=$Z$8,1,0)+IF(AA21=$AA$8,1,0)+IF(AB21=$AB$8,1,0)+IF(AC21=$AC$8,1,0)+IF(AD21=$AD$8,1,0)+IF(AE21=$AE$8,1,0)+IF(AF21=$AF$8,1,0)+IF(AG21=$AG$8,1,0)+IF(AH21=$AH$8,1,0)+IF(AI21=$AI$8,1,0)+IF(AJ21=$AJ$8,1,0)+IF(AK21=$AK$8,1,0)+IF(AL21=$AL$8,1,0)+IF(AM21=$AM$8,1,0)+IF(AN21=$AN$8,1,0)+IF(AO21=$AO$8,1,0)+IF(AP21=$AP$8,1,0))) -> 0 | AR21: =IF(D21="","",VLOOKUP(AQ21,'PAT-C_Tables'!$U$3:$V$40,2,FALSE)) -> 94.4
A22: 45356 | B22: 3 | C22: 3B | D22: Lname7 | E22: Fname7 | F22: XXXXX7 | AQ22: =IF(D22="",0,(IF(G22=$G$8,1,0)+IF(H22=$H$8,1,0)+IF(I22=$I$8,1,0)+IF(J22=$J$8,1,0)+IF(K22=$K$8,1,0)+IF(L22=$L$8,1,0)+IF(M22=$M$8,1,0)+IF(N22=$N$8,1,0)+IF(O22=$O$8,1,0)+IF(P22=$P$8,1,0)+IF(Q22=$Q$8,1,0)+IF(R22=$R$8,1,0)+IF(S22=$S$8,1,0)+IF(T22=$T$8,1,0)+IF(U22=$U$8,1,0)+IF(V22=$V$8,1,0)+IF(W22=$W$8,1,0)+IF(X22=$X$8,1,0)+IF(Y22=$Y$8,1,0)+IF(Z22=$Z$8,1,0)+IF(AA22=$AA$8,1,0)+IF(AB22=$AB$8,1,0)+IF(AC22=$AC$8,1,0)+IF(AD22=$AD$8,1,0)+IF(AE22=$AE$8,1,0)+IF(AF22=$AF$8,1,0)+IF(AG22=$AG$8,1,0)+IF(AH22=$AH$8,1,0)+IF(AI22=$AI$8,1,0)+IF(AJ22=$AJ$8,1,0)+IF(AK22=$AK$8,1,0)+IF(AL22=$AL$8,1,0)+IF(AM22=$AM$8,1,0)+IF(AN22=$AN$8,1,0)+IF(AO22=$AO$8,1,0)+IF(AP22=$AP$8,1,0))) -> 0 | AR22: =IF(D22="","",VLOOKUP(AQ22,'PAT-C_Tables'!$U$3:$V$40,2,FALSE)) -> 94.4
A23: 45356 | B23: 3 | C23: 3B | D23: Lname8 | E23: Fname8 | F23: XXXXX8 | AQ23: =IF(D23="",0,(IF(G23=$G$8,1,0)+IF(H23=$H$8,1,0)+IF(I23=$I$8,1,0)+IF(J23=$J$8,1,0)+IF(K23=$K$8,1,0)+IF(L23=$L$8,1,0)+IF(M23=$M$8,1,0)+IF(N23=$N$8,1,0)+IF(O23=$O$8,1,0)+IF(P23=$P$8,1,0)+IF(Q23=$Q$8,1,0)+IF(R23=$R$8,1,0)+IF(S23=$S$8,1,0)+IF(T23=$T$8,1,0)+IF(U23=$U$8,1,0)+IF(V23=$V$8,1,0)+IF(W23=$W$8,1,0)+IF(X23=$X$8,1,0)+IF(Y23=$Y$8,1,0)+IF(Z23=$Z$8,1,0)+IF(AA23=$AA$8,1,0)+IF(AB23=$AB$8,1,0)+IF(AC23=$AC$8,1,0)+IF(AD23=$AD$8,1,0)+IF(AE23=$AE$8,1,0)+IF(AF23=$AF$8,1,0)+IF(AG23=$AG$8,1,0)+IF(AH23=$AH$8,1,0)+IF(AI23=$AI$8,1,0)+IF(AJ23=$AJ$8,1,0)+IF(AK23=$AK$8,1,0)+IF(AL23=$AL$8,1,0)+IF(AM23=$AM$8,1,0)+IF(AN23=$AN$8,1,0)+IF(AO23=$AO$8,1,0)+IF(AP23=$AP$8,1,0))) -> 0 | AR23: =IF(D23="","",VLOOKUP(AQ23,'PAT-C_Tables'!$U$3:$V$40,2,FALSE)) -> 94.4
A24: 45356 | B24: 3 | C24: 3B | D24: Lname9 | E24: Fname9 | F24: XXXXX9 | AQ24: =IF(D24="",0,(IF(G24=$G$8,1,0)+IF(H24=$H$8,1,0)+IF(I24=$I$8,1,0)+IF(J24=$J$8,1,0)+IF(K24=$K$8,1,0)+IF(L24=$L$8,1,0)+IF(M24=$M$8,1,0)+IF(N24=$N$8,1,0)+IF(O24=$O$8,1,0)+IF(P24=$P$8,1,0)+IF(Q24=$Q$8,1,0)+IF(R24=$R$8,1,0)+IF(S24=$S$8,1,0)+IF(T24=$T$8,1,0)+IF(U24=$U$8,1,0)+IF(V24=$V$8,1,0)+IF(W24=$W$8,1,0)+IF(X24=$X$8,1,0)+IF(Y24=$Y$8,1,0)+IF(Z24=$Z$8,1,0)+IF(AA24=$AA$8,1,0)+IF(AB24=$AB$8,1,0)+IF(AC24=$AC$8,1,0)+IF(AD24=$AD$8,1,0)+IF(AE24=$AE$8,1,0)+IF(AF24=$AF$8,1,0)+IF(AG24=$AG$8,1,0)+IF(AH24=$AH$8,1,0)+IF(AI24=$AI$8,1,0)+IF(AJ24=$AJ$8,1,0)+IF(AK24=$AK$8,1,0)+IF(AL24=$AL$8,1,0)+IF(AM24=$AM$8,1,0)+IF(AN24=$AN$8,1,0)+IF(AO24=$AO$8,1,0)+IF(AP24=$AP$8,1,0))) -> 0 | AR24: =IF(D24="","",VLOOKUP(AQ24,'PAT-C_Tables'!$U$3:$V$40,2,FALSE)) -> 94.4
A25: 45356 | B25: 3 | C25: 3B | D25: Lname10 | E25: Fname10 | F25: XXXXX10 | AQ25: =IF(D25="",0,(IF(G25=$G$8,1,0)+IF(H25=$H$8,1,0)+IF(I25=$I$8,1,0)+IF(J25=$J$8,1,0)+IF(K25=$K$8,1,0)+IF(L25=$L$8,1,0)+IF(M25=$M$8,1,0)+IF(N25=$N$8,1,0)+IF(O25=$O$8,1,0)+IF(P25=$P$8,1,0)+IF(Q25=$Q$8,1,0)+IF(R25=$R$8,1,0)+IF(S25=$S$8,1,0)+IF(T25=$T$8,1,0)+IF(U25=$U$8,1,0)+IF(V25=$V$8,1,0)+IF(W25=$W$8,1,0)+IF(X25=$X$8,1,0)+IF(Y25=$Y$8,1,0)+IF(Z25=$Z$8,1,0)+IF(AA25=$AA$8,1,0)+IF(AB25=$AB$8,1,0)+IF(AC25=$AC$8,1,0)+IF(AD25=$AD$8,1,0)+IF(AE25=$AE$8,1,0)+IF(AF25=$AF$8,1,0)+IF(AG25=$AG$8,1,0)+IF(AH25=$AH$8,1,0)+IF(AI25=$AI$8,1,0)+IF(AJ25=$AJ$8,1,0)+IF(AK25=$AK$8,1,0)+IF(AL25=$AL$8,1,0)+IF(AM25=$AM$8,1,0)+IF(AN25=$AN$8,1,0)+IF(AO25=$AO$8,1,0)+IF(AP25=$AP$8,1,0))) -> 0 | AR25: =IF(D25="","",VLOOKUP(AQ25,'PAT-C_Tables'!$U$3:$V$40,2,FALSE)) -> 94.4
AQ26: =IF(D26="",0,(IF(G26=$G$8,1,0)+IF(H26=$H$8,1,0)+IF(I26=$I$8,1,0)+IF(J26=$J$8,1,0)+IF(K26=$K$8,1,0)+IF(L26=$L$8,1,0)+IF(M26=$M$8,1,0)+IF(N26=$N$8,1,0)+IF(O26=$O$8,1,0)+IF(P26=$P$8,1,0)+IF(Q26=$Q$8,1,0)+IF(R26=$R$8,1,0)+IF(S26=$S$8,1,0)+IF(T26=$T$8,1,0)+IF(U26=$U$8,1,0)+IF(V26=$V$8,1,0)+IF(W26=$W$8,1,0)+IF(X26=$X$8,1,0)+IF(Y26=$Y$8,1,0)+IF(Z26=$Z$8,1,0)+IF(AA26=$AA$8,1,0)+IF(AB26=$AB$8,1,0)+IF(AC26=$AC$8,1,0)+IF(AD26=$AD$8,1,0)+IF(AE26=$AE$8,1,0)+IF(AF26=$AF$8,1,0)+IF(AG26=$AG$8,1,0)+IF(AH26=$AH$8,1,0)+IF(AI26=$AI$8,1,0)+IF(AJ26=$AJ$8,1,0)+IF(AK26=$AK$8,1,0)+IF(AL26=$AL$8,1,0)+IF(AM26=$AM$8,1,0)+IF(AN26=$AN$8,1,0)+IF(AO26=$AO$8,1,0)+IF(AP26=$AP$8,1,0))) -> 0 | AR26: =IF(D26="","",VLOOKUP(AQ26,'PAT-C_Tables'!$U$3:$V$40,2,FALSE))
AQ27: =IF(D27="",0,(IF(G27=$G$8,1,0)+IF(H27=$H$8,1,0)+IF(I27=$I$8,1,0)+IF(J27=$J$8,1,0)+IF(K27=$K$8,1,0)+IF(L27=$L$8,1,0)+IF(M27=$M$8,1,0)+IF(N27=$N$8,1,0)+IF(O27=$O$8,1,0)+IF(P27=$P$8,1,0)+IF(Q27=$Q$8,1,0)+IF(R27=$R$8,1,0)+IF(S27=$S$8,1,0)+IF(T27=$T$8,1,0)+IF(U27=$U$8,1,0)+IF(V27=$V$8,1,0)+IF(W27=$W$8,1,0)+IF(X27=$X$8,1,0)+IF(Y27=$Y$8,1,0)+IF(Z27=$Z$8,1,0)+IF(AA27=$AA$8,1,0)+IF(AB27=$AB$8,1,0)+IF(AC27=$AC$8,1,0)+IF(AD27=$AD$8,1,0)+IF(AE27=$AE$8,1,0)+IF(AF27=$AF$8,1,0)+IF(AG27=$AG$8,1,0)+IF(AH27=$AH$8,1,0)+IF(AI27=$AI$8,1,0)+IF(AJ27=$AJ$8,1,0)+IF(AK27=$AK$8,1,0)+IF(AL27=$AL$8,1,0)+IF(AM27=$AM$8,1,0)+IF(AN27=$AN$8,1,0)+IF(AO27=$AO$8,1,0)+IF(AP27=$AP$8,1,0))) -> 0 | AR27: =IF(D27="","",VLOOKUP(AQ27,'PAT-C_Tables'!$U$3:$V$40,2,FALSE))
AQ28: =IF(D28="",0,(IF(G28=$G$8,1,0)+IF(H28=$H$8,1,0)+IF(I28=$I$8,1,0)+IF(J28=$J$8,1,0)+IF(K28=$K$8,1,0)+IF(L28=$L$8,1,0)+IF(M28=$M$8,1,0)+IF(N28=$N$8,1,0)+IF(O28=$O$8,1,0)+IF(P28=$P$8,1,0)+IF(Q28=$Q$8,1,0)+IF(R28=$R$8,1,0)+IF(S28=$S$8,1,0)+IF(T28=$T$8,1,0)+IF(U28=$U$8,1,0)+IF(V28=$V$8,1,0)+IF(W28=$W$8,1,0)+IF(X28=$X$8,1,0)+IF(Y28=$Y$8,1,0)+IF(Z28=$Z$8,1,0)+IF(AA28=$AA$8,1,0)+IF(AB28=$AB$8,1,0)+IF(AC28=$AC$8,1,0)+IF(AD28=$AD$8,1,0)+IF(AE28=$AE$8,1,0)+IF(AF28=$AF$8,1,0)+IF(AG28=$AG$8,1,0)+IF(AH28=$AH$8,1,0)+IF(AI28=$AI$8,1,0)+IF(AJ28=$AJ$8,1,0)+IF(AK28=$AK$8,1,0)+IF(AL28=$AL$8,1,0)+IF(AM28=$AM$8,1,0)+IF(AN28=$AN$8,1,0)+IF(AO28=$AO$8,1,0)+IF(AP28=$AP$8,1,0))) -> 0 | AR28: =IF(D28="","",VLOOKUP(AQ28,'PAT-C_Tables'!$U$3:$V$40,2,FALSE))
AQ29: =IF(D29="",0,(IF(G29=$G$8,1,0)+IF(H29=$H$8,1,0)+IF(I29=$I$8,1,0)+IF(J29=$J$8,1,0)+IF(K29=$K$8,1,0)+IF(L29=$L$8,1,0)+IF(M29=$M$8,1,0)+IF(N29=$N$8,1,0)+IF(O29=$O$8,1,0)+IF(P29=$P$8,1,0)+IF(Q29=$Q$8,1,0)+IF(R29=$R$8,1,0)+IF(S29=$S$8,1,0)+IF(T29=$T$8,1,0)+IF(U29=$U$8,1,0)+IF(V29=$V$8,1,0)+IF(W29=$W$8,1,0)+IF(X29=$X$8,1,0)+IF(Y29=$Y$8,1,0)+IF(Z29=$Z$8,1,0)+IF(AA29=$AA$8,1,0)+IF(AB29=$AB$8,1,0)+IF(AC29=$AC$8,1,0)+IF(AD29=$AD$8,1,0)+IF(AE29=$AE$8,1,0)+IF(AF29=$AF$8,1,0)+IF(AG29=$AG$8,1,0)+IF(AH29=$AH$8,1,0)+IF(AI29=$AI$8,1,0)+IF(AJ29=$AJ$8,1,0)+IF(AK29=$AK$8,1,0)+IF(AL29=$AL$8,1,0)+IF(AM29=$AM$8,1,0)+IF(AN29=$AN$8,1,0)+IF(AO29=$AO$8,1,0)+IF(AP29=$AP$8,1,0))) -> 0 | AR29: =IF(D29="","",VLOOKUP(AQ29,'PAT-C_Tables'!$U$3:$V$40,2,FALSE))
AQ30: =IF(D30="",0,(IF(G30=$G$8,1,0)+IF(H30=$H$8,1,0)+IF(I30=$I$8,1,0)+IF(J30=$J$8,1,0)+IF(K30=$K$8,1,0)+IF(L30=$L$8,1,0)+IF(M30=$M$8,1,0)+IF(N30=$N$8,1,0)+IF(O30=$O$8,1,0)+IF(P30=$P$8,1,0)+IF(Q30=$Q$8,1,0)+IF(R30=$R$8,1,0)+IF(S30=$S$8,1,0)+IF(T30=$T$8,1,0)+IF(U30=$U$8,1,0)+IF(V30=$V$8,1,0)+IF(W30=$W$8,1,0)+IF(X30=$X$8,1,0)+IF(Y30=$Y$8,1,0)+IF(Z30=$Z$8,1,0)+IF(AA30=$AA$8,1,0)+IF(AB30=$AB$8,1,0)+IF(AC30=$AC$8,1,0)+IF(AD30=$AD$8,1,0)+IF(AE30=$AE$8,1,0)+IF(AF30=$AF$8,1,0)+IF(AG30=$AG$8,1,0)+IF(AH30=$AH$8,1,0)+IF(AI30=$AI$8,1,0)+IF(AJ30=$AJ$8,1,0)+IF(AK30=$AK$8,1,0)+IF(AL30=$AL$8,1,0)+IF(AM30=$AM$8,1,0)+IF(AN30=$AN$8,1,0)+IF(AO30=$AO$8,1,0)+IF(AP30=$AP$8,1,0))) -> 0 | AR30: =IF(D30="","",VLOOKUP(AQ30,'PAT-C_Tables'!$U$3:$V$40,2,FALSE))
AQ31: =IF(D31="",0,(IF(G31=$G$8,1,0)+IF(H31=$H$8,1,0)+IF(I31=$I$8,1,0)+IF(J31=$J$8,1,0)+IF(K31=$K$8,1,0)+IF(L31=$L$8,1,0)+IF(M31=$M$8,1,0)+IF(N31=$N$8,1,0)+IF(O31=$O$8,1,0)+IF(P31=$P$8,1,0)+IF(Q31=$Q$8,1,0)+IF(R31=$R$8,1,0)+IF(S31=$S$8,1,0)+IF(T31=$T$8,1,0)+IF(U31=$U$8,1,0)+IF(V31=$V$8,1,0)+IF(W31=$W$8,1,0)+IF(X31=$X$8,1,0)+IF(Y31=$Y$8,1,0)+IF(Z31=$Z$8,1,0)+IF(AA31=$AA$8,1,0)+IF(AB31=$AB$8,1,0)+IF(AC31=$AC$8,1,0)+IF(AD31=$AD$8,1,0)+IF(AE31=$AE$8,1,0)+IF(AF31=$AF$8,1,0)+IF(AG31=$AG$8,1,0)+IF(AH31=$AH$8,1,0)+IF(AI31=$AI$8,1,0)+IF(AJ31=$AJ$8,1,0)+IF(AK31=$AK$8,1,0)+IF(AL31=$AL$8,1,0)+IF(AM31=$AM$8,1,0)+IF(AN31=$AN$8,1,0)+IF(AO31=$AO$8,1,0)+IF(AP31=$AP$8,1,0))) -> 0 | AR31: =IF(D31="","",VLOOKUP(AQ31,'PAT-C_Tables'!$U$3:$V$40,2,FALSE))
AQ32: =IF(D32="",0,(IF(G32=$G$8,1,0)+IF(H32=$H$8,1,0)+IF(I32=$I$8,1,0)+IF(J32=$J$8,1,0)+IF(K32=$K$8,1,0)+IF(L32=$L$8,1,0)+IF(M32=$M$8,1,0)+IF(N32=$N$8,1,0)+IF(O32=$O$8,1,0)+IF(P32=$P$8,1,0)+IF(Q32=$Q$8,1,0)+IF(R32=$R$8,1,0)+IF(S32=$S$8,1,0)+IF(T32=$T$8,1,0)+IF(U32=$U$8,1,0)+IF(V32=$V$8,1,0)+IF(W32=$W$8,1,0)+IF(X32=$X$8,1,0)+IF(Y32=$Y$8,1,0)+IF(Z32=$Z$8,1,0)+IF(AA32=$AA$8,1,0)+IF(AB32=$AB$8,1,0)+IF(AC32=$AC$8,1,0)+IF(AD32=$AD$8,1,0)+IF(AE32=$AE$8,1,0)+IF(AF32=$AF$8,1,0)+IF(AG32=$AG$8,1,0)+IF(AH32=$AH$8,1,0)+IF(AI32=$AI$8,1,0)+IF(AJ32=$AJ$8,1,0)+IF(AK32=$AK$8,1,0)+IF(AL32=$AL$8,1,0)+IF(AM32=$AM$8,1,0)+IF(AN32=$AN$8,1,0)+IF(AO32=$AO$8,1,0)+IF(AP32=$AP$8,1,0))) -> 0 | AR32: =IF(D32="","",VLOOKUP(AQ32,'PAT-C_Tables'!$U$3:$V$40,2,FALSE))
AQ33: =IF(D33="",0,(IF(G33=$G$8,1,0)+IF(H33=$H$8,1,0)+IF(I33=$I$8,1,0)+IF(J33=$J$8,1,0)+IF(K33=$K$8,1,0)+IF(L33=$L$8,1,0)+IF(M33=$M$8,1,0)+IF(N33=$N$8,1,0)+IF(O33=$O$8,1,0)+IF(P33=$P$8,1,0)+IF(Q33=$Q$8,1,0)+IF(R33=$R$8,1,0)+IF(S33=$S$8,1,0)+IF(T33=$T$8,1,0)+IF(U33=$U$8,1,0)+IF(V33=$V$8,1,0)+IF(W33=$W$8,1,0)+IF(X33=$X$8,1,0)+IF(Y33=$Y$8,1,0)+IF(Z33=$Z$8,1,0)+IF(AA33=$AA$8,1,0)+IF(AB33=$AB$8,1,0)+IF(AC33=$AC$8,1,0)+IF(AD33=$AD$8,1,0)+IF(AE33=$AE$8,1,0)+IF(AF33=$AF$8,1,0)+IF(AG33=$AG$8,1,0)+IF(AH33=$AH$8,1,0)+IF(AI33=$AI$8,1,0)+IF(AJ33=$AJ$8,1,0)+IF(AK33=$AK$8,1,0)+IF(AL33=$AL$8,1,0)+IF(AM33=$AM$8,1,0)+IF(AN33=$AN$8,1,0)+IF(AO33=$AO$8,1,0)+IF(AP33=$AP$8,1,0))) -> 0 | AR33: =IF(D33="","",VLOOKUP(AQ33,'PAT-C_Tables'!$U$3:$V$40,2,FALSE))
AQ34: =IF(D34="",0,(IF(G34=$G$8,1,0)+IF(H34=$H$8,1,0)+IF(I34=$I$8,1,0)+IF(J34=$J$8,1,0)+IF(K34=$K$8,1,0)+IF(L34=$L$8,1,0)+IF(M34=$M$8,1,0)+IF(N34=$N$8,1,0)+IF(O34=$O$8,1,0)+IF(P34=$P$8,1,0)+IF(Q34=$Q$8,1,0)+IF(R34=$R$8,1,0)+IF(S34=$S$8,1,0)+IF(T34=$T$8,1,0)+IF(U34=$U$8,1,0)+IF(V34=$V$8,1,0)+IF(W34=$W$8,1,0)+IF(X34=$X$8,1,0)+IF(Y34=$Y$8,1,0)+IF(Z34=$Z$8,1,0)+IF(AA34=$AA$8,1,0)+IF(AB34=$AB$8,1,0)+IF(AC34=$AC$8,1,0)+IF(AD34=$AD$8,1,0)+IF(AE34=$AE$8,1,0)+IF(AF34=$AF$8,1,0)+IF(AG34=$AG$8,1,0)+IF(AH34=$AH$8,1,0)+IF(AI34=$AI$8,1,0)+IF(AJ34=$AJ$8,1,0)+IF(AK34=$AK$8,1,0)+IF(AL34=$AL$8,1,0)+IF(AM34=$AM$8,1,0)+IF(AN34=$AN$8,1,0)+IF(AO34=$AO$8,1,0)+IF(AP34=$AP$8,1,0))) -> 0 | AR34: =IF(D34="","",VLOOKUP(AQ34,'PAT-C_Tables'!$U$3:$V$40,2,FALSE))
AQ35: =IF(D35="",0,(IF(G35=$G$8,1,0)+IF(H35=$H$8,1,0)+IF(I35=$I$8,1,0)+IF(J35=$J$8,1,0)+IF(K35=$K$8,1,0)+IF(L35=$L$8,1,0)+IF(M35=$M$8,1,0)+IF(N35=$N$8,1,0)+IF(O35=$O$8,1,0)+IF(P35=$P$8,1,0)+IF(Q35=$Q$8,1,0)+IF(R35=$R$8,1,0)+IF(S35=$S$8,1,0)+IF(T35=$T$8,1,0)+IF(U35=$U$8,1,0)+IF(V35=$V$8,1,0)+IF(W35=$W$8,1,0)+IF(X35=$X$8,1,0)+IF(Y35=$Y$8,1,0)+IF(Z35=$Z$8,1,0)+IF(AA35=$AA$8,1,0)+IF(AB35=$AB$8,1,0)+IF(AC35=$AC$8,1,0)+IF(AD35=$AD$8,1,0)+IF(AE35=$AE$8,1,0)+IF(AF35=$AF$8,1,0)+IF(AG35=$AG$8,1,0)+IF(AH35=$AH$8,1,0)+IF(AI35=$AI$8,1,0)+IF(AJ35=$AJ$8,1,0)+IF(AK35=$AK$8,1,0)+IF(AL35=$AL$8,1,0)+IF(AM35=$AM$8,1,0)+IF(AN35=$AN$8,1,0)+IF(AO35=$AO$8,1,0)+IF(AP35=$AP$8,1,0))) -> 0 | AR35: =IF(D35="","",VLOOKUP(AQ35,'PAT-C_Tables'!$U$3:$V$40,2,FALSE))
AQ36: =IF(D36="",0,(IF(G36=$G$8,1,0)+IF(H36=$H$8,1,0)+IF(I36=$I$8,1,0)+IF(J36=$J$8,1,0)+IF(K36=$K$8,1,0)+IF(L36=$L$8,1,0)+IF(M36=$M$8,1,0)+IF(N36=$N$8,1,0)+IF(O36=$O$8,1,0)+IF(P36=$P$8,1,0)+IF(Q36=$Q$8,1,0)+IF(R36=$R$8,1,0)+IF(S36=$S$8,1,0)+IF(T36=$T$8,1,0)+IF(U36=$U$8,1,0)+IF(V36=$V$8,1,0)+IF(W36=$W$8,1,0)+IF(X36=$X$8,1,0)+IF(Y36=$Y$8,1,0)+IF(Z36=$Z$8,1,0)+IF(AA36=$AA$8,1,0)+IF(AB36=$AB$8,1,0)+IF(AC36=$AC$8,1,0)+IF(AD36=$AD$8,1,0)+IF(AE36=$AE$8,1,0)+IF(AF36=$AF$8,1,0)+IF(AG36=$AG$8,1,0)+IF(AH36=$AH$8,1,0)+IF(AI36=$AI$8,1,0)+IF(AJ36=$AJ$8,1,0)+IF(AK36=$AK$8,1,0)+IF(AL36=$AL$8,1,0)+IF(AM36=$AM$8,1,0)+IF(AN36=$AN$8,1,0)+IF(AO36=$AO$8,1,0)+IF(AP36=$AP$8,1,0))) -> 0 | AR36: =IF(D36="","",VLOOKUP(AQ36,'PAT-C_Tables'!$U$3:$V$40,2,FALSE))
AQ37: =IF(D37="",0,(IF(G37=$G$8,1,0)+IF(H37=$H$8,1,0)+IF(I37=$I$8,1,0)+IF(J37=$J$8,1,0)+IF(K37=$K$8,1,0)+IF(L37=$L$8,1,0)+IF(M37=$M$8,1,0)+IF(N37=$N$8,1,0)+IF(O37=$O$8,1,0)+IF(P37=$P$8,1,0)+IF(Q37=$Q$8,1,0)+IF(R37=$R$8,1,0)+IF(S37=$S$8,1,0)+IF(T37=$T$8,1,0)+IF(U37=$U$8,1,0)+IF(V37=$V$8,1,0)+IF(W37=$W$8,1,0)+IF(X37=$X$8,1,0)+IF(Y37=$Y$8,1,0)+IF(Z37=$Z$8,1,0)+IF(AA37=$AA$8,1,0)+IF(AB37=$AB$8,1,0)+IF(AC37=$AC$8,1,0)+IF(AD37=$AD$8,1,0)+IF(AE37=$AE$8,1,0)+IF(AF37=$AF$8,1,0)+IF(AG37=$AG$8,1,0)+IF(AH37=$AH$8,1,0)+IF(AI37=$AI$8,1,0)+IF(AJ37=$AJ$8,1,0)+IF(AK37=$AK$8,1,0)+IF(AL37=$AL$8,1,0)+IF(AM37=$AM$8,1,0)+IF(AN37=$AN$8,1,0)+IF(AO37=$AO$8,1,0)+IF(AP37=$AP$8,1,0))) -> 0 | AR37: =IF(D37="","",VLOOKUP(AQ37,'PAT-C_Tables'!$U$3:$V$40,2,FALSE))
... AQ503: =IF(D503="",0,(IF(G503=$G$8,1,0)+IF(H503=$H$8,1,0)+IF(I503=$I$8,1,0)+IF(J503=$J$8,1,0)+IF(K503=$K$8,1,0)+IF(L503=$L$8,1,0)+IF(M503=$M$8,1,0)+IF(N503=$N$8,1,0)+IF(O503=$O$8,1,0)+IF(P503=$P$8,1,0)+IF(Q503=$Q$8,1,0)+IF(R503=$R$8,1,0)+IF(S503=$S$8,1,0)+IF(T503=$T$8,1,0)+IF(U503=$U$8,1,0)+IF(V503=$V$8,1,0)+IF(W503=$W$8,1,0)+IF(X503=$X$8,1,0)+IF(Y503=$Y$8,1,0)+IF(Z503=$Z$8,1,0)+IF(AA503=$AA$8,1,0)+IF(AB503=$AB$8,1,0)+IF(AC503=$AC$8,1,0)+IF(AD503=$AD$8,1,0)+IF(AE503=$AE$8,1,0)+IF(AF503=$AF$8,1,0)+IF(AG503=$AG$8,1,0)+IF(AH503=$AH$8,1,0)+IF(AI503=$AI$8,1,0)+IF(AJ503=$AJ$8,1,0)+IF(AK503=$AK$8,1,0)+IF(AL503=$AL$8,1,0)+IF(AM503=$AM$8,1,0)+IF(AN503=$AN$8,1,0)+IF(AO503=$AO$8,1,0)+IF(AP503=$AP$8,1,0))) -> 0 | AR503: =IF(D503="","",VLOOKUP(AQ503,'PAT-C_Tables'!$U$3:$V$40,2,FALSE))

Sheet PAT-C_Tables
A1: Booklet P | C1: Booklet 1 | E1: Booklet 2 | G1: Booklet 3 | I1: Booklet 4 | K1: Booklet 5 | M1: Booklet 6 | O1: Booklet 7 | Q1: Booklet 8 | S1: Booklet 9 | U1: Booklet 10
A2: Raw | B2: PAT-C | C2: Raw | D2: PAT-C | E2: Raw | F2: PAT-C | G2: Raw | H2: PAT-C | I2: Raw | J2: PAT-C | K2: Raw | L2: PAT-C | M2: Raw | N2: PAT-C | O2: Raw | P2: PAT-C | Q2: Raw | R2: PAT-C | S2: Raw | T2: PAT-C | U2: Raw | V2: PAT-C
S3: 37 | T3: 184.6
S4: 36 | T4: 174.4 | U4: 36 | V4: 189.5
M5: 35 | N5: 169 | O5: 35 | P5: 174.3 | S5: 35 | T5: 167 | U5: 35 | V5: 179.3
K6: 34 | L6: 164.4 | M6: 34 | N6: 158.7 | O6: 34 | P6: 163.9 | Q6: 34 | R6: 176.5 | S6: 34 | T6: 162.4 | U6: 34 | V6: 172
K7: 33 | L7: 153.9 | M7: 33 | N7: 151.2 | O7: 33 | P7: 156.4 | Q7: 33 | R7: 166.3 | S7: 33 | T7: 159.1 | U7: 33 | V7: 167.6
K8: 32 | L8: 146.4 | M8: 32 | N8: 146.5 | O8: 32 | P8: 151.8 | Q8: 32 | R8: 158.9 | S8: 32 | T8: 156.3 | U8: 32 | V8: 164.3
K9: 31 | L9: 141.9 | M9: 31 | N9: 143.1 | O9: 31 | P9: 148.3 | Q9: 31 | R9: 154.3 | S9: 31 | T9: 154 | U9: 31 | V9: 161.7
I10: 30 | J10: 157.6 | K10: 30 | L10: 138.5 | M10: 30 | N10: 140.3 | O10: 30 | P10: 145.5 | Q10: 30 | R10: 151 | S10: 30 | T10: 151.9 | U10: 30 | V10: 159.4
I11: 29 | J11: 146.8 | K11: 29 | L11: 135.7 | M11: 29 | N11: 137.9 | O11: 29 | P11: 143 | Q11: 29 | R11: 148.2 | S11: 29 | T11: 150.1 | U11: 29 | V11: 157.5
G12: 28 | H12: 149.3 | I12: 28 | J12: 139.1 | K12: 28 | L12: 133.3 | M12: 28 | N12: 135.8 | O12: 28 | P12: 140.9 | Q12: 28 | R12: 145.9 | S12: 28 | T12: 148.3 | U12: 28 | V12: 155.7
G13: 27 | H13: 138.7 | I13: 27 | J13: 134.2 | K13: 27 | L13: 131.2 | M13: 27 | N13: 133.8 | O13: 27 | P13: 138.9 | Q13: 27 | R13: 143.8 | S13: 27 | T13: 146.7 | U13: 27 | V13: 154.1
G14: 26 | H14: 131 | I14: 26 | J14: 130.6 | K14: 26 | L14: 129.3 | M14: 26 | N14: 132.1 | O14: 26 | P14: 137.1 | Q14: 26 | R14: 141.9 | S14: 26 | T14: 145.2 | U14: 26 | V14: 152.5
E15: 25 | F15: 140 | G15: 25 | H15: 126.2 | I15: 25 | J15: 127.6 | K15: 25 | L15: 127.6 | M15: 25 | N15: 130.4 | O15: 25 | P15: 135.4 | Q15: 25 | R15: 140.2 | S15: 25 | T15: 143.7 | U15: 25 | V15: 151.1
E16: 24 | F16: 129.4 | G16: 24 | H16: 122.5 | I16: 24 | J16: 125 | K16: 24 | L16: 125.9 | M16: 24 | N16: 128.8 | O16: 24 | P16: 133.7 | Q16: 24 | R16: 138.5 | S16: 24 | T16: 142.3 | U16: 24 | V16: 149.7
A17: 23 | B17: 122.1 | E17: 23 | F17: 121.7 | G17: 23 | H17: 119.5 | I17: 23 | J17: 122.6 | K17: 23 | L17: 124.3 | M17: 23 | N17: 127.3 | O17: 23 | P17: 132.1 | Q17: 23 | R17: 136.9 | S17: 23 | T17: 141 | U17: 23 | V17: 148.4
A18: 22 | B18: 109.8 | E18: 22 | F18: 116.9 | G18: 22 | H18: 116.9 | I18: 22 | J18: 120.5 | K18: 22 | L18: 122.8 | M18: 22 | N18: 125.8 | O18: 22 | P18: 130.6 | Q18: 22 | R18: 135.4 | S18: 22 | T18: 139.6 | U18: 22 | V18: 147.1
A19: 21 | B19: 100.4 | E19: 21 | F19: 113.2 | G19: 21 | H19: 114.5 | I19: 21 | J19: 118.5 | K19: 21 | L19: 121.3 | M19: 21 | N19: 124.4 | O19: 21 | P19: 129.2 | Q19: 21 | R19: 134 | S19: 21 | T19: 138.3 | U19: 21 | V19: 145.9
A20: 20 | B20: 93.9 | E20: 20 | F20: 110.1 | G20: 20 | H20: 112.4 | I20: 20 | J20: 116.6 | K20: 20 | L20: 119.9 | M20: 20 | N20: 123 | O20: 20 | P20: 127.7 | Q20: 20 | R20: 132.6 | S20: 20 | T20: 137 | U20: 20 | V20: 144.6
A21: 19 | B21: 88.9 | E21: 19 | F21: 107.5 | G21: 19 | H21: 110.3 | I21: 19 | J21: 114.8 | K21: 19 | L21: 118.5 | M21: 19 | N21: 121.6 | O21: 19 | P21: 126.3 | Q21: 19 | R21: 131.1 | S21: 19 | T21: 135.7 | U21: 19 | V21: 143.4
A22: 18 | B22: 84.7 | C22: 18 | D22: 121.5 | E22: 18 | F22: 105 | G22: 18 | H22: 108.4 | I22: 18 | J22: 113 | K22: 18 | L22: 117.1 | M22: 18 | N22: 120.2 | O22: 18 | P22: 124.9 | Q22: 18 | R22: 129.8 | S22: 18 | T22: 134.4 | U22: 18 | V22: 142.2
A23: 17 | B23: 81.1 | C23: 17 | D23: 110.8 | E23: 17 | F23: 102.8 | G23: 17 | H23: 106.6 | I23: 17 | J23: 111.2 | K23: 17 | L23: 115.7 | M23: 17 | N23: 118.9 | O23: 17 | P23: 123.5 | Q23: 17 | R23: 128.4 | S23: 17 | T23: 133.1 | U23: 17 | V23: 141
A24: 16 | B24: 77.9 | C24: 16 | D24: 102.6 | E24: 16 | F24: 100.7 | G24: 16 | H24: 104.8 | I24: 16 | J24: 109.5 | K24: 16 | L24: 114.3 | M24: 16 | N24: 117.5 | O24: 16 | P24: 122 | Q24: 16 | R24: 126.9 | S24: 16 | T24: 131.8 | U24: 16 | V24: 139.7
A25: 15 | B25: 75 | C25: 15 | D25: 97.2 | E25: 15 | F25: 98.7 | G25: 15 | H25: 103 | I25: 15 | J25: 107.8 | K25: 15 | L25: 112.8 | M25: 15 | N25: 116.1 | O25: 15 | P25: 120.6 | Q25: 15 | R25: 125.5 | S25: 15 | T25: 130.4 | U25: 15 | V25: 138.5
A26: 14 | B26: 72.3 | C26: 14 | D26: 93 | E26: 14 | F26: 96.8 | G26: 14 | H26: 101.3 | I26: 14 | J26: 106.1 | K26: 14 | L26: 111.4 | M26: 14 | N26: 114.7 | O26: 14 | P26: 119.2 | Q26: 14 | R26: 124.1 | S26: 14 | T26: 129.1 | U26: 14 | V26: 137.2
A27: 13 | B27: 69.8 | C27: 13 | D27: 89.3 | E27: 13 | F27: 94.9 | G27: 13 | H27: 99.5 | I27: 13 | J27: 104.3 | K27: 13 | L27: 109.9 | M27: 13 | N27: 113.2 | O27: 13 | P27: 117.7 | Q27: 13 | R27: 122.6 | S27: 13 | T27: 127.7 | U27: 13 | V27: 135.9
A28: 12 | B28: 67.3 | C28: 12 | D28: 85.9 | E28: 12 | F28: 93 | G28: 12 | H28: 97.7 | I28: 12 | J28: 102.6 | K28: 12 | L28: 108.4 | M28: 12 | N28: 111.7 | O28: 12 | P28: 116.2 | Q28: 12 | R28: 121 | S28: 12 | T28: 126.2 | U28: 12 | V28: 134.6
A29: 11 | B29: 64.9 | C29: 11 | D29: 82.7 | E29: 11 | F29: 91 | G29: 11 | H29: 95.9 | I29: 11 | J29: 100.8 | K29: 11 | L29: 106.8 | M29: 11 | N29: 110.1 | O29: 11 | P29: 114.6 | Q29: 11 | R29: 119.4 | S29: 11 | T29: 124.7 | U29: 11 | V29: 133.2
A30: 10 | B30: 62.5 | C30: 10 | D30: 79.6 | E30: 10 | F30: 89.1 | G30: 10 | H30: 94.1 | I30: 10 | J30: 98.9 | K30: 10 | L30: 105.2 | M30: 10 | N30: 108.4 | O30: 10 | P30: 113 | Q30: 10 | R30: 117.8 | S30: 10 | T30: 123.1 | U30: 10 | V30: 131.7
A31: 9 | B31: 60.1 | C31: 9 | D31: 76.5 | E31: 9 | F31: 87.1 | G31: 9 | H31: 92.1 | I31: 9 | J31: 96.9 | K31: 9 | L31: 103.4 | M31: 9 | N31: 106.7 | O31: 9 | P31: 111.3 | Q31: 9 | R31: 116 | S31: 9 | T31: 121.4 | U31: 9 | V31: 130.1
A32: 8 | B32: 57.7 | C32: 8 | D32: 73.4 | E32: 8 | F32: 85 | G32: 8 | H32: 90.1 | I32: 8 | J32: 94.9 | K32: 8 | L32: 101.5 | M32: 8 | N32: 104.8 | O32: 8 | P32: 109.5 | Q32: 8 | R32: 114 | S32: 8 | T32: 119.6 | U32: 8 | V32: 128.5
A33: 7 | B33: 55.1 | C33: 7 | D33: 70.2 | E33: 7 | F33: 82.8 | G33: 7 | H33: 87.9 | I33: 7 | J33: 92.7 | K33: 7 | L33: 99.5 | M33: 7 | N33: 102.7 | O33: 7 | P33: 107.5 | Q33: 7 | R33: 111.9 | S33: 7 | T33: 117.6 | U33: 7 | V33: 126.6
... A40: 0 | B40: 18.9 | C40: 0 | D40: 27 | E40: 0 | F40: 47.8 | G40: 0 | H40: 53 | I40: 0 | J40: 58.1 | K40: 0 | L40: 65.2 | M40: 0 | N40: 67.4 | O40: 0 | P40: 73.8 | Q40: 0 | R40: 76.9 | S40: 0 | T40: 84.1 | U40: 0 | V40: 94.4
